garment_id,photo_id,image_url,photo_angle,garment_category,garment_subcategory,fiber,brand,original_price_inr,age_months,times_worn,damage_ratio,stain_ratio,wear_zone_ratio,fiber_degradation,damage_types,damage_location,condition_score,human_condition_label,glie_routing,annotator_id,annotation_confidence
8f131c28-e373-f723-73b7-9cd652cf014a,2227bcdb-aac0-83ae-6a66-3555d92974f2,synthetic/kurta_Standard_Cotton_0.jpg,front,kurta,Cotton,Standard Cotton,Unbranded,7889,59,149,0,0,0,0.001,none,overall,1,like_new,RESELL,synthetic_v1,0.95
ee7b1891-bf6b-16f3-cadf-6e13623b79d2,7a6bf8e1-b866-0285-a54c-65775b262a49,synthetic/kurta_Mulberry_Silk_0.jpg,front,kurta,Silk,Mulberry Silk,Zara,8624,4,139,0,0,0,0.001,none,sleeve,0.99,like_new,RESELL,synthetic_v1,0.95
9ca4a9dd-579e-d93b-4b7b-a27fc06cd4ff,412085e9-634c-7922-ab45-b328d90f295b,synthetic/kurta_Wool_0.jpg,front,kurta,Merino Wool,Wool,H&M,5929,9,43,0,0,0,0.001,none,hem,1,like_new,RESELL,synthetic_v1,0.95
2eba5f2f-d209-171d-a226-87c5c8f8e75e,1a568e6d-ca64-cdcb-99c1-c0540c6d98eb,synthetic/kurta_Linen_0.jpg,front,kurta,Linen,Linen,FabIndia,8918,15,140,0,0,0.001,0.001,none,collar,0.97,like_new,RESELL,synthetic_v1,0.95
d61c5368-79cc-7906-82f8-2752026bfbcb,9acbbfca-b702-93cb-03e2-05f34862d022,synthetic/kurta_Recycled_Polyester_0.jpg,front,kurta,Recycled Poly,Recycled Polyester,Urbanic,4508,24,52,0,0,0.001,0.001,none,pocket,1,like_new,RESELL,synthetic_v1,0.95
7b4a4052-3826-35fa-5235-40e95602c18c,198dcbbb-bb53-8a96-df7f-7956803ddf2e,synthetic/kurta_Polyester_0.jpg,front,kurta,Polyester,Polyester,Zudio,2744,39,12,0,0,0.001,0.001,none,knee,0.95,like_new,UPCYCLE,synthetic_v1,0.95
d95178ac-5ba4-9b00-8eb0-340130ba8746,36f0c247-3f1a-b7ed-5d54-5cf29e270529,synthetic/kurta_Nylon_0.jpg,front,kurta,Nylon,Nylon,Udyog,735,51,59,0,0,0.001,0.001,none,back,1,like_new,RESELL,synthetic_v1,0.95
5537faaf-3e6d-34c5-cf55-aec505f5699f,8b958af7-f15e-3720-9366-e1bb27418d49,synthetic/kurta_Viscose_0.jpg,front,kurta,Viscose,Viscose,Nexa,7252,13,89,0,0.001,0.001,0.001,none,overall,0.93,like_new,RESELL,synthetic_v1,0.95
4e86939e-c35b-0a72-9790-80d73c82d9af,b55c465a-a3bc-2ced-47d1-3abfdf1eacdf,synthetic/saree_Standard_Cotton_0.jpg,front,saree,Cotton,Standard Cotton,Unbranded,6566,6,145,0,0.001,0.001,0.001,none,sleeve,1,like_new,RESELL,synthetic_v1,0.95
3488eb33-89f3-9fe1-c9e4-f85d2d33df2a,e3f2475d-8182-e85f-e41f-358f47991360,synthetic/saree_Mulberry_Silk_0.jpg,front,saree,Silk,Mulberry Silk,Zara,8722,32,26,0,0.001,0.001,0.001,none,hem,0.91,like_new,RESELL,synthetic_v1,0.95
f5377624-36f1-90c1-551a-e3f4745f21fd,a3d8d0f1-afb0-a802-ce9a-c8aed4c0071e,synthetic/saree_Wool_0.jpg,front,saree,Merino Wool,Wool,H&M,2009,34,72,0.001,0.001,0.001,0.001,none,collar,1,like_new,RESELL,synthetic_v1,0.95
8ea1aaaa-b20b-1d43-b0ff-de4ea4ffd922,75fd9ab6-0aed-283f-e0cd-f1386b109328,synthetic/saree_Linen_0.jpg,front,saree,Linen,Linen,FabIndia,8036,2,134,0.001,0.001,0.001,0.001,none,pocket,0.99,like_new,RESELL,synthetic_v1,0.95
35845040-46ab-5b50-62fc-f4c855401529,a1324fba-1015-72cf-dae2-7a312504cfb3,synthetic/saree_Recycled_Polyester_0.jpg,front,saree,Recycled Poly,Recycled Polyester,Urbanic,2548,24,143,0.001,0.001,0.001,0.001,none,knee,1,like_new,RESELL,synthetic_v1,0.95
fb1a981a-d5ed-9a26-e44c-79d176be85b9,c45e49c5-ba18-77e4-33cc-8ab168657012,synthetic/saree_Polyester_0.jpg,front,saree,Polyester,Polyester,Zudio,3381,59,74,0.001,0.001,0.001,0.001,none,back,0.97,like_new,UPCYCLE,synthetic_v1,0.95
c03c2e3e-3614-fb2f-cf40-772e0d7495da,c2f900cb-b34a-d8fb-b72b-3199e56b52bc,synthetic/saree_Nylon_0.jpg,front,saree,Nylon,Nylon,Udyog,3430,46,154,0.001,0.001,0.001,0.001,none,overall,1,like_new,RESELL,synthetic_v1,0.95
d7eaadfb-5676-b37c-45b2-290c64a437a3,7323a7aa-b767-c772-66d3-b25f64437fa9,synthetic/saree_Viscose_0.jpg,front,saree,Viscose,Viscose,Nexa,1225,11,171,0.001,0.001,0.001,0.001,none,sleeve,0.95,like_new,RESELL,synthetic_v1,0.95
bf1029c8-3bd6-afa8-ef5c-768f6fd64170,2559df10-ae51-e4a1-1a41-3bea647b8ca4,synthetic/jeans_Standard_Cotton_0.jpg,front,jeans,Cotton,Standard Cotton,Unbranded,686,40,8,0.001,0.001,0.001,0.001,none,hem,1,like_new,RESELL,synthetic_v1,0.95
d0df417e-fb82-6bea-8839-0d48d9fa96ae,18e6dbda-41fa-b400-ba81-2d46270d2d43,synthetic/jeans_Mulberry_Silk_0.jpg,front,jeans,Silk,Mulberry Silk,Zara,784,9,48,0.001,0.001,0.001,0.001,none,collar,0.93,like_new,RESELL,synthetic_v1,0.95
d4656ba2-b71f-a317-3f53-6c398900ad91,69eb975a-fa97-8ba5-9ef9-ed04ea075766,synthetic/jeans_Wool_0.jpg,front,jeans,Merino Wool,Wool,H&M,7546,16,183,0.001,0.001,0.001,0.001,none,pocket,1,like_new,RESELL,synthetic_v1,0.95
c076e5eb-d27d-4cda-f400-77f34496d5cc,c4a85fd5-70cc-15ce-11cb-6994f82e977f,synthetic/jeans_Linen_0.jpg,front,jeans,Linen,Linen,FabIndia,8918,21,181,0.001,0.001,0.001,0.002,none,knee,0.91,like_new,RESELL,synthetic_v1,0.95
7dd15273-e8f3-d447-e2d8-f211636f5024,c0e978b9-40ce-eeec-4234-7a25d70ac069,synthetic/jeans_Recycled_Polyester_0.jpg,front,jeans,Recycled Poly,Recycled Polyester,Urbanic,5635,3,96,0.001,0.001,0.001,0.002,none,back,1,like_new,RESELL,synthetic_v1,0.95
89aa495b-3fdc-adce-d380-caa18abd9822,24d8d660-1a0b-26ba-6af3-f8f85f4d77e5,synthetic/jeans_Polyester_0.jpg,front,jeans,Polyester,Polyester,Zudio,4802,6,88,0.001,0.001,0.001,0.002,none,overall,0.99,like_new,UPCYCLE,synthetic_v1,0.95
68c355d5-7561-8ab6-f9bd-19ff59d6a633,05760870-c164-5b6e-524e-e38ff3022596,synthetic/jeans_Nylon_0.jpg,front,jeans,Nylon,Nylon,Udyog,784,39,179,0.001,0.001,0.001,0.002,none,sleeve,1,like_new,RESELL,synthetic_v1,0.95
83963ddb-b608-a888-595d-f06be15e878c,7aa27363-6018-3713-af49-1b802ded4624,synthetic/jeans_Viscose_0.jpg,front,jeans,Viscose,Viscose,Nexa,637,15,72,0.001,0.001,0.002,0.002,none,hem,0.97,like_new,RESELL,synthetic_v1,0.95
c4919be6-12e1-72cb-0524-aa9ccdd46d3e,578365aa-5e5b-eeb2-1b4b-8e28e518ac9e,synthetic/jacket_Standard_Cotton_0.jpg,front,jacket,Cotton,Standard Cotton,Unbranded,8134,38,53,0.001,0.001,0.002,0.002,none,collar,1,like_new,RESELL,synthetic_v1,0.95
9521abbc-701b-0633-8b1d-3b30ed04a4df,959d9efc-17e1-ff8a-9ab7-3b427306328f,synthetic/jacket_Mulberry_Silk_0.jpg,front,jacket,Silk,Mulberry Silk,Zara,6566,10,110,0.001,0.001,0.002,0.002,none,pocket,0.95,like_new,RESELL,synthetic_v1,0.95
9a713ecd-e1e3-5fd6-6f69-8fc79066afbe,291291ae-545b-165f-858e-35087f5bafea,synthetic/jacket_Wool_0.jpg,front,jacket,Merino Wool,Wool,H&M,7399,40,104,0.001,0.001,0.002,0.002,none,knee,1,like_new,RESELL,synthetic_v1,0.95
485bc390-d492-b513-d426-7e3dde599575,a36075e8-0515-2c82-458c-b7e7d55e940f,synthetic/jacket_Linen_0.jpg,front,jacket,Linen,Linen,FabIndia,3234,38,21,0.001,0.002,0.002,0.002,none,back,0.93,like_new,RESELL,synthetic_v1,0.95
60d2d43a-e00d-d3f2-f40a-f4acdc1dc30f,da1ee00c-2cc6-aabc-0377-7001d62126c2,synthetic/jacket_Recycled_Polyester_0.jpg,front,jacket,Recycled Poly,Recycled Polyester,Urbanic,4361,59,177,0.001,0.002,0.002,0.002,none,overall,1,like_new,RESELL,synthetic_v1,0.95
0c275952-a39a-5e9c-5199-37e31a202956,6f311669-08ca-f93a-219b-0770a5636c08,synthetic/jacket_Polyester_0.jpg,front,jacket,Polyester,Polyester,Zudio,1323,58,90,0.001,0.002,0.002,0.002,none,sleeve,0.91,like_new,UPCYCLE,synthetic_v1,0.95
50f5948a-3bf4-6f75-8b18-aa95a51aab63,7efa5b39-0769-ae6c-6146-286596c5ec83,synthetic/jacket_Nylon_0.jpg,front,jacket,Nylon,Nylon,Udyog,7350,32,43,0.002,0.002,0.002,0.002,none,hem,1,like_new,RESELL,synthetic_v1,0.95
1f8c4a58-07c1-c678-4757-a72d49c70b0c,eb2dd941-ffdf-29cd-9405-373864c8e998,synthetic/jacket_Viscose_0.jpg,front,jacket,Viscose,Viscose,Nexa,8281,27,191,0.002,0.002,0.002,0.002,none,collar,0.99,like_new,RESELL,synthetic_v1,0.95
3769e850-b8b8-3cd7-8bab-cdb6d7537dde,4a6e599a-ef2c-ad7b-2889-8907c413fc03,synthetic/trousers_Standard_Cotton_0.jpg,front,trousers,Cotton,Standard Cotton,Unbranded,8330,24,82,0.002,0.002,0.002,0.002,none,pocket,1,like_new,RESELL,synthetic_v1,0.95
acf63896-ff36-bd04-84fe-34a9e96db4b9,abb0eaa8-9d54-2cdb-0c16-7fd742b4cc47,synthetic/trousers_Mulberry_Silk_0.jpg,front,trousers,Silk,Mulberry Silk,Zara,6811,57,44,0.002,0.002,0.002,0.002,none,knee,0.97,like_new,RESELL,synthetic_v1,0.95
19d19cbe-7da4-354a-ba98-3a47f153bb93,2eacb6bb-a545-5d5f-700a-91d8f9943f31,synthetic/trousers_Wool_0.jpg,front,trousers,Merino Wool,Wool,H&M,4410,19,158,0.002,0.002,0.002,0.002,none,back,1,like_new,RESELL,synthetic_v1,0.95
08b6470e-de98-4953-ae14-ad405fb57970,9cb38393-4c51-4422-b132-304deb72404f,synthetic/trousers_Linen_0.jpg,front,trousers,Linen,Linen,FabIndia,4018,20,14,0.002,0.002,0.002,0.002,none,overall,0.95,like_new,RESELL,synthetic_v1,0.95
69728d9f-6ca2-f870-49d9-55b2b8bc404b,81ace9bc-b574-0621-fb9b-4c5af90382f0,synthetic/trousers_Recycled_Polyester_0.jpg,front,trousers,Recycled Poly,Recycled Polyester,Urbanic,7693,23,170,0.002,0.002,0.002,0.002,none,sleeve,1,like_new,RESELL,synthetic_v1,0.95
2940837d-e631-43d0-0e67-2a1000462cc6,87037b69-2dbb-544a-f5ce-23259a82c3a6,synthetic/trousers_Polyester_0.jpg,front,trousers,Polyester,Polyester,Zudio,1372,52,12,0.002,0.002,0.002,0.002,none,hem,0.93,like_new,UPCYCLE,synthetic_v1,0.95
d50fd211-b7da-78ed-8507-06b1ce76188c,efb32671-712f-1c1f-a794-7c928b71bfbc,synthetic/trousers_Nylon_0.jpg,front,trousers,Nylon,Nylon,Udyog,1715,19,14,0.002,0.002,0.002,0.002,none,collar,1,like_new,RESELL,synthetic_v1,0.95
de9aadea-cce7-78d3-1d15-8e9815511255,42844c4a-199c-79de-852d-0d523c85f1b5,synthetic/trousers_Viscose_0.jpg,front,trousers,Viscose,Viscose,Nexa,8624,37,95,0.002,0.002,0.002,0.003,none,pocket,0.91,like_new,RESELL,synthetic_v1,0.95
46ae5245-af1f-d89c-e7f6-91ae5314ddc7,78cc5334-2b72-77ee-ef7b-380ec68e3932,synthetic/shirt_Standard_Cotton_0.jpg,front,shirt,Cotton,Standard Cotton,Unbranded,5047,14,27,0.002,0.002,0.002,0.003,none,knee,1,like_new,RESELL,synthetic_v1,0.95
7c2fd468-d494-86b9-b15f-418f58db41ae,850f7074-4a2e-fab4-7bc1-b924331fda81,synthetic/shirt_Mulberry_Silk_0.jpg,front,shirt,Silk,Mulberry Silk,Zara,7105,37,190,0.002,0.002,0.002,0.003,none,back,0.99,like_new,RESELL,synthetic_v1,0.95
c0c3b3d2-552a-8556-6feb-03203701d007,14e716da-40de-af46-a256-56cb46ad0410,synthetic/shirt_Wool_0.jpg,front,shirt,Merino Wool,Wool,H&M,4508,24,38,0.002,0.002,0.002,0.003,none,overall,1,like_new,RESELL,synthetic_v1,0.95
8517d138-9602-6a9d-37d2-5b4a8b9218ec,14779ab9-dc25-099b-f029-1a0cdbae258d,synthetic/shirt_Linen_0.jpg,front,shirt,Linen,Linen,FabIndia,1519,33,178,0.002,0.002,0.003,0.003,none,sleeve,0.97,like_new,RESELL,synthetic_v1,0.95
02dad4fd-a636-40f4-4e2e-4d7435e7d89d,29f815bc-87f9-a948-ce64-081f79d272bc,synthetic/shirt_Recycled_Polyester_0.jpg,front,shirt,Recycled Poly,Recycled Polyester,Urbanic,8869,48,132,0.002,0.002,0.003,0.003,none,hem,1,like_new,RESELL,synthetic_v1,0.95
2133bd6a-16f4-bcc2-6c5f-84a62ee2d699,4990d4a3-a61e-f929-5762-baf5a52ada1c,synthetic/shirt_Polyester_0.jpg,front,shirt,Polyester,Polyester,Zudio,8967,29,182,0.002,0.002,0.003,0.003,none,collar,0.95,like_new,UPCYCLE,synthetic_v1,0.95
95257106-1bea-a001-a00f-8f28b9aebd84,aa4aca08-6cc2-f5ad-c36b-66d06d000de8,synthetic/shirt_Nylon_0.jpg,front,shirt,Nylon,Nylon,Udyog,8330,11,125,0.002,0.002,0.003,0.003,none,pocket,1,like_new,RESELL,synthetic_v1,0.95
176d79bd-73ed-e2e9-f62e-6e8f039f1201,f56a26fd-3c29-320e-d076-39bc0813f282,synthetic/shirt_Viscose_0.jpg,front,shirt,Viscose,Viscose,Nexa,7644,13,66,0.002,0.003,0.003,0.003,none,knee,0.93,like_new,RESELL,synthetic_v1,0.95
3a9acf34-73a4-b591-eafd-e9470f7a8df9,79430220-e2b8-3590-075b-f6f3b810c777,synthetic/tshirt_Standard_Cotton_0.jpg,front,tshirt,Cotton,Standard Cotton,Unbranded,5684,39,18,0.002,0.003,0.003,0.003,none,back,1,like_new,RESELL,synthetic_v1,0.95
bf0a845d-1491-1450-25d0-2f1f08549791,0b5bdde5-9fc0-3d1e-d463-3d008be6e161,synthetic/tshirt_Mulberry_Silk_0.jpg,front,tshirt,Silk,Mulberry Silk,Zara,3234,7,171,0.002,0.003,0.003,0.003,none,overall,0.91,like_new,RESELL,synthetic_v1,0.95
18c7d546-4842-06e2-935b-17e848338c31,32898dd0-75d8-eca5-51f2-fbbf52cff164,synthetic/tshirt_Wool_0.jpg,front,tshirt,Merino Wool,Wool,H&M,2254,14,4,0.003,0.003,0.003,0.003,none,sleeve,1,like_new,RESELL,synthetic_v1,0.95
ff4feed1-a992-fa08-321a-57738205a1d0,8190c15c-77ad-72da-f2cf-9c2709d8286e,synthetic/tshirt_Linen_0.jpg,front,tshirt,Linen,Linen,FabIndia,5439,37,114,0.003,0.003,0.003,0.003,none,hem,0.99,like_new,RESELL,synthetic_v1,0.95
7fe2d7b7-1c04-fc93-d98f-966d0ee838e9,d8b1697a-7668-49a9-8451-e43a481b65a7,synthetic/tshirt_Recycled_Polyester_0.jpg,front,tshirt,Recycled Poly,Recycled Polyester,Urbanic,4018,38,54,0.003,0.003,0.003,0.003,none,collar,1,like_new,RESELL,synthetic_v1,0.95
2397ff31-054b-e3f7-6d4a-79f888e74bb3,c6853832-f0d8-7a61-f9f9-1313dce8925d,synthetic/tshirt_Polyester_0.jpg,front,tshirt,Polyester,Polyester,Zudio,6517,11,92,0.003,0.003,0.003,0.003,none,pocket,0.97,like_new,UPCYCLE,synthetic_v1,0.95
7a42fc1e-e37e-f6d0-b26e-58a12f9e6889,55c23b54-12cb-d1a8-4672-4b239ce52ecf,synthetic/tshirt_Nylon_0.jpg,front,tshirt,Nylon,Nylon,Udyog,6615,13,153,0.003,0.003,0.003,0.003,none,knee,1,like_new,RESELL,synthetic_v1,0.95
a1c349c8-4cca-a554-e261-6b888c82edd9,39fdd609-cf23-063f-1760-ee7593fabe7e,synthetic/tshirt_Viscose_0.jpg,front,tshirt,Viscose,Viscose,Nexa,8967,25,24,0.003,0.003,0.003,0.003,none,back,0.95,like_new,RESELL,synthetic_v1,0.95
e7d955dd-5775-e49e-976f-c7187e100341,7acacc7a-707a-5979-eb56-9cb98b0de16e,synthetic/dress_Standard_Cotton_0.jpg,front,dress,Cotton,Standard Cotton,Unbranded,3724,30,29,0.003,0.003,0.003,0.003,none,overall,1,like_new,RESELL,synthetic_v1,0.95
aab7ac44-a670-6f91-33bf-cf7bca55c808,5cb6f1db-4e0d-4bbc-c3f3-592ad8e00126,synthetic/dress_Mulberry_Silk_0.jpg,front,dress,Silk,Mulberry Silk,Zara,8036,9,138,0.003,0.003,0.003,0.003,none,sleeve,0.93,like_new,RESELL,synthetic_v1,0.95
dead3cbe-6dba-b1c2-3204-b8d3d32221e4,bd663cc9-0c09-cbb2-7bcc-ac5d02c45996,synthetic/dress_Wool_0.jpg,front,dress,Merino Wool,Wool,H&M,539,57,147,0.003,0.003,0.003,0.003,none,hem,1,like_new,RESELL,synthetic_v1,0.95
6b84a20e-47a0-4702-092d-bf7a08565347,645abd34-7f05-9f8c-7165-3f61427fcf6d,synthetic/dress_Linen_0.jpg,front,dress,Linen,Linen,FabIndia,6713,6,59,0.003,0.003,0.003,0.004,none,collar,0.91,like_new,RESELL,synthetic_v1,0.95
4ee21b01-883a-018d-ce5b-a9bd2b296981,626e999a-bfcf-bbb3-0a18-0c72f70f0f72,synthetic/dress_Recycled_Polyester_0.jpg,front,dress,Recycled Poly,Recycled Polyester,Urbanic,1078,11,77,0.003,0.003,0.003,0.004,none,pocket,1,like_new,RESELL,synthetic_v1,0.95
6788bf47-a0e7-d5e0-d011-e6ffd4f3f84f,0d510436-b40f-00ca-6e18-5779cef6190f,synthetic/dress_Polyester_0.jpg,front,dress,Polyester,Polyester,Zudio,3185,23,11,0.003,0.003,0.003,0.004,none,knee,0.99,like_new,UPCYCLE,synthetic_v1,0.95
a0cb20c7-3854-3dfc-5491-996fb48468da,f216e8a9-b4e0-5ba4-14ca-2a79e2ee365e,synthetic/dress_Nylon_0.jpg,front,dress,Nylon,Nylon,Udyog,4116,30,116,0.003,0.003,0.003,0.004,none,back,1,like_new,RESELL,synthetic_v1,0.95
ff20889b-9526-9315-5ddf-2631c6542a5e,e2163d0e-7d2a-8921-a5e6-f05fe7c759bf,synthetic/dress_Viscose_0.jpg,front,dress,Viscose,Viscose,Nexa,8869,29,3,0.003,0.003,0.004,0.004,none,overall,0.97,like_new,RESELL,synthetic_v1,0.95
c4ee7ac3-edc1-f7b5-cf55-0baaf5a256e0,ac803253-dbce-bd9f-68ce-868187f77f46,synthetic/blouse_Standard_Cotton_0.jpg,front,blouse,Cotton,Standard Cotton,Unbranded,3675,33,74,0.003,0.003,0.004,0.004,none,sleeve,1,like_new,RESELL,synthetic_v1,0.95
7208c0c0-4ce4-ae76-c6a4-3dec81cfd421,cc68f5bd-a740-d9ed-64cb-43b35bb51d58,synthetic/blouse_Mulberry_Silk_0.jpg,front,blouse,Silk,Mulberry Silk,Zara,1078,10,50,0.003,0.003,0.004,0.004,none,hem,0.95,like_new,RESELL,synthetic_v1,0.95
e9270595-1521-4bf7-96b1-496c614a8779,a33b2dae-1870-5992-4c4e-4a0f9a898c6d,synthetic/blouse_Wool_0.jpg,front,blouse,Merino Wool,Wool,H&M,8820,25,1,0.003,0.003,0.004,0.004,none,collar,1,like_new,RESELL,synthetic_v1,0.95
36e85670-1632-36dc-76a3-eab0294b0cda,4b7f6e5f-cccc-3247-876d-92f536f7796d,synthetic/blouse_Linen_0.jpg,front,blouse,Linen,Linen,FabIndia,5586,23,35,0.003,0.004,0.004,0.004,none,pocket,0.93,like_new,RESELL,synthetic_v1,0.95
869df712-6641-d821-655a-97d9cc11845f,344cea9f-214a-080b-b667-85c3c3951e64,synthetic/blouse_Recycled_Polyester_0.jpg,front,blouse,Recycled Poly,Recycled Polyester,Urbanic,5929,24,174,0.003,0.004,0.004,0.004,none,knee,1,like_new,RESELL,synthetic_v1,0.95
66c74435-28dd-4cd5-c119-14d4318b40a7,93108663-8931-ecb1-e224-5ed19e7122bf,synthetic/blouse_Polyester_0.jpg,front,blouse,Polyester,Polyester,Zudio,3724,51,8,0.003,0.004,0.004,0.004,none,back,0.91,like_new,UPCYCLE,synthetic_v1,0.95
cc68f7ca-d1af-d750-ad7c-66be3a050ebf,b76ec37a-df67-2b24-cab3-7ff1b2021c1f,synthetic/blouse_Nylon_0.jpg,front,blouse,Nylon,Nylon,Udyog,6909,16,47,0.004,0.004,0.004,0.004,none,overall,1,like_new,RESELL,synthetic_v1,0.95
64abc957-fbf9-07cc-a456-8194a2656c4f,ed81405f-3156-9f90-9370-59eeae91e606,synthetic/blouse_Viscose_0.jpg,front,blouse,Viscose,Viscose,Nexa,3528,37,156,0.004,0.004,0.004,0.004,none,sleeve,0.99,like_new,RESELL,synthetic_v1,0.95
831069c6-512c-8418-8b02-a2b67c16d3b8,0bb69b44-e4ce-50d0-fd04-5c5aa7a3b5b6,synthetic/lehenga_Standard_Cotton_0.jpg,front,lehenga,Cotton,Standard Cotton,Unbranded,637,51,76,0.004,0.004,0.004,0.004,none,hem,1,like_new,RESELL,synthetic_v1,0.95
b4c74cfd-5293-4c3e-5f33-50a1f625c77d,973c596c-433a-149a-a6be-9e8566a2264c,synthetic/lehenga_Mulberry_Silk_0.jpg,front,lehenga,Silk,Mulberry Silk,Zara,3871,10,134,0.004,0.004,0.004,0.004,none,collar,0.97,like_new,RESELL,synthetic_v1,0.95
f2fa2668-9bfd-f131-f2b4-5fc689f8ca35,583edb73-6577-5a3f-b906-b1c30dad373e,synthetic/lehenga_Wool_0.jpg,front,lehenga,Merino Wool,Wool,H&M,7595,31,157,0.004,0.004,0.004,0.004,none,pocket,1,like_new,RESELL,synthetic_v1,0.95
11520336-6d89-4940-512a-4b93109f44cc,3d79d5f2-3fb9-3fdb-00bf-f20cfe46c013,synthetic/lehenga_Linen_0.jpg,front,lehenga,Linen,Linen,FabIndia,2695,36,177,0.004,0.004,0.004,0.004,none,knee,0.95,like_new,RESELL,synthetic_v1,0.95
17728ac7-487c-ff8c-cb4a-0e1f744293c6,1258c70a-6c63-f38f-e3e8-4bfd7c4285da,synthetic/lehenga_Recycled_Polyester_0.jpg,front,lehenga,Recycled Poly,Recycled Polyester,Urbanic,4165,15,27,0.004,0.004,0.004,0.004,none,back,1,like_new,RESELL,synthetic_v1,0.95
f66aab7c-503a-4e3b-1fb9-b10b936f72e6,fbd17aed-a8b1-3c5a-951a-9fe9a94fbff5,synthetic/lehenga_Polyester_0.jpg,front,lehenga,Polyester,Polyester,Zudio,1666,10,163,0.004,0.004,0.004,0.004,none,overall,0.93,like_new,UPCYCLE,synthetic_v1,0.95
6cd44e37-82d1-5db0-a2b3-bc384dbf9c81,625ba5d5-ec8f-1aa7-c5b1-8aa4ba3f8ca2,synthetic/lehenga_Nylon_0.jpg,front,lehenga,Nylon,Nylon,Udyog,7301,44,186,0.004,0.004,0.004,0.004,none,sleeve,1,like_new,RESELL,synthetic_v1,0.95
6c87fbbe-4980-429d-d883-1894c8010a61,9a95dac5-4490-dbde-0925-09056a29be6a,synthetic/lehenga_Viscose_0.jpg,front,lehenga,Viscose,Viscose,Nexa,3871,46,155,0.004,0.004,0.004,0.005,none,hem,0.91,like_new,RESELL,synthetic_v1,0.95
abb716c2-e039-dab0-8ac6-4f4275721fdb,2b031152-d506-1787-ac97-f5664f6a9824,synthetic/kurta_Standard_Cotton_1.jpg,front,kurta,Cotton,Standard Cotton,Unbranded,6272,30,17,0.024,0.024,0.054,0.035,none,collar,0.85,like_new,RESELL,synthetic_v1,0.95
4773d06a-cba9-185e-91b1-5d4614fc74aa,901ba72e-3dc6-a493-13d0-7b9d5c6fa008,synthetic/kurta_Mulberry_Silk_1.jpg,front,kurta,Silk,Mulberry Silk,Zara,784,35,173,0.024,0.024,0.054,0.035,none,pocket,0.84,like_new,RESELL,synthetic_v1,0.95
a9847146-d903-6acb-722b-57d66813247f,a0f94db2-a710-559d-ce86-6356b456a793,synthetic/kurta_Wool_1.jpg,front,kurta,Merino Wool,Wool,H&M,5929,2,77,0.024,0.024,0.054,0.035,none,knee,0.87,like_new,RESELL,synthetic_v1,0.95
0491f353-6fdc-9e28-ec2d-37b5b5b80490,7272d127-4a52-7e3a-d52a-0e6afe9d8179,synthetic/kurta_Linen_1.jpg,front,kurta,Linen,Linen,FabIndia,3969,51,164,0.024,0.024,0.055,0.035,none,back,0.82,like_new,RESELL,synthetic_v1,0.95
62961390-086b-516c-3919-d1e4af341c1e,ec43295b-13bf-4766-971b-4950dfe35b8d,synthetic/kurta_Recycled_Polyester_1.jpg,front,kurta,Recycled Poly,Recycled Polyester,Urbanic,8330,56,43,0.024,0.024,0.055,0.035,none,overall,0.89,like_new,RESELL,synthetic_v1,0.95
ed948d74-a5a3-8b04-b67f-0f4da3ea8eaf,8e90f005-151a-1ab8-596b-af3602783dd7,synthetic/kurta_Polyester_1.jpg,front,kurta,Polyester,Polyester,Zudio,5096,43,6,0.024,0.024,0.055,0.035,none,sleeve,0.8,like_new,UPCYCLE,synthetic_v1,0.95
d8c5e9da-d16c-c8ca-4b01-5b6326e08c0b,cbf1d9cd-839d-5e5e-4f8e-5507cfd2e2a0,synthetic/kurta_Nylon_1.jpg,front,kurta,Nylon,Nylon,Udyog,4851,52,13,0.024,0.024,0.055,0.035,none,hem,0.91,like_new,UPCYCLE,synthetic_v1,0.95
549b15b1-e638-1b53-ab0c-e4294d569ab5,8cff108d-33f2-3d8c-3f4a-51bab065a2e2,synthetic/kurta_Viscose_1.jpg,front,kurta,Viscose,Viscose,Nexa,5390,3,162,0.024,0.025,0.055,0.035,none,collar,0.78,like_new,UPCYCLE,synthetic_v1,0.95
749c5964-4b8e-1d39-149a-3f556a8d9d78,28ae4b0d-f081-d561-1e60-183a2f4230ba,synthetic/saree_Standard_Cotton_1.jpg,front,saree,Cotton,Standard Cotton,Unbranded,2597,59,1,0.024,0.025,0.055,0.035,none,pocket,0.93,like_new,RESELL,synthetic_v1,0.95
d0ac545b-abd2-e3b0-ce18-e1f4cbef4093,881f1495-012b-684b-b385-5a9fe0a1bc7e,synthetic/saree_Mulberry_Silk_1.jpg,front,saree,Silk,Mulberry Silk,Zara,4998,57,136,0.024,0.025,0.055,0.035,none,knee,0.76,like_new,RESELL,synthetic_v1,0.95
74c172ca-c53a-4470-80d5-2efc3dfd1bc3,8eacb17c-1054-b5df-611e-e2351da6566c,synthetic/saree_Wool_1.jpg,front,saree,Merino Wool,Wool,H&M,4606,38,16,0.025,0.025,0.055,0.035,none,back,0.85,like_new,RESELL,synthetic_v1,0.95
d7db55e7-e1d1-a7d2-86f6-995696960c7b,fda5fcb9-ae54-41fc-5455-212b01a7ceaf,synthetic/saree_Linen_1.jpg,front,saree,Linen,Linen,FabIndia,588,9,153,0.025,0.025,0.055,0.035,none,overall,0.84,like_new,RESELL,synthetic_v1,0.95
332f4f48-6a6e-e942-7031-e23671593b04,eba85e19-972a-879e-ae06-4ee9e0cb3a17,synthetic/saree_Recycled_Polyester_1.jpg,front,saree,Recycled Poly,Recycled Polyester,Urbanic,4557,9,98,0.025,0.025,0.055,0.035,none,sleeve,0.87,like_new,RESELL,synthetic_v1,0.95
087029fe-2ccb-c225-c9b3-9a6e5e3dd585,6b37e62a-671f-a0a7-7015-a8ca93ed501a,synthetic/saree_Polyester_1.jpg,front,saree,Polyester,Polyester,Zudio,7987,35,70,0.025,0.025,0.055,0.035,none,hem,0.82,like_new,UPCYCLE,synthetic_v1,0.95
52154154-03bd-f32c-f915-854956ba913b,f159dd89-4393-1b3c-0ee3-c6fc83734320,synthetic/saree_Nylon_1.jpg,front,saree,Nylon,Nylon,Udyog,4753,2,88,0.025,0.025,0.055,0.035,none,collar,0.89,like_new,UPCYCLE,synthetic_v1,0.95
87d13570-d494-bb26-c9a9-bae8c29088f3,dc6531ea-6d61-8ede-6828-12fbf8e358a5,synthetic/saree_Viscose_1.jpg,front,saree,Viscose,Viscose,Nexa,2450,34,24,0.025,0.025,0.055,0.035,none,pocket,0.8,like_new,UPCYCLE,synthetic_v1,0.95
93077e0a-d248-3e7c-2d90-9ac21aedbde5,59dbfb18-529e-6ffb-c744-e112c73ece26,synthetic/jeans_Standard_Cotton_1.jpg,front,jeans,Cotton,Standard Cotton,Unbranded,8624,52,3,0.025,0.025,0.055,0.035,none,knee,0.91,like_new,RESELL,synthetic_v1,0.95
4e863eb8-ef2c-a790-e974-c2982a60c022,f1d75b77-1add-7a7b-df48-a594732a9ef7,synthetic/jeans_Mulberry_Silk_1.jpg,front,jeans,Silk,Mulberry Silk,Zara,2744,40,130,0.025,0.025,0.055,0.035,none,back,0.78,like_new,RESELL,synthetic_v1,0.95
a44edf8b-7865-bb8c-0c7b-3718b526b7a2,c7c929f8-f8ed-cb10-05fb-e86b9bdbf549,synthetic/jeans_Wool_1.jpg,front,jeans,Merino Wool,Wool,H&M,637,39,74,0.025,0.025,0.055,0.035,none,overall,0.93,like_new,RESELL,synthetic_v1,0.95
06786210-00f2-6d85-b8c2-f3fbba9926cf,a95a9e35-ecad-34bd-d559-2ead35b6cd53,synthetic/jeans_Linen_1.jpg,front,jeans,Linen,Linen,FabIndia,2793,10,176,0.025,0.025,0.055,0.036,none,sleeve,0.76,like_new,RESELL,synthetic_v1,0.95
a4cfd491-4339-3618-d276-d92d65ef8996,3d1756bc-a7ad-12fb-3c25-eefac2f2d29f,synthetic/jeans_Recycled_Polyester_1.jpg,front,jeans,Recycled Poly,Recycled Polyester,Urbanic,2744,6,106,0.025,0.025,0.055,0.036,none,hem,0.85,like_new,RESELL,synthetic_v1,0.95
fcbbe434-c352-e30b-f94e-2a981005b00e,938e03bf-d5aa-99e5-e2ca-f691d6551d32,synthetic/jeans_Polyester_1.jpg,front,jeans,Polyester,Polyester,Zudio,8281,47,142,0.025,0.025,0.055,0.036,none,collar,0.84,like_new,UPCYCLE,synthetic_v1,0.95
07bc8911-f264-a7c0-a3eb-1975c5a81fc8,29ef825f-04f3-eeb8-a2df-58dbac72d745,synthetic/jeans_Nylon_1.jpg,front,jeans,Nylon,Nylon,Udyog,3822,7,178,0.025,0.025,0.055,0.036,none,pocket,0.87,like_new,UPCYCLE,synthetic_v1,0.95
c5b4bf9b-e8ff-5ce5-c073-e8f9cabf03d3,b37f8f4f-a5c6-5340-bb27-71650b55818d,synthetic/jeans_Viscose_1.jpg,front,jeans,Viscose,Viscose,Nexa,7693,29,166,0.025,0.025,0.056,0.036,none,knee,0.82,like_new,UPCYCLE,synthetic_v1,0.95
af2ca34f-62e1-dcfb-b37f-41111659aa5b,6c831309-34e9-ccc0-628f-4a6fe87668e5,synthetic/jacket_Standard_Cotton_1.jpg,front,jacket,Cotton,Standard Cotton,Unbranded,4263,41,3,0.025,0.025,0.056,0.036,none,back,0.89,like_new,RESELL,synthetic_v1,0.95
71717672-fdd1-90cf-7a24-62692fe5491b,e2b162ad-5cc8-178a-1804-e5924e3ffb9f,synthetic/jacket_Mulberry_Silk_1.jpg,front,jacket,Silk,Mulberry Silk,Zara,4312,41,170,0.025,0.025,0.056,0.036,none,overall,0.8,like_new,RESELL,synthetic_v1,0.95
84cea8bc-53f1-99ba-348b-3dcc5847a683,589b93d0-d60c-6877-3c89-e647af37fbe3,synthetic/jacket_Wool_1.jpg,front,jacket,Merino Wool,Wool,H&M,8869,15,53,0.025,0.025,0.056,0.036,none,sleeve,0.91,like_new,RESELL,synthetic_v1,0.95
b4c2ec61-c7b9-460a-fdeb-2b2776471e0a,393fa73d-c5af-2eab-7951-73480da2a430,synthetic/jacket_Linen_1.jpg,front,jacket,Linen,Linen,FabIndia,980,22,162,0.025,0.026,0.056,0.036,none,hem,0.78,like_new,RESELL,synthetic_v1,0.95
3994eca2-37ba-30ba-2864-dcbd74e62576,db79c919-b067-518c-3e66-ea568412b897,synthetic/jacket_Recycled_Polyester_1.jpg,front,jacket,Recycled Poly,Recycled Polyester,Urbanic,1078,32,167,0.025,0.026,0.056,0.036,none,collar,0.93,like_new,RESELL,synthetic_v1,0.95
306d2c72-b06b-453d-10c2-a00d452adf99,0fccce55-4d6a-d92f-d23d-5ed7f4eacd10,synthetic/jacket_Polyester_1.jpg,front,jacket,Polyester,Polyester,Zudio,8869,43,180,0.025,0.026,0.056,0.036,none,pocket,0.76,like_new,UPCYCLE,synthetic_v1,0.95
b1a9cef2-b0bd-133b-d6e6-04f619fe18e8,9cae009b-7467-c169-6f1f-a507afd5d7ed,synthetic/jacket_Nylon_1.jpg,front,jacket,Nylon,Nylon,Udyog,8379,11,126,0.026,0.026,0.056,0.036,none,knee,0.85,like_new,UPCYCLE,synthetic_v1,0.95
b5fcb30d-2f4d-6551-c192-d55ba57fbe22,cd2e63a6-6426-1907-d843-acf0f8025043,synthetic/jacket_Viscose_1.jpg,front,jacket,Viscose,Viscose,Nexa,2842,56,20,0.026,0.026,0.056,0.036,none,back,0.84,like_new,UPCYCLE,synthetic_v1,0.95
0d96d123-32cf-578e-b00b-99e794c95e33,9d126fc6-8b7f-0df0-1c98-7ee3dec0c6c4,synthetic/trousers_Standard_Cotton_1.jpg,front,trousers,Cotton,Standard Cotton,Unbranded,3087,25,150,0.026,0.026,0.056,0.036,none,overall,0.87,like_new,RESELL,synthetic_v1,0.95
0190d75f-0e40-31b1-5d4a-edfc225635ed,e220d78c-8e24-8b36-ee90-51f3a702f8a1,synthetic/trousers_Mulberry_Silk_1.jpg,front,trousers,Silk,Mulberry Silk,Zara,5929,4,54,0.026,0.026,0.056,0.036,none,sleeve,0.82,like_new,RESELL,synthetic_v1,0.95
a2183bdc-b35e-cbab-9a0a-4f8e783c713d,19c4cee2-9f64-4ba9-0748-f821b8eaadca,synthetic/trousers_Wool_1.jpg,front,trousers,Merino Wool,Wool,H&M,5145,55,31,0.026,0.026,0.056,0.036,none,hem,0.89,like_new,RESELL,synthetic_v1,0.95
61d21b1c-bac4-8197-e044-a06086f6ef0e,996defcc-87fe-b1b1-b0e6-abaf871e5059,synthetic/trousers_Linen_1.jpg,front,trousers,Linen,Linen,FabIndia,5243,15,17,0.026,0.026,0.056,0.036,none,collar,0.8,like_new,RESELL,synthetic_v1,0.95
ff3fd859-a900-f03a-dff6-1c328632f2c6,fb379332-a224-3410-eaa8-ec7a12068786,synthetic/trousers_Recycled_Polyester_1.jpg,front,trousers,Recycled Poly,Recycled Polyester,Urbanic,3724,44,193,0.026,0.026,0.056,0.036,none,pocket,0.91,like_new,RESELL,synthetic_v1,0.95
45536bce-1c24-e6c3-9e82-b26dae36a488,281ac897-ebaa-72a6-d883-f25958238ed6,synthetic/trousers_Polyester_1.jpg,front,trousers,Polyester,Polyester,Zudio,5782,46,84,0.026,0.026,0.056,0.036,none,knee,0.78,like_new,UPCYCLE,synthetic_v1,0.95
c879cf7e-54a0-f298-1cf7-7c2078f37228,ea20e633-559e-7513-84d4-dcd9ad14e0b9,synthetic/trousers_Nylon_1.jpg,front,trousers,Nylon,Nylon,Udyog,7105,38,172,0.026,0.026,0.056,0.036,none,back,0.93,like_new,UPCYCLE,synthetic_v1,0.95
3c3080cc-2f82-dd1a-7349-d722feb325bc,6b6b0022-ac09-2026-f2a2-57b63408c7f2,synthetic/trousers_Viscose_1.jpg,front,trousers,Viscose,Viscose,Nexa,6174,46,19,0.026,0.026,0.056,0.037,none,overall,0.76,like_new,UPCYCLE,synthetic_v1,0.95
a1ac95b8-3c8a-eb72-fa6e-7ce5e6c2ab05,f1d7fc6c-ab86-3532-1a92-bbdae43a62b3,synthetic/shirt_Standard_Cotton_1.jpg,front,shirt,Cotton,Standard Cotton,Unbranded,2254,33,57,0.026,0.026,0.056,0.037,none,sleeve,0.85,like_new,RESELL,synthetic_v1,0.95
129f84e1-8a5d-fcbc-0180-3a162467b1e0,b413b257-fffc-ed9a-eac7-52b3d055adc3,synthetic/shirt_Mulberry_Silk_1.jpg,front,shirt,Silk,Mulberry Silk,Zara,8526,45,40,0.026,0.026,0.056,0.037,none,hem,0.84,like_new,RESELL,synthetic_v1,0.95
b599a77f-ccbd-30b2-5c6a-0b2c5eecf755,39cd1db8-c2e3-59cd-30c3-f3c1c7084b4d,synthetic/shirt_Wool_1.jpg,front,shirt,Merino Wool,Wool,H&M,1666,11,131,0.026,0.026,0.056,0.037,none,collar,0.87,like_new,RESELL,synthetic_v1,0.95
ca5f1cd0-9cd5-abbd-381b-813fca7184a3,c9bba59f-df1d-ecb2-12c7-916419868423,synthetic/shirt_Linen_1.jpg,front,shirt,Linen,Linen,FabIndia,8722,25,15,0.026,0.026,0.057,0.037,none,pocket,0.82,like_new,RESELL,synthetic_v1,0.95
45152231-581f-c59a-74cf-c25260a42967,9260bda6-c213-3180-5071-00967c11a37d,synthetic/shirt_Recycled_Polyester_1.jpg,front,shirt,Recycled Poly,Recycled Polyester,Urbanic,5439,40,176,0.026,0.026,0.057,0.037,none,knee,0.89,like_new,RESELL,synthetic_v1,0.95
d193036c-f866-19ec-2a7e-25b4aca57a2f,374bf31f-a353-215d-3edb-730ae7d4cf78,synthetic/shirt_Polyester_1.jpg,front,shirt,Polyester,Polyester,Zudio,8575,51,67,0.026,0.026,0.057,0.037,none,back,0.8,like_new,UPCYCLE,synthetic_v1,0.95
f3b9a967-068b-b93a-f710-90fdbe97adbe,e216f55f-af9f-fdab-7db5-e052c44487b8,synthetic/shirt_Nylon_1.jpg,front,shirt,Nylon,Nylon,Udyog,882,53,53,0.026,0.026,0.057,0.037,none,overall,0.91,like_new,UPCYCLE,synthetic_v1,0.95
ac313be2-3c3a-511f-e209-9e6fa366f50f,e49d119c-9334-629f-bf09-fc42b11d2248,synthetic/shirt_Viscose_1.jpg,front,shirt,Viscose,Viscose,Nexa,7399,6,133,0.026,0.027,0.057,0.037,none,sleeve,0.78,like_new,UPCYCLE,synthetic_v1,0.95
195fd908-d308-fd74-11d9-f3cc626379a9,139bd1eb-7928-10a8-15ae-c4b13ab8c011,synthetic/tshirt_Standard_Cotton_1.jpg,front,tshirt,Cotton,Standard Cotton,Unbranded,6468,19,180,0.026,0.027,0.057,0.037,none,hem,0.93,like_new,RESELL,synthetic_v1,0.95
96788355-1e82-0ef4-ce85-29ab13888bac,9e833497-40fa-9275-d916-be72d5a78cc4,synthetic/tshirt_Mulberry_Silk_1.jpg,front,tshirt,Silk,Mulberry Silk,Zara,2793,51,10,0.026,0.027,0.057,0.037,none,collar,0.76,like_new,RESELL,synthetic_v1,0.95
3848e3b9-a2da-bd74-89fe-c8bf618a89e5,9e25dc01-d645-b37f-5c48-597f73d81cf4,synthetic/tshirt_Wool_1.jpg,front,tshirt,Merino Wool,Wool,H&M,1127,6,110,0.027,0.027,0.057,0.037,none,pocket,0.85,like_new,RESELL,synthetic_v1,0.95
94873fd5-6e01-2461-9d4f-d2ad9fb8e8e2,cb2724e3-f135-632d-310c-79aee68ba78e,synthetic/tshirt_Linen_1.jpg,front,tshirt,Linen,Linen,FabIndia,3234,52,103,0.027,0.027,0.057,0.037,none,knee,0.84,like_new,RESELL,synthetic_v1,0.95
f2cffc37-c92f-6648-6b8a-413efd0a5ff3,6dcfd0aa-a26a-c227-f0e5-6e17d8d7e7bd,synthetic/tshirt_Recycled_Polyester_1.jpg,front,tshirt,Recycled Poly,Recycled Polyester,Urbanic,2891,21,165,0.027,0.027,0.057,0.037,none,back,0.87,like_new,RESELL,synthetic_v1,0.95
44f5178c-1927-5600-10f7-ce47b415fedc,33f48e98-8905-87fe-3216-812bc17077fc,synthetic/tshirt_Polyester_1.jpg,front,tshirt,Polyester,Polyester,Zudio,2548,12,123,0.027,0.027,0.057,0.037,none,overall,0.82,like_new,UPCYCLE,synthetic_v1,0.95
464a49d5-7c27-bcb4-18fa-daca81c483de,1a9e03e4-33d4-f34f-de90-038b68153048,synthetic/tshirt_Nylon_1.jpg,front,tshirt,Nylon,Nylon,Udyog,1372,44,103,0.027,0.027,0.057,0.037,none,sleeve,0.89,like_new,UPCYCLE,synthetic_v1,0.95
280fd9aa-394e-6a41-4e56-b56a480cda25,c05b19fe-102d-a7f3-0bdd-35556eddb8d0,synthetic/tshirt_Viscose_1.jpg,front,tshirt,Viscose,Viscose,Nexa,7742,9,183,0.027,0.027,0.057,0.037,none,hem,0.8,like_new,UPCYCLE,synthetic_v1,0.95
a0fdb509-b668-dfb8-bac6-1c76add86a45,0d93409d-7c45-c7ea-09a3-172cbbf19822,synthetic/dress_Standard_Cotton_1.jpg,front,dress,Cotton,Standard Cotton,Unbranded,1519,41,86,0.027,0.027,0.057,0.037,none,collar,0.91,like_new,RESELL,synthetic_v1,0.95
e41af617-2580-ecd1-0e80-4022557516ff,60c01496-3e5e-c926-b8b3-efdf883979cc,synthetic/dress_Mulberry_Silk_1.jpg,front,dress,Silk,Mulberry Silk,Zara,1862,25,200,0.027,0.027,0.057,0.037,none,pocket,0.78,like_new,RESELL,synthetic_v1,0.95
8220061f-9377-3fa0-67bf-35901de255ce,38521dba-3883-71de-a438-cedf42d09e3f,synthetic/dress_Wool_1.jpg,front,dress,Merino Wool,Wool,H&M,735,20,127,0.027,0.027,0.057,0.037,none,knee,0.93,like_new,RESELL,synthetic_v1,0.95
5618c8df-5545-79d3-bae2-e86b172afe7d,77c71759-9689-a0d8-976f-8881a2844854,synthetic/dress_Linen_1.jpg,front,dress,Linen,Linen,FabIndia,4802,52,170,0.027,0.027,0.057,0.038,none,back,0.76,like_new,RESELL,synthetic_v1,0.95
c1119553-aea4-2388-cf8f-944d44e3882f,d144b57b-8925-9f3a-0cae-c0ed32cb6f5d,synthetic/dress_Recycled_Polyester_1.jpg,front,dress,Recycled Poly,Recycled Polyester,Urbanic,6517,38,183,0.027,0.027,0.057,0.038,none,overall,0.85,like_new,RESELL,synthetic_v1,0.95
a482eba5-4152-57d4-77b2-2eccd4523a8d,e5dd1a2e-03ab-6e6a-ceb0-6049c4ce0840,synthetic/dress_Polyester_1.jpg,front,dress,Polyester,Polyester,Zudio,6909,3,188,0.027,0.027,0.057,0.038,none,sleeve,0.84,like_new,UPCYCLE,synthetic_v1,0.95
f7e40211-13d6-4e31-d37e-687af685931f,84b64545-162c-11c1-6d3c-f49101b7e30a,synthetic/dress_Nylon_1.jpg,front,dress,Nylon,Nylon,Udyog,6762,60,17,0.027,0.027,0.057,0.038,none,hem,0.87,like_new,UPCYCLE,synthetic_v1,0.95
bc7e2f47-7743-bb61-15b3-cdb413664f5f,49935b5c-e55d-94fb-9382-15ad170bcd31,synthetic/dress_Viscose_1.jpg,front,dress,Viscose,Viscose,Nexa,1813,28,133,0.027,0.027,0.058,0.038,none,collar,0.82,like_new,UPCYCLE,synthetic_v1,0.95
0a421ac3-33e6-bdc3-634a-fd20abf13d8d,67cb0c61-a448-4bf1-ff83-c7261a2abf72,synthetic/blouse_Standard_Cotton_1.jpg,front,blouse,Cotton,Standard Cotton,Unbranded,2597,50,114,0.027,0.027,0.058,0.038,none,pocket,0.89,like_new,RESELL,synthetic_v1,0.95
d3015fd4-a1e0-9771-48d8-42d95b5b6e85,c8518cc4-ddbe-4727-aa30-962e78ca9a98,synthetic/blouse_Mulberry_Silk_1.jpg,front,blouse,Silk,Mulberry Silk,Zara,784,10,49,0.027,0.027,0.058,0.038,none,knee,0.8,like_new,RESELL,synthetic_v1,0.95
488213ab-bed3-41e6-5842-83e6cd3eeab5,189bd007-6cb6-2004-97c2-4300a88482a0,synthetic/blouse_Wool_1.jpg,front,blouse,Merino Wool,Wool,H&M,7644,11,50,0.027,0.027,0.058,0.038,none,back,0.91,like_new,RESELL,synthetic_v1,0.95
6ae70caf-1330-179a-3fb1-21e81fe24cee,44e280fd-7bcd-3827-d2c0-8acf45ef7aae,synthetic/blouse_Linen_1.jpg,front,blouse,Linen,Linen,FabIndia,2793,12,107,0.027,0.028,0.058,0.038,none,overall,0.78,like_new,RESELL,synthetic_v1,0.95
391d6e26-88e6-16a0-8042-3bad8260de00,a7c6ee87-ee8d-2fd0-0378-a3273aaecbd7,synthetic/blouse_Recycled_Polyester_1.jpg,front,blouse,Recycled Poly,Recycled Polyester,Urbanic,8477,8,28,0.027,0.028,0.058,0.038,none,sleeve,0.93,like_new,RESELL,synthetic_v1,0.95
599158a4-7be2-6dd2-e4f3-ef48ad47715a,abfdbb05-be54-ab3c-4f07-c0193ac80ded,synthetic/blouse_Polyester_1.jpg,front,blouse,Polyester,Polyester,Zudio,1078,32,23,0.027,0.028,0.058,0.038,none,hem,0.76,like_new,UPCYCLE,synthetic_v1,0.95
069be837-aa61-a107-cc80-04d05e759e01,9fdb6ac7-e4fd-79b9-961d-20d6ef192839,synthetic/blouse_Nylon_1.jpg,front,blouse,Nylon,Nylon,Udyog,3136,3,99,0.028,0.028,0.058,0.038,none,collar,0.85,like_new,UPCYCLE,synthetic_v1,0.95
c6e91d52-0f06-8d54-0322-9e96602d3c21,261a08d2-9d97-022c-9ed2-80dd9b78e3ca,synthetic/blouse_Viscose_1.jpg,front,blouse,Viscose,Viscose,Nexa,2009,6,40,0.028,0.028,0.058,0.038,none,pocket,0.84,like_new,UPCYCLE,synthetic_v1,0.95
bc5329e3-da75-510a-6308-87a4782cd79e,6f846de5-3c54-1d2a-820d-cd3b3e806c9e,synthetic/lehenga_Standard_Cotton_1.jpg,front,lehenga,Cotton,Standard Cotton,Unbranded,3626,34,67,0.028,0.028,0.058,0.038,none,knee,0.87,like_new,RESELL,synthetic_v1,0.95
28d3cad9-4139-998b-b42b-21a34e0fc236,83c0df12-15cf-bce8-0690-bfd3117d1689,synthetic/lehenga_Mulberry_Silk_1.jpg,front,lehenga,Silk,Mulberry Silk,Zara,588,41,55,0.028,0.028,0.058,0.038,none,back,0.82,like_new,RESELL,synthetic_v1,0.95
295d2b4d-950f-3309-5ce8-3af8372bb7af,b3ba1ada-21e9-9b3e-cc1d-f49b2ff858ad,synthetic/lehenga_Wool_1.jpg,front,lehenga,Merino Wool,Wool,H&M,1225,13,187,0.028,0.028,0.058,0.038,none,overall,0.89,like_new,RESELL,synthetic_v1,0.95
0793cc03-b57a-7b6d-192c-f4da1540bd45,705d2f8f-32b7-3c96-e4f3-1d99c1441522,synthetic/lehenga_Linen_1.jpg,front,lehenga,Linen,Linen,FabIndia,6076,5,191,0.028,0.028,0.058,0.038,none,sleeve,0.8,like_new,RESELL,synthetic_v1,0.95
3d979d38-5e2a-0317-0c81-4dbab211e8e3,924421e8-f5ce-6562-4067-d4f60fd12dd1,synthetic/lehenga_Recycled_Polyester_1.jpg,front,lehenga,Recycled Poly,Recycled Polyester,Urbanic,1323,45,75,0.028,0.028,0.058,0.038,none,hem,0.91,like_new,RESELL,synthetic_v1,0.95
287191f3-bb88-3082-2daa-590341eb68cd,a1522844-6631-bb1c-08c4-55467c37360d,synthetic/lehenga_Polyester_1.jpg,front,lehenga,Polyester,Polyester,Zudio,5929,57,108,0.028,0.028,0.058,0.038,none,collar,0.78,like_new,UPCYCLE,synthetic_v1,0.95
7c322454-05b3-2ad4-afe3-c89caaeeb55c,2427e000-fedd-9805-0aaf-e98af1f1533c,synthetic/lehenga_Nylon_1.jpg,front,lehenga,Nylon,Nylon,Udyog,735,48,39,0.028,0.028,0.058,0.038,none,pocket,0.93,like_new,UPCYCLE,synthetic_v1,0.95
0d0d4a3c-0794-9518-16fb-e9d9c37dec06,66291a4a-8e4f-c13f-6055-3ee74b833cf8,synthetic/lehenga_Viscose_1.jpg,front,lehenga,Viscose,Viscose,Nexa,5292,14,85,0.028,0.028,0.058,0.039,none,knee,0.76,like_new,UPCYCLE,synthetic_v1,0.95
f6fb30f1-a0bf-eb2c-a353-d51428097f2f,44bcb44c-a613-9d43-4231-ba5c0d3f9255,synthetic/kurta_Standard_Cotton_2.jpg,front,kurta,Cotton,Standard Cotton,Unbranded,5586,18,181,0.068,0.088,0.128,0.109,pilling fading,back,0.7,good,UPCYCLE,synthetic_v1,0.95
0216afaa-30cd-51a0-bcdf-437090a5f9d1,1cf4bcba-c291-2d5a-6a39-2541e8590bb9,synthetic/kurta_Mulberry_Silk_2.jpg,front,kurta,Silk,Mulberry Silk,Zara,4214,46,129,0.068,0.088,0.128,0.109,pilling fading,overall,0.69,good,RESELL,synthetic_v1,0.95
b93c0181-6db9-8c66-16d2-45b4525f65ea,0ead5e54-117b-3283-af98-3d2cadb4538e,synthetic/kurta_Wool_2.jpg,front,kurta,Merino Wool,Wool,H&M,4949,47,19,0.068,0.088,0.128,0.109,pilling fading,sleeve,0.72,good,RESELL,synthetic_v1,0.95
b5e7503f-b9a9-c44f-0abe-dfa345bf197f,bed14388-5a70-ce55-dcf3-a0493ee3f428,synthetic/kurta_Linen_2.jpg,front,kurta,Linen,Linen,FabIndia,3773,19,101,0.068,0.088,0.129,0.109,pilling fading,hem,0.67,good,RESELL,synthetic_v1,0.95
d3dcf895-4bb9-e684-6adf-ba60056026e4,1a01e463-6a09-0b6e-4f1a-6cfe6397d107,synthetic/kurta_Recycled_Polyester_2.jpg,front,kurta,Recycled Poly,Recycled Polyester,Urbanic,4067,38,140,0.068,0.088,0.129,0.109,pilling fading,collar,0.74,good,UPCYCLE,synthetic_v1,0.95
b50bca7d-b3eb-5c84-8a37-0c0e78b8ac54,12414162-1ce8-71a9-c5db-60a218e3cb49,synthetic/kurta_Polyester_2.jpg,front,kurta,Polyester,Polyester,Zudio,7105,16,56,0.068,0.088,0.129,0.109,pilling fading,pocket,0.65,good,UPCYCLE,synthetic_v1,0.95
d5de49e0-9d65-8d1f-df08-a931cb382ae9,0425b33f-e135-6f6d-8e21-b3dabb664bb2,synthetic/kurta_Nylon_2.jpg,front,kurta,Nylon,Nylon,Udyog,2646,25,26,0.068,0.088,0.129,0.109,pilling fading,knee,0.76,good,UPCYCLE,synthetic_v1,0.95
e816b99a-c28f-efdf-f450-37e0ce137bdb,95a73184-9921-c032-37c2-52caeacf0ca4,synthetic/kurta_Viscose_2.jpg,front,kurta,Viscose,Viscose,Nexa,4312,33,44,0.068,0.089,0.129,0.109,pilling fading,back,0.63,good,UPCYCLE,synthetic_v1,0.95
592d9570-f388-c754-dfef-680c45e0d5c1,5798dcf5-30cb-50e1-234b-f5c731d4f8f4,synthetic/saree_Standard_Cotton_2.jpg,front,saree,Cotton,Standard Cotton,Unbranded,8330,25,75,0.068,0.089,0.129,0.109,pilling fading,overall,0.78,good,UPCYCLE,synthetic_v1,0.95
72008e99-306c-8603-dd10-f5c7adb8679d,1ce6b1f6-beb5-6b59-5c7c-af95639239c0,synthetic/saree_Mulberry_Silk_2.jpg,front,saree,Silk,Mulberry Silk,Zara,7448,9,160,0.068,0.089,0.129,0.109,pilling fading,sleeve,0.61,good,RESELL,synthetic_v1,0.95
04a3eba6-96e6-bdc6-52e0-a20271255c6f,6e5d2261-46fd-501d-c930-2881788c8485,synthetic/saree_Wool_2.jpg,front,saree,Merino Wool,Wool,H&M,3283,34,60,0.069,0.089,0.129,0.109,pilling fading,hem,0.7,good,RESELL,synthetic_v1,0.95
9181ef7c-b668-86a9-12c6-885673366108,78c1dc3a-fcd7-cb6d-3e99-7d96ff3daf44,synthetic/saree_Linen_2.jpg,front,saree,Linen,Linen,FabIndia,8379,60,180,0.069,0.089,0.129,0.109,pilling fading,collar,0.69,good,RESELL,synthetic_v1,0.95
f065f01b-d66c-da52-a924-94bb3c0ec380,a32e360b-3388-2fc5-2c39-384e903c9d06,synthetic/saree_Recycled_Polyester_2.jpg,front,saree,Recycled Poly,Recycled Polyester,Urbanic,4116,43,136,0.069,0.089,0.129,0.109,pilling fading,pocket,0.72,good,UPCYCLE,synthetic_v1,0.95
1faa78a5-a520-d2ea-475e-2804d7662b27,ea03ee17-d762-6dab-c2c6-af3712a6d0d9,synthetic/saree_Polyester_2.jpg,front,saree,Polyester,Polyester,Zudio,1862,28,168,0.069,0.089,0.129,0.109,pilling fading,knee,0.67,good,UPCYCLE,synthetic_v1,0.95
931826b2-7683-c817-9325-4fa9b66b1843,d39e332d-9203-86c7-31c5-2306398dbdcb,synthetic/saree_Nylon_2.jpg,front,saree,Nylon,Nylon,Udyog,4851,45,101,0.069,0.089,0.129,0.109,pilling fading,back,0.74,good,UPCYCLE,synthetic_v1,0.95
8ee17760-48f8-803b-7a03-334f1ba50861,3a925daa-a140-c6d1-6c1c-8d0de9c40134,synthetic/saree_Viscose_2.jpg,front,saree,Viscose,Viscose,Nexa,2744,17,77,0.069,0.089,0.129,0.109,pilling fading,overall,0.65,good,UPCYCLE,synthetic_v1,0.95
bb7d64d3-a1c2-987b-4434-ad816956f067,1adb897f-e48a-aa38-aa46-7d461b6114cb,synthetic/jeans_Standard_Cotton_2.jpg,front,jeans,Cotton,Standard Cotton,Unbranded,3528,57,178,0.069,0.089,0.129,0.109,pilling fading,sleeve,0.76,good,UPCYCLE,synthetic_v1,0.95
8cec92b0-4c96-c9b8-fccf-e74abe3bf805,1b69f6c7-fa6c-9498-8f29-a3b4afaccd82,synthetic/jeans_Mulberry_Silk_2.jpg,front,jeans,Silk,Mulberry Silk,Zara,7301,23,140,0.069,0.089,0.129,0.109,pilling fading,hem,0.63,good,RESELL,synthetic_v1,0.95
ac9f3b92-5f0c-4648-5630-b97a383fccec,f31428c3-636e-271c-8673-9fb2f3d0cad5,synthetic/jeans_Wool_2.jpg,front,jeans,Merino Wool,Wool,H&M,1323,7,186,0.069,0.089,0.129,0.109,pilling fading,collar,0.78,good,RESELL,synthetic_v1,0.95
8c4e41c5-b546-0ebc-8e1a-5df4771bbf59,ca5efd6e-18aa-84e8-b89c-c9b5266334d2,synthetic/jeans_Linen_2.jpg,front,jeans,Linen,Linen,FabIndia,3675,13,198,0.069,0.089,0.129,0.11,pilling fading,pocket,0.61,good,UPCYCLE,synthetic_v1,0.95
ae7b2189-5799-2c49-441e-3febdf941434,8f627343-916b-b02b-c4a5-65702d99bd80,synthetic/jeans_Recycled_Polyester_2.jpg,front,jeans,Recycled Poly,Recycled Polyester,Urbanic,3626,44,56,0.069,0.089,0.129,0.11,pilling fading,knee,0.7,good,UPCYCLE,synthetic_v1,0.95
72c4aef2-889b-ae01-59c1-e55b1a57c130,212ed267-11b9-3a6f-e543-c204acdd0e18,synthetic/jeans_Polyester_2.jpg,front,jeans,Polyester,Polyester,Zudio,5782,54,187,0.069,0.089,0.129,0.11,pilling fading,back,0.69,good,UPCYCLE,synthetic_v1,0.95
88d433ff-44c7-6d7c-f8be-ff4d40224298,f826a15a-c276-0e2d-4ba6-37a5a188e119,synthetic/jeans_Nylon_2.jpg,front,jeans,Nylon,Nylon,Udyog,8428,18,175,0.069,0.089,0.129,0.11,pilling fading,overall,0.72,good,UPCYCLE,synthetic_v1,0.95
759f854d-9ad8-0ec5-a0c5-0f479047b040,4299787e-0ac8-9131-df7b-27c241f3ed7f,synthetic/jeans_Viscose_2.jpg,front,jeans,Viscose,Viscose,Nexa,5096,33,21,0.069,0.089,0.13,0.11,pilling fading,sleeve,0.67,good,UPCYCLE,synthetic_v1,0.95
90ed5d38-0413-2b5b-9432-b8c1f0073340,551dc9f2-7087-188b-c04e-9e18985d48b9,synthetic/jacket_Standard_Cotton_2.jpg,front,jacket,Cotton,Standard Cotton,Unbranded,4851,50,158,0.069,0.089,0.13,0.11,pilling fading,hem,0.74,good,UPCYCLE,synthetic_v1,0.95
ee031a56-cab3-8ca3-4db9-a31b1c1230a2,5f519c41-6e5f-10b8-0f1f-e3dbf4fb8846,synthetic/jacket_Mulberry_Silk_2.jpg,front,jacket,Silk,Mulberry Silk,Zara,5586,23,167,0.069,0.089,0.13,0.11,pilling fading,collar,0.65,good,RESELL,synthetic_v1,0.95
b0ac1b1c-7cd7-498e-8d29-1a57fb76ac42,bb810997-d92d-532c-9816-d6dcbb0f5566,synthetic/jacket_Wool_2.jpg,front,jacket,Merino Wool,Wool,H&M,6076,54,96,0.069,0.089,0.13,0.11,pilling fading,pocket,0.76,good,RESELL,synthetic_v1,0.95
cdaa4a6e-4462-8905-a820-aa0a58be3db8,2e8556f7-e526-e45e-5669-df387ee79336,synthetic/jacket_Linen_2.jpg,front,jacket,Linen,Linen,FabIndia,4508,38,137,0.069,0.09,0.13,0.11,pilling fading,knee,0.63,good,UPCYCLE,synthetic_v1,0.95
23369440-3700-8ba9-d74e-d31e38607b78,4d0d7d68-ecc6-9667-f68c-9e302692edc1,synthetic/jacket_Recycled_Polyester_2.jpg,front,jacket,Recycled Poly,Recycled Polyester,Urbanic,3773,33,172,0.069,0.09,0.13,0.11,pilling fading,back,0.78,good,UPCYCLE,synthetic_v1,0.95
86ba96f5-4536-c8f4-56f0-873665d9a4d8,c42810fa-5501-ebf0-eb66-e1350121dc70,synthetic/jacket_Polyester_2.jpg,front,jacket,Polyester,Polyester,Zudio,1568,28,181,0.069,0.09,0.13,0.11,pilling fading,overall,0.61,good,UPCYCLE,synthetic_v1,0.95
f5a3320b-622f-92ec-70d1-9107b7c555f5,9d26ad18-0d57-843b-e5f5-3cec543464bd,synthetic/jacket_Nylon_2.jpg,front,jacket,Nylon,Nylon,Udyog,3822,55,104,0.07,0.09,0.13,0.11,pilling fading,sleeve,0.7,good,UPCYCLE,synthetic_v1,0.95
73f231cd-bb2a-368b-250d-89fe800a4ccc,e90579cf-0e24-a40c-a1a3-6ce40fb82337,synthetic/jacket_Viscose_2.jpg,front,jacket,Viscose,Viscose,Nexa,1127,20,184,0.07,0.09,0.13,0.11,pilling fading,hem,0.69,good,UPCYCLE,synthetic_v1,0.95
39d109d5-2237-ee75-a1c3-aaa98ec15c39,0e4cce93-e0d5-2b61-4ffc-890319a641de,synthetic/trousers_Standard_Cotton_2.jpg,front,trousers,Cotton,Standard Cotton,Unbranded,5488,13,95,0.07,0.09,0.13,0.11,pilling fading,collar,0.72,good,UPCYCLE,synthetic_v1,0.95
ea69df39-0535-9ae8-8a52-84e3ff58a7b2,23fa08a9-ecfe-41b6-6012-8212d3822d85,synthetic/trousers_Mulberry_Silk_2.jpg,front,trousers,Silk,Mulberry Silk,Zara,5096,48,159,0.07,0.09,0.13,0.11,pilling fading,pocket,0.67,good,RESELL,synthetic_v1,0.95
6a38a54b-9ce1-bdab-8ff5-608e8316aff2,9c88604b-713f-0081-54f5-f5cc8648f69b,synthetic/trousers_Wool_2.jpg,front,trousers,Merino Wool,Wool,H&M,7791,24,111,0.07,0.09,0.13,0.11,pilling fading,knee,0.74,good,RESELL,synthetic_v1,0.95
95ca1879-42e2-ec2f-d4c1-b620ea22c08c,aef3060e-067b-9809-acd9-a27c47adfff8,synthetic/trousers_Linen_2.jpg,front,trousers,Linen,Linen,FabIndia,6468,29,169,0.07,0.09,0.13,0.11,pilling fading,back,0.65,good,UPCYCLE,synthetic_v1,0.95
c491b7f6-a04b-70e6-0ffb-30a853e53023,2908923e-600a-2cdf-2130-ed6b9b8e04bc,synthetic/trousers_Recycled_Polyester_2.jpg,front,trousers,Recycled Poly,Recycled Polyester,Urbanic,8330,34,57,0.07,0.09,0.13,0.11,pilling fading,overall,0.76,good,UPCYCLE,synthetic_v1,0.95
c8e09a7e-d1db-6d48-ab25-c3cae441d460,807ec10a-4f35-051d-1bb3-bb293f1e07dc,synthetic/trousers_Polyester_2.jpg,front,trousers,Polyester,Polyester,Zudio,8869,31,57,0.07,0.09,0.13,0.11,pilling fading,sleeve,0.63,good,UPCYCLE,synthetic_v1,0.95
db3a5802-69c1-6350-b34e-d074d4932089,6e08e60c-2c80-da32-4655-3fa75c4d09ba,synthetic/trousers_Nylon_2.jpg,front,trousers,Nylon,Nylon,Udyog,2597,19,58,0.07,0.09,0.13,0.11,pilling fading,hem,0.78,good,UPCYCLE,synthetic_v1,0.95
5a3de513-1db3-db8e-4a54-bf2f5574511a,d7d0cd9b-5b98-9e95-7092-96e70c80ef22,synthetic/trousers_Viscose_2.jpg,front,trousers,Viscose,Viscose,Nexa,2450,37,138,0.07,0.09,0.13,0.111,pilling fading,collar,0.61,good,UPCYCLE,synthetic_v1,0.95
18d0ce56-c27d-625f-2f31-ea602c9a76f1,e28c213d-5bf0-1d7f-9b76-a53385f07853,synthetic/shirt_Standard_Cotton_2.jpg,front,shirt,Cotton,Standard Cotton,Unbranded,5880,8,92,0.07,0.09,0.13,0.111,pilling fading,pocket,0.7,good,UPCYCLE,synthetic_v1,0.95
ccc8ae43-e7f4-edb0-9b4a-97db77f0738d,1426c15c-04ce-234a-bac3-ae100537c316,synthetic/shirt_Mulberry_Silk_2.jpg,front,shirt,Silk,Mulberry Silk,Zara,6566,42,33,0.07,0.09,0.13,0.111,pilling fading,knee,0.69,good,RESELL,synthetic_v1,0.95
fa78b2c2-fa91-7aab-ee20-890fea1a6f75,f41a4315-7807-2a15-b941-0b6c60378895,synthetic/shirt_Wool_2.jpg,front,shirt,Merino Wool,Wool,H&M,6713,25,15,0.07,0.09,0.13,0.111,pilling fading,back,0.72,good,RESELL,synthetic_v1,0.95
1ff272a9-2ad7-2433-a4e8-02ff9f6e96ce,3fe89b62-4d30-5b1d-b831-9935a58217e1,synthetic/shirt_Linen_2.jpg,front,shirt,Linen,Linen,FabIndia,3087,5,114,0.07,0.09,0.131,0.111,pilling fading,overall,0.67,good,RESELL,synthetic_v1,0.95
85acf95a-a662-6074-1682-2969dfd0b617,728f2fe1-7d9c-bb0f-6e4c-4522470c38f7,synthetic/shirt_Recycled_Polyester_2.jpg,front,shirt,Recycled Poly,Recycled Polyester,Urbanic,7987,7,79,0.07,0.09,0.131,0.111,pilling fading,sleeve,0.74,good,UPCYCLE,synthetic_v1,0.95
69bd9fad-1efd-3270-d4b8-6d167a69fdd3,6408e47f-1009-c442-7fba-56eea765ec22,synthetic/shirt_Polyester_2.jpg,front,shirt,Polyester,Polyester,Zudio,5243,17,40,0.07,0.09,0.131,0.111,pilling fading,hem,0.65,good,UPCYCLE,synthetic_v1,0.95
421fe742-7f85-79d8-0d5d-46da4deab6f6,ad3d0523-ea8f-c673-8fa6-96f0ecb559c9,synthetic/shirt_Nylon_2.jpg,front,shirt,Nylon,Nylon,Udyog,8722,49,156,0.07,0.09,0.131,0.111,pilling fading,collar,0.76,good,UPCYCLE,synthetic_v1,0.95
64f50371-4a5c-6927-bd98-c3239b617331,f4c899bd-a426-7b21-254d-1670c14832ac,synthetic/shirt_Viscose_2.jpg,front,shirt,Viscose,Viscose,Nexa,3087,25,13,0.07,0.091,0.131,0.111,pilling fading,pocket,0.63,good,UPCYCLE,synthetic_v1,0.95
95e267a4-7648-1695-55eb-58392e5128a6,92603712-88eb-a418-78bc-fefa72b78653,synthetic/tshirt_Standard_Cotton_2.jpg,front,tshirt,Cotton,Standard Cotton,Unbranded,4018,26,184,0.07,0.091,0.131,0.111,pilling fading,knee,0.78,good,UPCYCLE,synthetic_v1,0.95
d44cc6dd-513a-10d3-a242-8240a4da0a81,1e6f2fed-49bd-97cb-fc03-ec40568b1bb8,synthetic/tshirt_Mulberry_Silk_2.jpg,front,tshirt,Silk,Mulberry Silk,Zara,2058,49,94,0.07,0.091,0.131,0.111,pilling fading,back,0.61,good,RESELL,synthetic_v1,0.95
a0ab39fb-9beb-ad39-4f85-3e3bb71bfcf6,240252a7-e5d5-ddad-8dc9-85339db32f41,synthetic/tshirt_Wool_2.jpg,front,tshirt,Merino Wool,Wool,H&M,4998,29,86,0.071,0.091,0.131,0.111,pilling fading,overall,0.7,good,RESELL,synthetic_v1,0.95
aee5e6f8-0915-f5ff-c74f-8e583c3de46e,86c7940b-efec-7bf4-2d2d-fe6f82ce378c,synthetic/tshirt_Linen_2.jpg,front,tshirt,Linen,Linen,FabIndia,4410,34,164,0.071,0.091,0.131,0.111,pilling fading,sleeve,0.69,good,RESELL,synthetic_v1,0.95
e05f46b3-f74e-bb53-0510-b9f19ec3fc33,885b924d-58f8-1f08-1a90-a77a0fbb6df1,synthetic/tshirt_Recycled_Polyester_2.jpg,front,tshirt,Recycled Poly,Recycled Polyester,Urbanic,6762,26,173,0.071,0.091,0.131,0.111,pilling fading,hem,0.72,good,UPCYCLE,synthetic_v1,0.95
44e3245a-df51-f26d-d924-f5eb1c7d6112,88c20d91-2837-fcc9-ed13-28e896c124a7,synthetic/tshirt_Polyester_2.jpg,front,tshirt,Polyester,Polyester,Zudio,4998,36,154,0.071,0.091,0.131,0.111,pilling fading,collar,0.67,good,UPCYCLE,synthetic_v1,0.95
6e673a65-ae33-9752-3e2d-bafae72a41c0,02391603-6ed1-6cda-8877-ab5adf64d8da,synthetic/tshirt_Nylon_2.jpg,front,tshirt,Nylon,Nylon,Udyog,8134,9,4,0.071,0.091,0.131,0.111,pilling fading,pocket,0.74,good,UPCYCLE,synthetic_v1,0.95
306ae872-c2c4-a5dd-0a38-85f925b708a2,7369d3d4-bb58-a218-7c45-ae889188b0dd,synthetic/tshirt_Viscose_2.jpg,front,tshirt,Viscose,Viscose,Nexa,5733,23,149,0.071,0.091,0.131,0.111,pilling fading,knee,0.65,good,UPCYCLE,synthetic_v1,0.95
0883dd45-a728-3e8c-94ed-94a3e029e1ec,33227f21-9a4f-9606-6268-0c8d862e3b4b,synthetic/dress_Standard_Cotton_2.jpg,front,dress,Cotton,Standard Cotton,Unbranded,7987,15,51,0.071,0.091,0.131,0.111,pilling fading,back,0.76,good,UPCYCLE,synthetic_v1,0.95
98e1c953-ab7b-00b3-b88c-da20debb2781,3d21f9a6-1ac9-ba99-2c28-5cf993e77e69,synthetic/dress_Mulberry_Silk_2.jpg,front,dress,Silk,Mulberry Silk,Zara,539,50,138,0.071,0.091,0.131,0.111,pilling fading,overall,0.63,good,RESELL,synthetic_v1,0.95
ebed7cff-238a-b993-e3b1-2bd3e6a8e91f,0031c07f-7e3a-301a-a3b9-dede757c7949,synthetic/dress_Wool_2.jpg,front,dress,Merino Wool,Wool,H&M,4361,51,22,0.071,0.091,0.131,0.111,pilling fading,sleeve,0.78,good,RESELL,synthetic_v1,0.95
8837916a-d836-179c-1513-440ad9cd1d0b,be48de91-d87c-e215-b9ef-b2b44ce77ca2,synthetic/dress_Linen_2.jpg,front,dress,Linen,Linen,FabIndia,3430,3,148,0.071,0.091,0.131,0.112,pilling fading,hem,0.61,good,UPCYCLE,synthetic_v1,0.95
b0787a1f-c0f1-b86a-0b22-16e814368d47,69d2d4df-74c3-1fa0-c0a2-94c8b0cab568,synthetic/dress_Recycled_Polyester_2.jpg,front,dress,Recycled Poly,Recycled Polyester,Urbanic,1764,40,128,0.071,0.091,0.131,0.112,pilling fading,collar,0.7,good,UPCYCLE,synthetic_v1,0.95
614ea310-f671-3b52-a642-7ef0f479d2b3,715968b5-a4a0-2940-6b08-d73735aed52e,synthetic/dress_Polyester_2.jpg,front,dress,Polyester,Polyester,Zudio,637,34,3,0.071,0.091,0.131,0.112,pilling fading,pocket,0.69,good,UPCYCLE,synthetic_v1,0.95
da57b351-c8ae-2b15-99b3-93dce5ebe77e,8ea4c640-8218-d77f-bc5b-35e0b1e5b887,synthetic/dress_Nylon_2.jpg,front,dress,Nylon,Nylon,Udyog,8918,58,110,0.071,0.091,0.131,0.112,pilling fading,knee,0.72,good,UPCYCLE,synthetic_v1,0.95
395ba34c-4fd1-22b7-a857-e63d6483a00b,08a936a5-a2de-3226-6bae-80e0e9203741,synthetic/dress_Viscose_2.jpg,front,dress,Viscose,Viscose,Nexa,7595,50,86,0.071,0.091,0.132,0.112,pilling fading,back,0.67,good,UPCYCLE,synthetic_v1,0.95
3ab1ba41-29bb-94b4-42d6-e8eaf3af5c07,9266d2f5-7f84-a0b5-b06d-98bb9c83403e,synthetic/blouse_Standard_Cotton_2.jpg,front,blouse,Cotton,Standard Cotton,Unbranded,3430,10,7,0.071,0.091,0.132,0.112,pilling fading,overall,0.74,good,UPCYCLE,synthetic_v1,0.95
f68172c8-896d-e159-785c-5c2c66eaad27,e29ec469-da72-14e2-c7e0-398147f00174,synthetic/blouse_Mulberry_Silk_2.jpg,front,blouse,Silk,Mulberry Silk,Zara,882,14,185,0.071,0.091,0.132,0.112,pilling fading,sleeve,0.65,good,RESELL,synthetic_v1,0.95
a7c54340-f68c-fb8a-6b38-26f134695d41,c1ba2955-d588-d8e4-ee1e-bf9cd3b3e11b,synthetic/blouse_Wool_2.jpg,front,blouse,Merino Wool,Wool,H&M,1274,50,141,0.071,0.091,0.132,0.112,pilling fading,hem,0.76,good,RESELL,synthetic_v1,0.95
3909cab4-fb8d-acc6-f3a3-08a1a26d09a3,0d4484ea-74e1-d808-9e23-08a35e51df03,synthetic/blouse_Linen_2.jpg,front,blouse,Linen,Linen,FabIndia,5635,57,24,0.071,0.092,0.132,0.112,pilling fading,collar,0.63,good,UPCYCLE,synthetic_v1,0.95
fe355d5c-07fb-50e7-dd56-a8b63a9941cb,97361240-c515-0e8f-0cb4-e54b07631455,synthetic/blouse_Recycled_Polyester_2.jpg,front,blouse,Recycled Poly,Recycled Polyester,Urbanic,3920,21,14,0.071,0.092,0.132,0.112,pilling fading,pocket,0.78,good,UPCYCLE,synthetic_v1,0.95
c4473a34-502e-104f-0d8e-767c311dca4b,6b2e3278-3481-6be7-0653-d0ee87792949,synthetic/blouse_Polyester_2.jpg,front,blouse,Polyester,Polyester,Zudio,7448,3,169,0.071,0.092,0.132,0.112,pilling fading,knee,0.61,good,UPCYCLE,synthetic_v1,0.95
b3b7951f-6874-57b3-9438-f3c6e5bec06e,509cf0aa-6995-2674-9830-0099b58b0ea8,synthetic/blouse_Nylon_2.jpg,front,blouse,Nylon,Nylon,Udyog,2254,4,116,0.072,0.092,0.132,0.112,pilling fading,back,0.7,good,UPCYCLE,synthetic_v1,0.95
5b9f8a2a-4230-d31d-dd3b-c473c0c4850b,cbfa201e-4e50-96d9-c8a8-3d026a782694,synthetic/blouse_Viscose_2.jpg,front,blouse,Viscose,Viscose,Nexa,2548,60,3,0.072,0.092,0.132,0.112,pilling fading,overall,0.69,good,UPCYCLE,synthetic_v1,0.95
bb2ea7fb-0439-b26d-9a06-c8e824f09e90,6240284f-3bc5-2bf9-6633-d37645582768,synthetic/lehenga_Standard_Cotton_2.jpg,front,lehenga,Cotton,Standard Cotton,Unbranded,8624,55,170,0.072,0.092,0.132,0.112,pilling fading,sleeve,0.72,good,UPCYCLE,synthetic_v1,0.95
c94ab869-b482-13a2-1aef-db26e4e6b857,fa0329b6-1f0f-50d2-bb0a-4b70548c9beb,synthetic/lehenga_Mulberry_Silk_2.jpg,front,lehenga,Silk,Mulberry Silk,Zara,1421,45,170,0.072,0.092,0.132,0.112,pilling fading,hem,0.67,good,RESELL,synthetic_v1,0.95
a9c26a9b-6d98-876f-5159-facf89da238a,78f6b69f-5bed-35c5-6969-b25cf5d42457,synthetic/lehenga_Wool_2.jpg,front,lehenga,Merino Wool,Wool,H&M,4067,36,21,0.072,0.092,0.132,0.112,pilling fading,collar,0.74,good,RESELL,synthetic_v1,0.95
fa51e38b-4edd-8da1-0e34-b37d2eed1aed,c79a0785-f692-cba5-bded-0ecf7ab53e0e,synthetic/lehenga_Linen_2.jpg,front,lehenga,Linen,Linen,FabIndia,6566,11,162,0.072,0.092,0.132,0.112,pilling fading,pocket,0.65,good,UPCYCLE,synthetic_v1,0.95
eb452956-78a9-e887-fd09-15ba3660a014,4a81d491-947e-8673-8278-98116f270ba5,synthetic/lehenga_Recycled_Polyester_2.jpg,front,lehenga,Recycled Poly,Recycled Polyester,Urbanic,7742,24,174,0.072,0.092,0.132,0.112,pilling fading,knee,0.76,good,UPCYCLE,synthetic_v1,0.95
cfc81fee-86f8-11ce-bd5e-ebb4684787a0,d38ce0b6-18ea-b75f-687a-95154e7ababb,synthetic/lehenga_Polyester_2.jpg,front,lehenga,Polyester,Polyester,Zudio,6860,56,58,0.072,0.092,0.132,0.112,pilling fading,back,0.63,good,UPCYCLE,synthetic_v1,0.95
d3a07d55-fc4b-0aae-5a41-7a2423609ebb,d4df1b01-2855-4570-0f35-584c42c42d57,synthetic/lehenga_Nylon_2.jpg,front,lehenga,Nylon,Nylon,Udyog,2597,22,77,0.072,0.092,0.132,0.112,pilling fading,overall,0.78,good,UPCYCLE,synthetic_v1,0.95
2d774a56-5a17-bd53-a142-5da71ed6070d,414c6791-6cf4-ddb3-3f12-4c947acfa825,synthetic/lehenga_Viscose_2.jpg,front,lehenga,Viscose,Viscose,Nexa,4165,29,159,0.072,0.092,0.132,0.113,pilling fading,sleeve,0.61,good,UPCYCLE,synthetic_v1,0.95
cf5ba8a5-5081-4f14-6116-8e7d739deb33,1db91692-d6ae-9a92-79e3-790d64b5e472,synthetic/kurta_Standard_Cotton_3.jpg,front,kurta,Cotton,Standard Cotton,Unbranded,3185,58,186,0.172,0.212,0.192,0.213,tear stain fading,hem,0.55,fair,UPCYCLE,synthetic_v1,0.95
1bbeb467-ee67-7882-ad37-bd8d1c59eed8,fc145fc6-6ddd-ef76-938e-c9396443413d,synthetic/kurta_Mulberry_Silk_3.jpg,front,kurta,Silk,Mulberry Silk,Zara,7693,2,104,0.172,0.212,0.192,0.213,tear stain fading,collar,0.54,fair,UPCYCLE,synthetic_v1,0.95
719a010f-0025-776f-4bf3-5dcae99c8243,2561a97b-41d4-0714-655b-84e9471cd33f,synthetic/kurta_Wool_3.jpg,front,kurta,Merino Wool,Wool,H&M,3479,14,89,0.172,0.212,0.192,0.213,tear stain fading,pocket,0.57,fair,UPCYCLE,synthetic_v1,0.95
c160a8a8-afe1-22ff-6329-4099d7f82726,867d4317-19ac-882d-2f59-43e4834e4788,synthetic/kurta_Linen_3.jpg,front,kurta,Linen,Linen,FabIndia,784,18,91,0.172,0.212,0.193,0.213,tear stain fading,knee,0.52,fair,UPCYCLE,synthetic_v1,0.95
3f3e083e-9928-f3f3-4ab6-4f65ca0accaf,c52e15c3-d8c4-3cba-3f2a-b57f98fe9953,synthetic/kurta_Recycled_Polyester_3.jpg,front,kurta,Recycled Poly,Recycled Polyester,Urbanic,4165,27,65,0.172,0.212,0.193,0.213,tear stain fading,back,0.59,fair,UPCYCLE,synthetic_v1,0.95
76e9f1ec-dd19-4420-fee2-1fae7893180a,b01122b2-3e40-b8e6-7076-0c83efc92b29,synthetic/kurta_Polyester_3.jpg,front,kurta,Polyester,Polyester,Zudio,2891,46,99,0.172,0.212,0.193,0.213,tear stain fading,overall,0.5,fair,UPCYCLE,synthetic_v1,0.95
de9a781d-5d79-7a75-d979-a4b1ec31e941,68232d57-9289-465a-0c12-07952fd2f9c9,synthetic/kurta_Nylon_3.jpg,front,kurta,Nylon,Nylon,Udyog,2499,12,200,0.172,0.212,0.193,0.213,tear stain fading,sleeve,0.61,fair,UPCYCLE,synthetic_v1,0.95
e70478fc-5562-6a76-4f74-a3b362bf0c38,0b08fdbb-7239-1834-a1b8-9e0aa3b75ac9,synthetic/kurta_Viscose_3.jpg,front,kurta,Viscose,Viscose,Nexa,3773,56,99,0.172,0.213,0.193,0.213,tear stain fading,hem,0.48,fair,UPCYCLE,synthetic_v1,0.95
031d0ad0-3beb-9b48-97cc-defa44b717a7,1082cd06-3c85-4553-5bf5-d7dd8a55366d,synthetic/saree_Standard_Cotton_3.jpg,front,saree,Cotton,Standard Cotton,Unbranded,1323,21,66,0.172,0.213,0.193,0.213,tear stain fading,collar,0.63,fair,UPCYCLE,synthetic_v1,0.95
95436cec-27f3-31b1-2475-ee1c289d6bbd,f08899f0-d3fc-d194-6bf9-f105d7be3885,synthetic/saree_Mulberry_Silk_3.jpg,front,saree,Silk,Mulberry Silk,Zara,5096,59,109,0.172,0.213,0.193,0.213,tear stain fading,pocket,0.46,fair,UPCYCLE,synthetic_v1,0.95
7d382a2b-dbfc-a066-527d-0443c02e0faf,6ea69dec-4d77-96ef-6105-01b60fff589d,synthetic/saree_Wool_3.jpg,front,saree,Merino Wool,Wool,H&M,2254,6,118,0.173,0.213,0.193,0.213,tear stain fading,knee,0.55,fair,UPCYCLE,synthetic_v1,0.95
3f880ce7-6b4c-8238-321a-8d03ecb878e8,89229ade-57e4-9b0d-fb8f-df990d0c5c3f,synthetic/saree_Linen_3.jpg,front,saree,Linen,Linen,FabIndia,1666,53,86,0.173,0.213,0.193,0.213,tear stain fading,back,0.54,fair,UPCYCLE,synthetic_v1,0.95
c734b29b-8e9e-dc94-c9d3-5e9535b7c835,5aa9cf45-5ad0-ca0a-3ee5-9c10bb2e7099,synthetic/saree_Recycled_Polyester_3.jpg,front,saree,Recycled Poly,Recycled Polyester,Urbanic,6860,12,126,0.173,0.213,0.193,0.213,tear stain fading,overall,0.57,fair,UPCYCLE,synthetic_v1,0.95
f3ace757-54d6-2f13-e105-2ad00f7c8a7b,c09cf3fb-7390-a70f-571b-0aa4a80027de,synthetic/saree_Polyester_3.jpg,front,saree,Polyester,Polyester,Zudio,5390,33,124,0.173,0.213,0.193,0.213,tear stain fading,sleeve,0.52,fair,UPCYCLE,synthetic_v1,0.95
4e166244-759e-d66d-355d-616b196175fc,8a829a31-9c5d-2a8b-1b6b-e207fde7a2ed,synthetic/saree_Nylon_3.jpg,front,saree,Nylon,Nylon,Udyog,4067,27,165,0.173,0.213,0.193,0.213,tear stain fading,hem,0.59,fair,UPCYCLE,synthetic_v1,0.95
c0ad6293-d8f6-4c5f-1e28-a01e5075fe4b,257970fc-cfc2-33a5-9e93-a8e1672d8f05,synthetic/saree_Viscose_3.jpg,front,saree,Viscose,Viscose,Nexa,4067,5,117,0.173,0.213,0.193,0.213,tear stain fading,collar,0.5,fair,UPCYCLE,synthetic_v1,0.95
e9329f7d-b7ce-8b9a-c14d-ea30c33cd009,dfa3aed5-5806-444f-d0a2-ae49d8ffb753,synthetic/jeans_Standard_Cotton_3.jpg,front,jeans,Cotton,Standard Cotton,Unbranded,3822,15,60,0.173,0.213,0.193,0.213,tear stain fading,pocket,0.61,fair,UPCYCLE,synthetic_v1,0.95
d0342a60-5f1a-79c8-3d58-ffb399962aea,89b92faf-ab80-079c-8dc9-2a5dc3bf4d4c,synthetic/jeans_Mulberry_Silk_3.jpg,front,jeans,Silk,Mulberry Silk,Zara,7644,13,98,0.173,0.213,0.193,0.213,tear stain fading,knee,0.48,fair,UPCYCLE,synthetic_v1,0.95
8cd8edd3-1aa5-bd8f-ce99-80883518c2bc,50c76cd4-7faf-8f8a-9fc6-9425cd4c1f8d,synthetic/jeans_Wool_3.jpg,front,jeans,Merino Wool,Wool,H&M,7252,47,76,0.173,0.213,0.193,0.213,tear stain fading,back,0.63,fair,RESELL,synthetic_v1,0.95
18261980-6d33-71e1-5983-b5c1da89dd4d,2820ae34-1cb8-6d27-8b32-73987a989063,synthetic/jeans_Linen_3.jpg,front,jeans,Linen,Linen,FabIndia,8232,7,29,0.173,0.213,0.193,0.214,tear stain fading,overall,0.46,fair,UPCYCLE,synthetic_v1,0.95
f0aa6499-d3cc-68e5-abf9-64eba7f44ec8,bda668c9-8195-320f-079f-24db8c2ce465,synthetic/jeans_Recycled_Polyester_3.jpg,front,jeans,Recycled Poly,Recycled Polyester,Urbanic,3871,13,136,0.173,0.213,0.193,0.214,tear stain fading,sleeve,0.55,fair,UPCYCLE,synthetic_v1,0.95
8ce0905c-6385-e609-d131-73bedb7d8695,ca573801-0e65-7a14-656e-b3dfcf964e91,synthetic/jeans_Polyester_3.jpg,front,jeans,Polyester,Polyester,Zudio,1176,38,154,0.173,0.213,0.193,0.214,tear stain fading,hem,0.54,fair,UPCYCLE,synthetic_v1,0.95
51eef774-da67-294c-fa17-dd486168fe5a,e7a55961-681c-c696-12de-58b2ffe53a1f,synthetic/jeans_Nylon_3.jpg,front,jeans,Nylon,Nylon,Udyog,3332,8,97,0.173,0.213,0.193,0.214,tear stain fading,collar,0.57,fair,UPCYCLE,synthetic_v1,0.95
bffd1a89-0bfe-9113-59af-6250b9622e44,f8794c08-1abc-aca7-380a-b2a22b10e7a4,synthetic/jeans_Viscose_3.jpg,front,jeans,Viscose,Viscose,Nexa,931,19,104,0.173,0.213,0.194,0.214,tear stain fading,pocket,0.52,fair,UPCYCLE,synthetic_v1,0.95
1e2710ed-23f3-7409-977c-c7a4557847d9,7087073e-b3d6-7dbb-6b91-f0e85826f1de,synthetic/jacket_Standard_Cotton_3.jpg,front,jacket,Cotton,Standard Cotton,Unbranded,3920,6,72,0.173,0.213,0.194,0.214,tear stain fading,knee,0.59,fair,UPCYCLE,synthetic_v1,0.95
56aabbdc-3525-8544-a797-047f357bce23,20366d86-d4dd-8a03-48cf-5116ee66824f,synthetic/jacket_Mulberry_Silk_3.jpg,front,jacket,Silk,Mulberry Silk,Zara,3283,53,191,0.173,0.213,0.194,0.214,tear stain fading,back,0.5,fair,UPCYCLE,synthetic_v1,0.95
4fb93fc2-a498-0f0f-b331-1e2cff963f6d,5695ffa6-4793-60d9-a4eb-a6cfd88f4324,synthetic/jacket_Wool_3.jpg,front,jacket,Merino Wool,Wool,H&M,7105,5,52,0.173,0.213,0.194,0.214,tear stain fading,overall,0.61,fair,UPCYCLE,synthetic_v1,0.95
c09acb48-ca50-35b8-ddee-784d9757f77d,42a5b5ff-279d-1718-8bac-c21d848980db,synthetic/jacket_Linen_3.jpg,front,jacket,Linen,Linen,FabIndia,8134,47,23,0.173,0.214,0.194,0.214,tear stain fading,sleeve,0.48,fair,UPCYCLE,synthetic_v1,0.95
ff647b73-a22f-9d63-b77f-a2c5ce6c9555,4e1851ac-1c55-5303-145f-dc609bfdee86,synthetic/jacket_Recycled_Polyester_3.jpg,front,jacket,Recycled Poly,Recycled Polyester,Urbanic,833,52,106,0.173,0.214,0.194,0.214,tear stain fading,hem,0.63,fair,UPCYCLE,synthetic_v1,0.95
8bde4cbc-8e7e-0f28-298c-2d973782195d,16e2b957-8a17-28a7-bb17-5cfd8095d71f,synthetic/jacket_Polyester_3.jpg,front,jacket,Polyester,Polyester,Zudio,4557,45,41,0.173,0.214,0.194,0.214,tear stain fading,collar,0.46,fair,UPCYCLE,synthetic_v1,0.95
103a101f-ddaf-97bc-1e40-2e6f98b40dd0,9e6e8503-e0c2-99b0-c919-0dd11da73e94,synthetic/jacket_Nylon_3.jpg,front,jacket,Nylon,Nylon,Udyog,6223,11,151,0.174,0.214,0.194,0.214,tear stain fading,pocket,0.55,fair,UPCYCLE,synthetic_v1,0.95
bbf3746a-8396-8d57-1418-d50dbc837881,93b757b2-039a-347e-b33b-93c80b267259,synthetic/jacket_Viscose_3.jpg,front,jacket,Viscose,Viscose,Nexa,2156,24,118,0.174,0.214,0.194,0.214,tear stain fading,knee,0.54,fair,UPCYCLE,synthetic_v1,0.95
425b57d0-f0c0-e9cc-d6a5-6ec773fffa2b,49198355-c6a2-8c19-b489-8dc02c8e4a52,synthetic/trousers_Standard_Cotton_3.jpg,front,trousers,Cotton,Standard Cotton,Unbranded,1911,26,4,0.174,0.214,0.194,0.214,tear stain fading,back,0.57,fair,UPCYCLE,synthetic_v1,0.95
9df1eb5c-49f8-83f8-8e41-61c320ef0006,d9c331b4-6dc6-85fc-d9f0-b987a0b612a5,synthetic/trousers_Mulberry_Silk_3.jpg,front,trousers,Silk,Mulberry Silk,Zara,8575,31,72,0.174,0.214,0.194,0.214,tear stain fading,overall,0.52,fair,UPCYCLE,synthetic_v1,0.95
1b543677-52bf-1ad4-b768-c2bea20ea457,ef4393c0-b643-257a-fecb-567b9ccd1f32,synthetic/trousers_Wool_3.jpg,front,trousers,Merino Wool,Wool,H&M,8918,18,83,0.174,0.214,0.194,0.214,tear stain fading,sleeve,0.59,fair,UPCYCLE,synthetic_v1,0.95
5e1b4868-7031-8f52-533b-dc55ddc56f70,2f29e3a6-94b0-5946-5ed6-ddedf136a39a,synthetic/trousers_Linen_3.jpg,front,trousers,Linen,Linen,FabIndia,2499,58,61,0.174,0.214,0.194,0.214,tear stain fading,hem,0.5,fair,UPCYCLE,synthetic_v1,0.95
6642204d-f488-a881-539d-e1f0e1b6cd1c,fffb6807-8af4-8906-dd6c-8a62df736a02,synthetic/trousers_Recycled_Polyester_3.jpg,front,trousers,Recycled Poly,Recycled Polyester,Urbanic,1862,11,170,0.174,0.214,0.194,0.214,tear stain fading,collar,0.61,fair,UPCYCLE,synthetic_v1,0.95
a1f3204a-6241-dfe6-afbe-7555c38f9f06,e2e4faa4-94c4-a68f-bca1-556fb893eb66,synthetic/trousers_Polyester_3.jpg,front,trousers,Polyester,Polyester,Zudio,4557,45,176,0.174,0.214,0.194,0.214,tear stain fading,pocket,0.48,fair,UPCYCLE,synthetic_v1,0.95
7a19d4c1-d777-adeb-0f8e-7ae09f0b4716,83a42b4e-ca81-6781-4e3d-9726890d85fc,synthetic/trousers_Nylon_3.jpg,front,trousers,Nylon,Nylon,Udyog,2058,30,69,0.174,0.214,0.194,0.214,tear stain fading,knee,0.63,fair,UPCYCLE,synthetic_v1,0.95
13d307f9-42e4-9aa8-f651-cc2dc6fa7a76,19307de3-9009-a953-bf04-ce93ac9e6d11,synthetic/trousers_Viscose_3.jpg,front,trousers,Viscose,Viscose,Nexa,8036,2,143,0.174,0.214,0.194,0.215,tear stain fading,back,0.46,fair,UPCYCLE,synthetic_v1,0.95
9afad190-c35a-4841-a98f-a351f4cf434f,478d0d5b-efa7-729e-02be-670ea03f6c35,synthetic/shirt_Standard_Cotton_3.jpg,front,shirt,Cotton,Standard Cotton,Unbranded,4753,19,39,0.174,0.214,0.194,0.215,tear stain fading,overall,0.55,fair,UPCYCLE,synthetic_v1,0.95
e2f4f787-b4b5-587d-4917-e16627e02d2f,570209b2-4f03-f669-b3a7-79d16869e5df,synthetic/shirt_Mulberry_Silk_3.jpg,front,shirt,Silk,Mulberry Silk,Zara,8428,53,93,0.174,0.214,0.194,0.215,tear stain fading,sleeve,0.54,fair,UPCYCLE,synthetic_v1,0.95
df526d07-429a-d2ec-1c26-f10468de50f9,9a29952d-e07f-00e4-88a0-2e46cbc5dbd0,synthetic/shirt_Wool_3.jpg,front,shirt,Merino Wool,Wool,H&M,6419,40,61,0.174,0.214,0.194,0.215,tear stain fading,hem,0.57,fair,UPCYCLE,synthetic_v1,0.95
bcb5254b-9f8e-fef5-8341-4f1f4a4a8ba7,09f5bb6a-226a-248c-397e-d2cb50e7c20a,synthetic/shirt_Linen_3.jpg,front,shirt,Linen,Linen,FabIndia,6517,18,104,0.174,0.214,0.195,0.215,tear stain fading,collar,0.52,fair,UPCYCLE,synthetic_v1,0.95
edbdcaec-a1fe-0a19-1f13-1412ed03a1f4,9e725248-5fb1-7587-753c-f3cd30f8f27c,synthetic/shirt_Recycled_Polyester_3.jpg,front,shirt,Recycled Poly,Recycled Polyester,Urbanic,4410,45,197,0.174,0.214,0.195,0.215,tear stain fading,pocket,0.59,fair,UPCYCLE,synthetic_v1,0.95
324c853f-e314-53f8-3981-92722bd51bf9,00494d41-172f-32a0-ecdf-a16199ee78ed,synthetic/shirt_Polyester_3.jpg,front,shirt,Polyester,Polyester,Zudio,3479,50,54,0.174,0.214,0.195,0.215,tear stain fading,knee,0.5,fair,UPCYCLE,synthetic_v1,0.95
7e4f8101-784f-8cd7-fdf1-eb864a309782,0fb2e6fa-e314-3f3f-be14-3bc941e81dc7,synthetic/shirt_Nylon_3.jpg,front,shirt,Nylon,Nylon,Udyog,1176,43,153,0.174,0.214,0.195,0.215,tear stain fading,back,0.61,fair,UPCYCLE,synthetic_v1,0.95
67a0ba88-5956-7157-1ae9-e06fd74f688b,6124fb51-ddae-efa3-f149-61496230dcad,synthetic/shirt_Viscose_3.jpg,front,shirt,Viscose,Viscose,Nexa,4851,52,184,0.174,0.215,0.195,0.215,tear stain fading,overall,0.48,fair,UPCYCLE,synthetic_v1,0.95
7852252e-c64d-bd1e-4e1a-300e48f83b3c,68747558-e299-e4f8-faad-2729f9f70e9a,synthetic/tshirt_Standard_Cotton_3.jpg,front,tshirt,Cotton,Standard Cotton,Unbranded,1715,52,138,0.174,0.215,0.195,0.215,tear stain fading,sleeve,0.63,fair,UPCYCLE,synthetic_v1,0.95
b856b25d-9a80-3c0e-d24a-9b658ab58988,8819ffd6-8567-b140-1c9e-4569d4dc63c7,synthetic/tshirt_Mulberry_Silk_3.jpg,front,tshirt,Silk,Mulberry Silk,Zara,6860,23,46,0.174,0.215,0.195,0.215,tear stain fading,hem,0.46,fair,UPCYCLE,synthetic_v1,0.95
21f5c967-2c05-b11a-0ed1-c8a5ba38f259,18c788dc-e6a1-7515-bb5b-1795491ae430,synthetic/tshirt_Wool_3.jpg,front,tshirt,Merino Wool,Wool,H&M,735,17,48,0.175,0.215,0.195,0.215,tear stain fading,collar,0.55,fair,UPCYCLE,synthetic_v1,0.95
b5b880f7-bdf3-689a-899b-3f3fff23f62f,615c1418-59cf-ca98-0ba0-a556ac0ecb67,synthetic/tshirt_Linen_3.jpg,front,tshirt,Linen,Linen,FabIndia,1813,43,48,0.175,0.215,0.195,0.215,tear stain fading,pocket,0.54,fair,UPCYCLE,synthetic_v1,0.95
cf092c5d-ed81-0316-51ce-f1683bb17f26,ce665401-1587-f46f-6111-4b26cbe48989,synthetic/tshirt_Recycled_Polyester_3.jpg,front,tshirt,Recycled Poly,Recycled Polyester,Urbanic,6321,16,121,0.175,0.215,0.195,0.215,tear stain fading,knee,0.57,fair,UPCYCLE,synthetic_v1,0.95
30cac58b-dd78-1c4f-a229-d60dfb979993,51ec48bd-d538-6079-34c7-b6bb8fdfad30,synthetic/tshirt_Polyester_3.jpg,front,tshirt,Polyester,Polyester,Zudio,7007,44,132,0.175,0.215,0.195,0.215,tear stain fading,back,0.52,fair,UPCYCLE,synthetic_v1,0.95
1a69d3c7-4e0e-2504-e45d-5ab67f8a5c8c,48937afd-90dc-34a2-cef4-26c6cbf6c474,synthetic/tshirt_Nylon_3.jpg,front,tshirt,Nylon,Nylon,Udyog,6566,50,29,0.175,0.215,0.195,0.215,tear stain fading,overall,0.59,fair,UPCYCLE,synthetic_v1,0.95
924a393e-b543-40da-ca91-b0a4095cda62,280b0266-f1b3-4600-5fd5-57595309eec2,synthetic/tshirt_Viscose_3.jpg,front,tshirt,Viscose,Viscose,Nexa,5978,45,104,0.175,0.215,0.195,0.215,tear stain fading,sleeve,0.5,fair,UPCYCLE,synthetic_v1,0.95
cf0e42f0-835a-b934-ec95-df47088cdd12,e2c242f2-3125-99a1-b8df-dd810398d116,synthetic/dress_Standard_Cotton_3.jpg,front,dress,Cotton,Standard Cotton,Unbranded,3234,24,75,0.175,0.215,0.195,0.215,tear stain fading,hem,0.61,fair,UPCYCLE,synthetic_v1,0.95
1430597e-42e8-7a40-a7ff-c8654038ac0b,899d2456-9580-4334-48c4-dc4207dc96e4,synthetic/dress_Mulberry_Silk_3.jpg,front,dress,Silk,Mulberry Silk,Zara,8820,9,118,0.175,0.215,0.195,0.215,tear stain fading,collar,0.48,fair,UPCYCLE,synthetic_v1,0.95
99eb005b-250d-ef4d-f3de-6debfd6319b8,5832671e-fdc6-fada-84a7-28a26249b63a,synthetic/dress_Wool_3.jpg,front,dress,Merino Wool,Wool,H&M,6223,38,129,0.175,0.215,0.195,0.215,tear stain fading,pocket,0.63,fair,RESELL,synthetic_v1,0.95
20131268-97ad-571f-a62c-952cb21bd810,9c8f6854-dd4e-0b4b-15d4-1a45a3963689,synthetic/dress_Linen_3.jpg,front,dress,Linen,Linen,FabIndia,4900,57,165,0.175,0.215,0.195,0.216,tear stain fading,knee,0.46,fair,UPCYCLE,synthetic_v1,0.95
d2604807-f430-c262-f8d9-b5bb5ba945d5,a150c92f-da59-4ca4-fd35-8fa011d29c93,synthetic/dress_Recycled_Polyester_3.jpg,front,dress,Recycled Poly,Recycled Polyester,Urbanic,4459,60,114,0.175,0.215,0.195,0.216,tear stain fading,back,0.55,fair,UPCYCLE,synthetic_v1,0.95
82b3dea8-3022-db50-fdea-8c7c9ba17927,cc8c5fef-03d3-8bfe-d5d8-d48210bba34e,synthetic/dress_Polyester_3.jpg,front,dress,Polyester,Polyester,Zudio,7056,39,196,0.175,0.215,0.195,0.216,tear stain fading,overall,0.54,fair,UPCYCLE,synthetic_v1,0.95
055d5636-86ba-73a0-6711-f4188b99dcf9,f8cb2b86-d26f-a22f-3532-de2a04f1e0ff,synthetic/dress_Nylon_3.jpg,front,dress,Nylon,Nylon,Udyog,8771,8,54,0.175,0.215,0.195,0.216,tear stain fading,sleeve,0.57,fair,UPCYCLE,synthetic_v1,0.95
e8233f0e-67ec-ef99-f568-dedf80fce268,cb545c10-fabe-26b7-07ac-f34c8d87b8c4,synthetic/dress_Viscose_3.jpg,front,dress,Viscose,Viscose,Nexa,1127,3,28,0.175,0.215,0.196,0.216,tear stain fading,hem,0.52,fair,UPCYCLE,synthetic_v1,0.95
18df5ab4-b21e-fdac-c882-2753ebf78088,0a328f74-56bd-f5e3-2091-e0fd28a27bcd,synthetic/blouse_Standard_Cotton_3.jpg,front,blouse,Cotton,Standard Cotton,Unbranded,2695,34,37,0.175,0.215,0.196,0.216,tear stain fading,collar,0.59,fair,UPCYCLE,synthetic_v1,0.95
ec17b84c-993b-7dba-ee96-6370abf845f1,e994d507-4097-1729-f8ca-bbc00ed4053b,synthetic/blouse_Mulberry_Silk_3.jpg,front,blouse,Silk,Mulberry Silk,Zara,7252,38,57,0.175,0.215,0.196,0.216,tear stain fading,pocket,0.5,fair,UPCYCLE,synthetic_v1,0.95
dd10ff9b-c91d-5ca4-3b57-4ff2c018295b,7536a3db-adef-8ef5-8ad1-e5fbd95e2091,synthetic/blouse_Wool_3.jpg,front,blouse,Merino Wool,Wool,H&M,8869,43,127,0.175,0.215,0.196,0.216,tear stain fading,knee,0.61,fair,UPCYCLE,synthetic_v1,0.95
cc29317e-a7b9-2ef2-c61a-9d1310c5b769,af61c3bb-31ce-9953-d9d3-e065e3095308,synthetic/blouse_Linen_3.jpg,front,blouse,Linen,Linen,FabIndia,4116,31,171,0.175,0.216,0.196,0.216,tear stain fading,back,0.48,fair,UPCYCLE,synthetic_v1,0.95
f00428f9-b35a-129a-d596-9d75054a29da,5d457f42-141b-982c-639d-ccc8e0bbd910,synthetic/blouse_Recycled_Polyester_3.jpg,front,blouse,Recycled Poly,Recycled Polyester,Urbanic,2891,28,89,0.175,0.216,0.196,0.216,tear stain fading,overall,0.63,fair,UPCYCLE,synthetic_v1,0.95
fadb0a14-cf2b-2f6e-5764-0d3484d9a35c,f949026e-00c0-7122-5a0e-ebb5d32cc70d,synthetic/blouse_Polyester_3.jpg,front,blouse,Polyester,Polyester,Zudio,2499,6,92,0.175,0.216,0.196,0.216,tear stain fading,sleeve,0.46,fair,UPCYCLE,synthetic_v1,0.95
bad5c4fd-bcf7-26a5-8ca9-fd508998dc6c,36ee8c72-a59e-e9c5-ccc2-5f247ac488db,synthetic/blouse_Nylon_3.jpg,front,blouse,Nylon,Nylon,Udyog,2499,4,168,0.176,0.216,0.196,0.216,tear stain fading,hem,0.55,fair,UPCYCLE,synthetic_v1,0.95
ea81a46c-956e-ada7-93e3-1bdedbc3e0d1,cd003bd7-dcc2-8723-36ac-0e455f0e4e15,synthetic/blouse_Viscose_3.jpg,front,blouse,Viscose,Viscose,Nexa,1176,42,183,0.176,0.216,0.196,0.216,tear stain fading,collar,0.54,fair,UPCYCLE,synthetic_v1,0.95
8bc7554a-7540-764b-3d01-12ab682d292d,c924c907-5038-0fe9-24e5-fcf74b304020,synthetic/lehenga_Standard_Cotton_3.jpg,front,lehenga,Cotton,Standard Cotton,Unbranded,7889,23,79,0.176,0.216,0.196,0.216,tear stain fading,pocket,0.57,fair,UPCYCLE,synthetic_v1,0.95
44a11832-f765-a7ba-4758-57a12232c5cc,7ae77bb2-fe70-13bd-9602-77c2dcd0b56c,synthetic/lehenga_Mulberry_Silk_3.jpg,front,lehenga,Silk,Mulberry Silk,Zara,3822,13,35,0.176,0.216,0.196,0.216,tear stain fading,knee,0.52,fair,UPCYCLE,synthetic_v1,0.95
90b96c91-05ab-acf3-ea3d-d779144727c9,a5c090a8-52dc-0ce6-861b-d2d4fc4707e8,synthetic/lehenga_Wool_3.jpg,front,lehenga,Merino Wool,Wool,H&M,2744,32,197,0.176,0.216,0.196,0.216,tear stain fading,back,0.59,fair,UPCYCLE,synthetic_v1,0.95
bc7dd824-b675-00a3-1275-b58de1ee8727,f5a97390-e277-74c6-fe70-573dd0c2f15e,synthetic/lehenga_Linen_3.jpg,front,lehenga,Linen,Linen,FabIndia,2499,21,149,0.176,0.216,0.196,0.216,tear stain fading,overall,0.5,fair,UPCYCLE,synthetic_v1,0.95
a85c51f3-4f41-b43d-a415-8b956088d437,f38e3959-1ce1-1c91-9b13-eed3c2495853,synthetic/lehenga_Recycled_Polyester_3.jpg,front,lehenga,Recycled Poly,Recycled Polyester,Urbanic,8722,33,186,0.176,0.216,0.196,0.216,tear stain fading,sleeve,0.61,fair,UPCYCLE,synthetic_v1,0.95
d09f14d4-bf35-9cd4-161d-ff0fed6e75b8,3db8f786-3806-98d3-6600-16f58540aa8a,synthetic/lehenga_Polyester_3.jpg,front,lehenga,Polyester,Polyester,Zudio,4508,24,157,0.176,0.216,0.196,0.216,tear stain fading,hem,0.48,fair,UPCYCLE,synthetic_v1,0.95
0e8acda5-7010-fb4d-9c2d-38bcec6e62f4,2e66b03b-0b55-be4d-134b-4fb8b8e18216,synthetic/lehenga_Nylon_3.jpg,front,lehenga,Nylon,Nylon,Udyog,4263,51,52,0.176,0.216,0.196,0.216,tear stain fading,collar,0.63,fair,UPCYCLE,synthetic_v1,0.95
14c86a5c-4a88-caec-3cba-f1bb2f255092,9ee20e0f-6e94-d129-5c81-447de0771c82,synthetic/lehenga_Viscose_3.jpg,front,lehenga,Viscose,Viscose,Nexa,2352,18,182,0.176,0.216,0.196,0.217,tear stain fading,pocket,0.46,fair,UPCYCLE,synthetic_v1,0.95
fc2c74d1-221d-7db0-f09b-ba733cf2143d,8c75212d-e60e-2054-f27f-ee8f3e7be01c,synthetic/kurta_Standard_Cotton_4.jpg,front,kurta,Cotton,Standard Cotton,Unbranded,4998,51,167,0.416,0.366,0.316,0.367,tear hole stain,knee,0.4,fair,RECYCLE,synthetic_v1,0.95
ef287c8d-bc76-cb90-38eb-01efc21b8694,f622454c-2263-d4a7-0661-979e608bec48,synthetic/kurta_Mulberry_Silk_4.jpg,front,kurta,Silk,Mulberry Silk,Zara,6958,40,138,0.416,0.366,0.316,0.367,tear hole stain,back,0.39,fair,UPCYCLE,synthetic_v1,0.95
341b84c1-3a45-a0ff-5ca7-bc52fd3747de,539ce834-7392-6138-61b2-51e21d0b01a0,synthetic/kurta_Wool_4.jpg,front,kurta,Merino Wool,Wool,H&M,7105,27,130,0.416,0.366,0.316,0.367,tear hole stain,overall,0.42,fair,UPCYCLE,synthetic_v1,0.95
91d7c1e1-7173-12ac-6692-928bb6808011,3ab12830-803d-b264-0f2a-d3f72bad0b4c,synthetic/kurta_Linen_4.jpg,front,kurta,Linen,Linen,FabIndia,2254,12,143,0.416,0.366,0.317,0.367,tear hole stain,sleeve,0.37,fair,UPCYCLE,synthetic_v1,0.95
5d05edc9-ca01-0234-11ee-6d180bb6793e,8b9fa4f9-2436-5529-3b2e-c7c4f505f1af,synthetic/kurta_Recycled_Polyester_4.jpg,front,kurta,Recycled Poly,Recycled Polyester,Urbanic,6174,34,80,0.416,0.366,0.317,0.367,tear hole stain,hem,0.44,fair,UPCYCLE,synthetic_v1,0.95
685ae6fd-26ae-26a1-d0a3-96929b8c9745,ab3b7f09-2aea-0f84-dab9-8a26e5757ad6,synthetic/kurta_Polyester_4.jpg,front,kurta,Polyester,Polyester,Zudio,7007,31,5,0.416,0.366,0.317,0.367,tear hole stain,collar,0.35,fair,RECYCLE,synthetic_v1,0.95
11b7ef30-4fdf-ce78-5145-55174d14e053,b59415ec-2bb5-6e9d-20ae-29824400b3c6,synthetic/kurta_Nylon_4.jpg,front,kurta,Nylon,Nylon,Udyog,4361,33,168,0.416,0.366,0.317,0.367,tear hole stain,pocket,0.46,fair,UPCYCLE,synthetic_v1,0.95
c9881c90-60a8-a8e9-6d53-aaa449a0cdf6,d467c550-ec0d-3fbf-143e-bd7dfe3c407f,synthetic/kurta_Viscose_4.jpg,front,kurta,Viscose,Viscose,Nexa,490,32,172,0.416,0.367,0.317,0.367,tear hole stain,knee,0.33,fair,RECYCLE,synthetic_v1,0.95
b3072b55-9168-a308-64b1-528bb9cbf2a4,df4183bc-95ae-ee81-3ff5-5a48aa44d3be,synthetic/saree_Standard_Cotton_4.jpg,front,saree,Cotton,Standard Cotton,Unbranded,5047,13,148,0.416,0.367,0.317,0.367,tear hole stain,back,0.48,fair,UPCYCLE,synthetic_v1,0.95
d71cd584-5301-2495-5ef0-1803cfa44202,24dfaf7a-1f54-81f4-4ffe-27d064016da9,synthetic/saree_Mulberry_Silk_4.jpg,front,saree,Silk,Mulberry Silk,Zara,3381,27,175,0.416,0.367,0.317,0.367,tear hole stain,overall,0.31,fair,UPCYCLE,synthetic_v1,0.95
ba5ff1a1-b1fb-d728-5a26-29e58fff93d4,71d794ce-59d9-375e-bff9-e410da3065f1,synthetic/saree_Wool_4.jpg,front,saree,Merino Wool,Wool,H&M,2597,38,83,0.417,0.367,0.317,0.367,tear hole stain,sleeve,0.4,fair,UPCYCLE,synthetic_v1,0.95
6fe0d11d-e292-27ea-67ea-99821fcf14d7,02c6b51a-bbac-bb8d-496a-44153d9c995b,synthetic/saree_Linen_4.jpg,front,saree,Linen,Linen,FabIndia,2205,56,127,0.417,0.367,0.317,0.367,tear hole stain,hem,0.39,fair,UPCYCLE,synthetic_v1,0.95
c3a999fc-db39-6ce1-d133-4e8d5dc998f6,8c0c8f0b-02ba-722e-ba55-1564bca52837,synthetic/saree_Recycled_Polyester_4.jpg,front,saree,Recycled Poly,Recycled Polyester,Urbanic,4704,47,198,0.417,0.367,0.317,0.367,tear hole stain,collar,0.42,fair,RECYCLE,synthetic_v1,0.95
1b28e448-9002-c549-a64f-f93db0375797,b01b9236-4d25-e034-fd52-754275d5508f,synthetic/saree_Polyester_4.jpg,front,saree,Polyester,Polyester,Zudio,3675,26,90,0.417,0.367,0.317,0.367,tear hole stain,pocket,0.37,fair,RECYCLE,synthetic_v1,0.95
901a9ff6-bca9-a779-e8b3-da01b7debe08,21b24d24-be82-cbb0-b594-d104ff8e85d2,synthetic/saree_Nylon_4.jpg,front,saree,Nylon,Nylon,Udyog,6125,41,46,0.417,0.367,0.317,0.367,tear hole stain,knee,0.44,fair,RECYCLE,synthetic_v1,0.95
a38ddd5c-d2dd-7d59-0d17-9e635a6f30bb,647bcc35-f88b-dce0-69fe-ba0d4ee120e1,synthetic/saree_Viscose_4.jpg,front,saree,Viscose,Viscose,Nexa,7497,58,99,0.417,0.367,0.317,0.367,tear hole stain,back,0.35,fair,RECYCLE,synthetic_v1,0.95
d4c660ef-eb8a-ade2-ce3b-bb52756d36ed,93156b0c-427d-e497-76da-987c0b748f02,synthetic/jeans_Standard_Cotton_4.jpg,front,jeans,Cotton,Standard Cotton,Unbranded,8967,15,190,0.417,0.367,0.317,0.367,tear hole stain,overall,0.46,fair,UPCYCLE,synthetic_v1,0.95
10960150-d2bf-ac0e-db01-af3c635ccb2a,367283cf-cca0-440a-5303-ae24a37ea0c0,synthetic/jeans_Mulberry_Silk_4.jpg,front,jeans,Silk,Mulberry Silk,Zara,1078,3,127,0.417,0.367,0.317,0.367,tear hole stain,sleeve,0.33,fair,UPCYCLE,synthetic_v1,0.95
a0fcbb32-508b-d3bc-085f-72f46e0f6fa5,380b2f19-19b7-4d7a-fadf-40ef2974faf1,synthetic/jeans_Wool_4.jpg,front,jeans,Merino Wool,Wool,H&M,2597,35,179,0.417,0.367,0.317,0.367,tear hole stain,hem,0.48,fair,UPCYCLE,synthetic_v1,0.95
51b6ff00-1843-d63e-eede-4cf99971a622,4d4d02d4-c42f-d4f5-26b3-aa3809e65550,synthetic/jeans_Linen_4.jpg,front,jeans,Linen,Linen,FabIndia,1519,18,189,0.417,0.367,0.317,0.368,tear hole stain,collar,0.31,fair,UPCYCLE,synthetic_v1,0.95
b47e692c-0b7c-4ceb-0a9d-78e3d0ce37bd,5b068704-a75f-043c-170b-1e5f7bc1ad4c,synthetic/jeans_Recycled_Polyester_4.jpg,front,jeans,Recycled Poly,Recycled Polyester,Urbanic,1274,41,148,0.417,0.367,0.317,0.368,tear hole stain,pocket,0.4,fair,RECYCLE,synthetic_v1,0.95
341d420d-bb59-9e6f-158c-bc405a3e4bc1,b623102d-d1c0-ccd4-ed4c-6b5617a3ab6f,synthetic/jeans_Polyester_4.jpg,front,jeans,Polyester,Polyester,Zudio,6027,21,35,0.417,0.367,0.317,0.368,tear hole stain,knee,0.39,fair,RECYCLE,synthetic_v1,0.95
cd00f6e6-00b5-ed47-6ec6-9559447546eb,08a1807b-f55e-82be-470c-02f0938f03c1,synthetic/jeans_Nylon_4.jpg,front,jeans,Nylon,Nylon,Udyog,7987,19,59,0.417,0.367,0.317,0.368,tear hole stain,back,0.42,fair,RECYCLE,synthetic_v1,0.95
1a8caa1a-14d9-f261-33f6-31ef6fef24ee,7430862f-3e54-e1c8-fd28-5fb9f8ced84c,synthetic/jeans_Viscose_4.jpg,front,jeans,Viscose,Viscose,Nexa,2009,14,67,0.417,0.367,0.318,0.368,tear hole stain,overall,0.37,fair,RECYCLE,synthetic_v1,0.95
0e79f40c-b974-2434-c512-fcd9758a20a8,5d8935bb-e700-69bf-dc79-a80837554b39,synthetic/jacket_Standard_Cotton_4.jpg,front,jacket,Cotton,Standard Cotton,Unbranded,2940,19,194,0.417,0.367,0.318,0.368,tear hole stain,sleeve,0.44,fair,RECYCLE,synthetic_v1,0.95
21acaab3-5de2-e8d0-ec76-e69764b20eda,7ec1f025-05f0-f56c-d343-2af8cee64551,synthetic/jacket_Mulberry_Silk_4.jpg,front,jacket,Silk,Mulberry Silk,Zara,6419,15,44,0.417,0.367,0.318,0.368,tear hole stain,hem,0.35,fair,UPCYCLE,synthetic_v1,0.95
a85389ad-f7f3-46dd-71d4-c6ac900a9c19,bd717040-2e83-a419-9a1b-6338e2e3c71f,synthetic/jacket_Wool_4.jpg,front,jacket,Merino Wool,Wool,H&M,8967,38,33,0.417,0.367,0.318,0.368,tear hole stain,collar,0.46,fair,UPCYCLE,synthetic_v1,0.95
69eecff5-c70f-7de4-fb93-c6f92cd8ce84,dd264a0d-ab2e-cb89-0fc1-f391479347c9,synthetic/jacket_Linen_4.jpg,front,jacket,Linen,Linen,FabIndia,1666,41,72,0.417,0.368,0.318,0.368,tear hole stain,pocket,0.33,fair,UPCYCLE,synthetic_v1,0.95
2a0cf9d3-6ba7-d19b-5693-c9c70023cd15,af5b3962-0516-64c6-523d-fc35f5415cc2,synthetic/jacket_Recycled_Polyester_4.jpg,front,jacket,Recycled Poly,Recycled Polyester,Urbanic,8232,16,49,0.417,0.368,0.318,0.368,tear hole stain,knee,0.48,fair,UPCYCLE,synthetic_v1,0.95
c3c3b6c9-4f9b-9972-1478-165df8f3ce77,51c1a489-8dd8-d5cf-410d-a2aa3a8d84d5,synthetic/jacket_Polyester_4.jpg,front,jacket,Polyester,Polyester,Zudio,5488,5,57,0.417,0.368,0.318,0.368,tear hole stain,back,0.31,fair,RECYCLE,synthetic_v1,0.95
655841c0-2a57-8300-dcee-1af6c77a4654,15a3bb58-7d7c-e553-6ba9-2ff2258e5091,synthetic/jacket_Nylon_4.jpg,front,jacket,Nylon,Nylon,Udyog,6272,22,143,0.418,0.368,0.318,0.368,tear hole stain,overall,0.4,fair,RECYCLE,synthetic_v1,0.95
a48da35a-faf5-50a5-db1a-26fe68141f11,3ba1d0e2-153f-cbf8-b7ff-f1d1768439a0,synthetic/jacket_Viscose_4.jpg,front,jacket,Viscose,Viscose,Nexa,8330,29,85,0.418,0.368,0.318,0.368,tear hole stain,sleeve,0.39,fair,RECYCLE,synthetic_v1,0.95
d48053c5-151d-4527-db95-03392a49c92d,1ae64aad-bd46-960a-34f5-16b8119d6680,synthetic/trousers_Standard_Cotton_4.jpg,front,trousers,Cotton,Standard Cotton,Unbranded,6664,42,163,0.418,0.368,0.318,0.368,tear hole stain,hem,0.42,fair,RECYCLE,synthetic_v1,0.95
2d168d5b-6fbc-8138-1117-0fcb049a81da,a6e9eb07-ff41-0d99-f82d-11367dec23ca,synthetic/trousers_Mulberry_Silk_4.jpg,front,trousers,Silk,Mulberry Silk,Zara,5782,42,44,0.418,0.368,0.318,0.368,tear hole stain,collar,0.37,fair,UPCYCLE,synthetic_v1,0.95
a3f5ea37-6823-5853-4f9b-9f279065e5b3,5f895d2a-afbe-8663-6db0-7998cb030d2c,synthetic/trousers_Wool_4.jpg,front,trousers,Merino Wool,Wool,H&M,3185,4,127,0.418,0.368,0.318,0.368,tear hole stain,pocket,0.44,fair,UPCYCLE,synthetic_v1,0.95
1b1610b3-ba29-ec88-7b18-9b81b41d8300,7ce8273d-e54a-bae1-891c-0b9bb42b20aa,synthetic/trousers_Linen_4.jpg,front,trousers,Linen,Linen,FabIndia,4606,57,130,0.418,0.368,0.318,0.368,tear hole stain,knee,0.35,fair,UPCYCLE,synthetic_v1,0.95
b7f0bcb3-b50a-3c89-57a4-740034e76a19,a5d30af5-da68-2737-28e9-7c1d11f8540d,synthetic/trousers_Recycled_Polyester_4.jpg,front,trousers,Recycled Poly,Recycled Polyester,Urbanic,7546,33,190,0.418,0.368,0.318,0.368,tear hole stain,back,0.46,fair,UPCYCLE,synthetic_v1,0.95
29877159-8bb8-220c-41ed-d4e2e99a3b1a,eadd12c6-0ddf-9059-f2fb-98fc6a1d6d60,synthetic/trousers_Polyester_4.jpg,front,trousers,Polyester,Polyester,Zudio,784,42,29,0.418,0.368,0.318,0.368,tear hole stain,overall,0.33,fair,RECYCLE,synthetic_v1,0.95
70081326-e26a-cb52-0e00-73378b4f0da8,9548cf4a-0511-ad55-4fd8-c2d841e69283,synthetic/trousers_Nylon_4.jpg,front,trousers,Nylon,Nylon,Udyog,2205,2,156,0.418,0.368,0.318,0.368,tear hole stain,sleeve,0.48,fair,UPCYCLE,synthetic_v1,0.95
8b5b12aa-9ab7-dce0-9b60-02d20d3b2e5b,d20aa56c-8620-2d8d-6965-862cf826cb51,synthetic/trousers_Viscose_4.jpg,front,trousers,Viscose,Viscose,Nexa,6223,5,121,0.418,0.368,0.318,0.369,tear hole stain,hem,0.31,fair,RECYCLE,synthetic_v1,0.95
69df23c3-7a04-f24f-9fc8-eab33ed86db3,ea420a96-da02-e03b-cdf2-492c82a79be6,synthetic/shirt_Standard_Cotton_4.jpg,front,shirt,Cotton,Standard Cotton,Unbranded,2940,28,148,0.418,0.368,0.318,0.369,tear hole stain,collar,0.4,fair,RECYCLE,synthetic_v1,0.95
e6c27240-7683-a4d0-1881-442460fcb143,9f28ccac-7006-fb49-922d-1e1eaeb8d6c0,synthetic/shirt_Mulberry_Silk_4.jpg,front,shirt,Silk,Mulberry Silk,Zara,1617,27,36,0.418,0.368,0.318,0.369,tear hole stain,pocket,0.39,fair,UPCYCLE,synthetic_v1,0.95
cdfe4beb-adf9-304e-b0a8-bc670183b379,5e9a5fe8-6139-069d-9ee4-d45d460a1ce3,synthetic/shirt_Wool_4.jpg,front,shirt,Merino Wool,Wool,H&M,8379,21,99,0.418,0.368,0.318,0.369,tear hole stain,knee,0.42,fair,UPCYCLE,synthetic_v1,0.95
56ce53cf-93e5-ba67-a4e9-1bf4ba805a76,295a0afc-7add-2d0b-822d-f3ebfdf1c657,synthetic/shirt_Linen_4.jpg,front,shirt,Linen,Linen,FabIndia,4557,33,18,0.418,0.368,0.319,0.369,tear hole stain,back,0.37,fair,UPCYCLE,synthetic_v1,0.95
76b9fddb-59c0-713a-1475-668073e1f932,ed896926-ab3f-6469-b920-c13935ca81a9,synthetic/shirt_Recycled_Polyester_4.jpg,front,shirt,Recycled Poly,Recycled Polyester,Urbanic,8134,17,41,0.418,0.368,0.319,0.369,tear hole stain,overall,0.44,fair,UPCYCLE,synthetic_v1,0.95
ca97f896-90c6-869d-ef09-3c722d866850,dc84039d-dd79-6125-1e80-f53782468a71,synthetic/shirt_Polyester_4.jpg,front,shirt,Polyester,Polyester,Zudio,5390,55,35,0.418,0.368,0.319,0.369,tear hole stain,sleeve,0.35,fair,RECYCLE,synthetic_v1,0.95
1aa75203-0467-4f38-73c6-8172f54c7cfc,cb09b449-a331-45eb-b6f3-0eb4469e5b8c,synthetic/shirt_Nylon_4.jpg,front,shirt,Nylon,Nylon,Udyog,6909,57,7,0.418,0.368,0.319,0.369,tear hole stain,hem,0.46,fair,UPCYCLE,synthetic_v1,0.95
c460d108-57ef-61e0-7967-ec1f5d636a11,e4110ce8-9584-725b-4fd0-8b54000a53c6,synthetic/shirt_Viscose_4.jpg,front,shirt,Viscose,Viscose,Nexa,7350,40,71,0.418,0.369,0.319,0.369,tear hole stain,collar,0.33,fair,RECYCLE,synthetic_v1,0.95
1ed8a075-a532-8bf8-ceda-fe21ed67c242,540e6982-d9f6-ecbe-08f4-5c7b782a3409,synthetic/tshirt_Standard_Cotton_4.jpg,front,tshirt,Cotton,Standard Cotton,Unbranded,6664,57,15,0.418,0.369,0.319,0.369,tear hole stain,pocket,0.48,fair,UPCYCLE,synthetic_v1,0.95
7a73ab75-7c17-2187-5c0b-5d32dcce09bb,819e389f-7bc1-9cf2-c2d6-b8cea1106928,synthetic/tshirt_Mulberry_Silk_4.jpg,front,tshirt,Silk,Mulberry Silk,Zara,2842,58,155,0.418,0.369,0.319,0.369,tear hole stain,knee,0.31,fair,UPCYCLE,synthetic_v1,0.95
6fdf0bb8-5dea-c40d-f206-080da04804c9,516379e9-c83a-71cd-08ad-297bbed3e8bc,synthetic/tshirt_Wool_4.jpg,front,tshirt,Merino Wool,Wool,H&M,637,28,124,0.419,0.369,0.319,0.369,tear hole stain,back,0.4,fair,UPCYCLE,synthetic_v1,0.95
ea065e1e-e90f-90c5-d030-96de7a23a41d,4943a020-69d5-5430-a0a5-159a4a617bc8,synthetic/tshirt_Linen_4.jpg,front,tshirt,Linen,Linen,FabIndia,4949,4,186,0.419,0.369,0.319,0.369,tear hole stain,overall,0.39,fair,UPCYCLE,synthetic_v1,0.95
77f57120-6592-5216-c8d0-ba6966da7e99,17912c92-085c-5df5-497b-75fc61602b37,synthetic/tshirt_Recycled_Polyester_4.jpg,front,tshirt,Recycled Poly,Recycled Polyester,Urbanic,3871,21,17,0.419,0.369,0.319,0.369,tear hole stain,sleeve,0.42,fair,RECYCLE,synthetic_v1,0.95
98e6d96e-dc48-1ed4-30bf-e8a16552736f,5dd1d481-850e-1701-343f-1e1313170577,synthetic/tshirt_Polyester_4.jpg,front,tshirt,Polyester,Polyester,Zudio,2646,52,104,0.419,0.369,0.319,0.369,tear hole stain,hem,0.37,fair,RECYCLE,synthetic_v1,0.95
d5d5c21a-9cef-6605-262e-75929127be12,df5bcac9-5216-5cac-fe3c-ed4db50b2022,synthetic/tshirt_Nylon_4.jpg,front,tshirt,Nylon,Nylon,Udyog,8428,40,17,0.419,0.369,0.319,0.369,tear hole stain,collar,0.44,fair,RECYCLE,synthetic_v1,0.95
6d71035a-2aa2-fe5f-3955-8ffd23adc225,e038d69c-4353-f10a-8a86-6d677a75dcd8,synthetic/tshirt_Viscose_4.jpg,front,tshirt,Viscose,Viscose,Nexa,6566,8,185,0.419,0.369,0.319,0.369,tear hole stain,pocket,0.35,fair,RECYCLE,synthetic_v1,0.95
0d103923-5707-1613-4d70-6da0ff0dfa54,5cb5b610-751b-24f4-f9b2-f289d63f9e3f,synthetic/dress_Standard_Cotton_4.jpg,front,dress,Cotton,Standard Cotton,Unbranded,1862,57,87,0.419,0.369,0.319,0.369,tear hole stain,knee,0.46,fair,UPCYCLE,synthetic_v1,0.95
432ee1cb-6971-7b5b-68a8-52ff5bec6976,c20afbb1-e37b-b732-1164-887a197d7dd1,synthetic/dress_Mulberry_Silk_4.jpg,front,dress,Silk,Mulberry Silk,Zara,8428,19,110,0.419,0.369,0.319,0.369,tear hole stain,back,0.33,fair,UPCYCLE,synthetic_v1,0.95
eeb3be63-1229-aff3-67e6-78b85d8c9b30,bead02b7-833a-c9e3-705c-b86812a0068b,synthetic/dress_Wool_4.jpg,front,dress,Merino Wool,Wool,H&M,3822,38,31,0.419,0.369,0.319,0.369,tear hole stain,overall,0.48,fair,UPCYCLE,synthetic_v1,0.95
972d61b5-848d-6c8e-e8c7-a0f8cee98bc6,9de3979c-5879-3b21-88bd-5abfa1b2dd4a,synthetic/dress_Linen_4.jpg,front,dress,Linen,Linen,FabIndia,5733,16,13,0.419,0.369,0.319,0.37,tear hole stain,sleeve,0.31,fair,UPCYCLE,synthetic_v1,0.95
22ff97ff-3752-6e8b-1f0f-c8dc53fb408c,90174c31-a6f6-f033-3f5d-24597b3c40ae,synthetic/dress_Recycled_Polyester_4.jpg,front,dress,Recycled Poly,Recycled Polyester,Urbanic,6468,21,65,0.419,0.369,0.319,0.37,tear hole stain,hem,0.4,fair,RECYCLE,synthetic_v1,0.95
26866b17-ea2a-07bc-b9cd-1b8efa61a28d,3ad55062-e0da-bfc3-4331-24651ab619e3,synthetic/dress_Polyester_4.jpg,front,dress,Polyester,Polyester,Zudio,8232,37,54,0.419,0.369,0.319,0.37,tear hole stain,collar,0.39,fair,RECYCLE,synthetic_v1,0.95
e737c892-2294-292c-2db0-b5666618a220,6df13227-12b4-e488-abc2-889c77c3531f,synthetic/dress_Nylon_4.jpg,front,dress,Nylon,Nylon,Udyog,3871,4,196,0.419,0.369,0.319,0.37,tear hole stain,pocket,0.42,fair,RECYCLE,synthetic_v1,0.95
20ac95d7-e8f3-40fa-42a2-051c229fde3a,cef8bd69-a341-7509-f975-3498d23f47e5,synthetic/dress_Viscose_4.jpg,front,dress,Viscose,Viscose,Nexa,1078,21,156,0.419,0.369,0.32,0.37,tear hole stain,knee,0.37,fair,RECYCLE,synthetic_v1,0.95
a4e8740c-8471-8470-e790-c51c33f95387,af5b1e33-047e-654e-7eeb-a0ffa331ba2b,synthetic/blouse_Standard_Cotton_4.jpg,front,blouse,Cotton,Standard Cotton,Unbranded,1764,5,184,0.419,0.369,0.32,0.37,tear hole stain,back,0.44,fair,RECYCLE,synthetic_v1,0.95
45f51af3-642f-fb30-3863-c71e76221fb8,412a6202-5829-ccd2-5433-617b200d7563,synthetic/blouse_Mulberry_Silk_4.jpg,front,blouse,Silk,Mulberry Silk,Zara,2940,17,169,0.419,0.369,0.32,0.37,tear hole stain,overall,0.35,fair,UPCYCLE,synthetic_v1,0.95
245c4299-acdc-af19-50e9-3559aa058bb3,abf74499-f369-6b5b-dfbb-d41a00052cf3,synthetic/blouse_Wool_4.jpg,front,blouse,Merino Wool,Wool,H&M,4214,46,193,0.419,0.369,0.32,0.37,tear hole stain,sleeve,0.46,fair,UPCYCLE,synthetic_v1,0.95
10f3cf0b-6bcc-f479-0572-a3775460f2ef,77a9d7c4-ad5f-8ece-6265-f7bf5fb55d54,synthetic/blouse_Linen_4.jpg,front,blouse,Linen,Linen,FabIndia,1274,6,172,0.419,0.37,0.32,0.37,tear hole stain,hem,0.33,fair,UPCYCLE,synthetic_v1,0.95
93a09fab-6add-2c00-ba6c-be6cf4b79a62,b4daab45-bba1-b05b-c283-1e295a2a72e5,synthetic/blouse_Recycled_Polyester_4.jpg,front,blouse,Recycled Poly,Recycled Polyester,Urbanic,4165,29,190,0.419,0.37,0.32,0.37,tear hole stain,collar,0.48,fair,UPCYCLE,synthetic_v1,0.95
2fe31d4f-f004-5151-1e6a-a4247459ee4a,5a592d23-4cc6-7080-25d5-0ea9580e62d3,synthetic/blouse_Polyester_4.jpg,front,blouse,Polyester,Polyester,Zudio,5586,6,14,0.419,0.37,0.32,0.37,tear hole stain,pocket,0.31,fair,RECYCLE,synthetic_v1,0.95
262cec2e-0bbd-f733-8232-d27f8fe6e357,79ab7284-da9e-1665-2bab-1ea3fd93c09b,synthetic/blouse_Nylon_4.jpg,front,blouse,Nylon,Nylon,Udyog,8918,42,182,0.42,0.37,0.32,0.37,tear hole stain,knee,0.4,fair,RECYCLE,synthetic_v1,0.95
605c6903-fe0b-0dd2-8f1e-6b6eca96825d,793234da-f6d7-f113-888e-249a385f6692,synthetic/blouse_Viscose_4.jpg,front,blouse,Viscose,Viscose,Nexa,2254,24,0,0.42,0.37,0.32,0.37,tear hole stain,back,0.39,fair,RECYCLE,synthetic_v1,0.95
b65daf13-82c2-7ff3-b9b3-08cdd1b003fe,552c890c-2e11-40da-8f58-6df575416917,synthetic/lehenga_Standard_Cotton_4.jpg,front,lehenga,Cotton,Standard Cotton,Unbranded,7007,13,9,0.42,0.37,0.32,0.37,tear hole stain,overall,0.42,fair,RECYCLE,synthetic_v1,0.95
9ea73ef4-526d-2b7c-8a22-8c6eeade79dc,38b3853a-848a-e3ff-2267-11d3376b06a5,synthetic/lehenga_Mulberry_Silk_4.jpg,front,lehenga,Silk,Mulberry Silk,Zara,8477,30,178,0.42,0.37,0.32,0.37,tear hole stain,sleeve,0.37,fair,UPCYCLE,synthetic_v1,0.95
1d260910-a645-19d6-127b-0a6a65aa96eb,3e40a111-6c28-5e40-550f-e8b3b4a92419,synthetic/lehenga_Wool_4.jpg,front,lehenga,Merino Wool,Wool,H&M,7399,47,84,0.42,0.37,0.32,0.37,tear hole stain,hem,0.44,fair,UPCYCLE,synthetic_v1,0.95
3fadf71c-8850-3ba8-d570-c321dff5e05f,1f821641-41ea-188b-6ba7-458a2764e3f6,synthetic/lehenga_Linen_4.jpg,front,lehenga,Linen,Linen,FabIndia,5145,16,47,0.42,0.37,0.32,0.37,tear hole stain,collar,0.35,fair,UPCYCLE,synthetic_v1,0.95
72a75132-d918-0b8c-56af-7f001dcc5c2e,2265980e-857c-cfce-b1f6-5d62241e98f1,synthetic/lehenga_Recycled_Polyester_4.jpg,front,lehenga,Recycled Poly,Recycled Polyester,Urbanic,8918,44,163,0.42,0.37,0.32,0.37,tear hole stain,pocket,0.46,fair,UPCYCLE,synthetic_v1,0.95
315ec5b1-e3df-b642-f77e-d5ffa9f109a6,6674320e-5b2d-ec97-ff98-840d0b97b364,synthetic/lehenga_Polyester_4.jpg,front,lehenga,Polyester,Polyester,Zudio,7644,41,110,0.42,0.37,0.32,0.37,tear hole stain,knee,0.33,fair,RECYCLE,synthetic_v1,0.95
a16e1e36-437e-d63a-b0ad-1fde758a05df,cb604005-c28d-a2d6-135f-4f4064ca9869,synthetic/lehenga_Nylon_4.jpg,front,lehenga,Nylon,Nylon,Udyog,4655,48,155,0.42,0.37,0.32,0.37,tear hole stain,back,0.48,fair,UPCYCLE,synthetic_v1,0.95
fb6e233e-001f-9ca4-f343-bda028f2084c,efcd7e63-ab3a-f29b-c965-bb5d1442ae7b,synthetic/lehenga_Viscose_4.jpg,front,lehenga,Viscose,Viscose,Nexa,2842,29,125,0.42,0.37,0.32,0.371,tear hole stain,overall,0.31,fair,RECYCLE,synthetic_v1,0.95
e183ad89-0cc0-11fc-9b3b-92775e819628,a4968d50-3ee3-9222-2cd5-bdaa1fdf701b,synthetic/kurta_Standard_Cotton_5.jpg,front,kurta,Cotton,Standard Cotton,Unbranded,5488,5,91,0.72,0.52,0.52,0.571,hole tear stain broken_zip,sleeve,0.25,fair,RECYCLE,synthetic_v1,0.95
fe1960a1-76ed-268c-eba4-8c9c2e879134,2cc700f8-8150-a3b4-dbf5-a417d8b40c07,synthetic/kurta_Mulberry_Silk_5.jpg,front,kurta,Silk,Mulberry Silk,Zara,3528,60,36,0.72,0.52,0.52,0.571,hole tear stain broken_zip,hem,0.24,fair,UPCYCLE,synthetic_v1,0.95
77c04917-1af2-557a-aa8c-acd48bf64fe3,3e660b83-2718-9ab6-5b73-c154ecdc6a3b,synthetic/kurta_Wool_5.jpg,front,kurta,Merino Wool,Wool,H&M,5145,43,182,0.72,0.52,0.52,0.571,hole tear stain broken_zip,collar,0.27,fair,UPCYCLE,synthetic_v1,0.95
39bc58a8-003a-0f76-77b4-593bf044226d,a25011f1-5e2c-df7d-663f-2e5f1398f5dc,synthetic/kurta_Linen_5.jpg,front,kurta,Linen,Linen,FabIndia,1568,51,110,0.72,0.52,0.521,0.571,hole tear stain broken_zip,pocket,0.22,fair,RECYCLE,synthetic_v1,0.95
086de502-141d-f997-c626-ca2138a79390,02b86440-5400-09a3-d04c-1dcca4cc9ca2,synthetic/kurta_Recycled_Polyester_5.jpg,front,kurta,Recycled Poly,Recycled Polyester,Urbanic,7546,21,123,0.72,0.52,0.521,0.571,hole tear stain broken_zip,knee,0.29,fair,RECYCLE,synthetic_v1,0.95
4993814a-f9b0-9a2a-e5bd-1b3ef1e7094d,4de1d708-44aa-c900-08ea-d3962bd1cb73,synthetic/kurta_Polyester_5.jpg,front,kurta,Polyester,Polyester,Zudio,7742,49,96,0.72,0.52,0.521,0.571,hole tear stain broken_zip,back,0.2,fair,RECYCLE,synthetic_v1,0.95
c1259eda-b1bd-ce13-0b57-3f48d17e1bb8,5e712b49-1bdb-1743-e3da-c671e3a8d53a,synthetic/kurta_Nylon_5.jpg,front,kurta,Nylon,Nylon,Udyog,8771,34,78,0.72,0.52,0.521,0.571,hole tear stain broken_zip,overall,0.31,fair,RECYCLE,synthetic_v1,0.95
3cbf38fa-2bc4-0407-9802-7caac71fa66d,bd13750b-c9ac-8281-7278-448c894f86da,synthetic/kurta_Viscose_5.jpg,front,kurta,Viscose,Viscose,Nexa,2695,20,9,0.72,0.521,0.521,0.571,hole tear stain broken_zip,sleeve,0.18,fair,RECYCLE,synthetic_v1,0.95
b3b3820f-5a5e-ec56-1b71-fd4c0fefd97c,91c0eb60-2d8f-6fa1-b3a5-6e75095a5658,synthetic/saree_Standard_Cotton_5.jpg,front,saree,Cotton,Standard Cotton,Unbranded,7252,14,145,0.72,0.521,0.521,0.571,hole tear stain broken_zip,hem,0.33,fair,RECYCLE,synthetic_v1,0.95
f29ba904-4960-dfba-a864-6123826a0b73,371bdcbe-da7e-743b-8ccd-751bdc7e1ee0,synthetic/saree_Mulberry_Silk_5.jpg,front,saree,Silk,Mulberry Silk,Zara,1617,34,190,0.72,0.521,0.521,0.571,hole tear stain broken_zip,collar,0.16,fair,RECYCLE,synthetic_v1,0.95
46aadc47-18e1-a212-0949-e3d3c431ea36,f722039b-942d-f67c-f3f5-3c89487473b8,synthetic/saree_Wool_5.jpg,front,saree,Merino Wool,Wool,H&M,1568,10,84,0.72,0.521,0.521,0.571,hole tear stain broken_zip,pocket,0.25,fair,UPCYCLE,synthetic_v1,0.95
19718858-bd37-d28b-4f8d-a1499a30756d,62de86de-3773-78bb-56f3-c13f4fe9669e,synthetic/saree_Linen_5.jpg,front,saree,Linen,Linen,FabIndia,7056,25,154,0.721,0.521,0.521,0.571,hole tear stain broken_zip,knee,0.24,fair,RECYCLE,synthetic_v1,0.95
fac8f410-574f-12b8-830d-2eeece21a922,3153fb70-f496-41e2-0b14-34f4d5d5eacb,synthetic/saree_Recycled_Polyester_5.jpg,front,saree,Recycled Poly,Recycled Polyester,Urbanic,3087,33,55,0.721,0.521,0.521,0.571,hole tear stain broken_zip,back,0.27,fair,RECYCLE,synthetic_v1,0.95
9b39f992-ea47-4a8d-bced-ce491381937f,92f95f17-4232-07c3-7339-e570eee14b4a,synthetic/saree_Polyester_5.jpg,front,saree,Polyester,Polyester,Zudio,5145,13,48,0.721,0.521,0.521,0.571,hole tear stain broken_zip,overall,0.22,fair,RECYCLE,synthetic_v1,0.95
8bfa1281-1814-68fe-6c97-b0d9329fbe60,cf78508b-17db-a3dd-9d00-ef84ee01d8a5,synthetic/saree_Nylon_5.jpg,front,saree,Nylon,Nylon,Udyog,7448,25,100,0.721,0.521,0.521,0.571,hole tear stain broken_zip,sleeve,0.29,fair,RECYCLE,synthetic_v1,0.95
c0f54266-6578-1ae0-4a5c-42b484856f8b,ad22de1b-0f83-e9b5-8c73-0290e0d73bdb,synthetic/saree_Viscose_5.jpg,front,saree,Viscose,Viscose,Nexa,5194,14,68,0.721,0.521,0.521,0.571,hole tear stain broken_zip,hem,0.2,fair,RECYCLE,synthetic_v1,0.95
d473296f-72ad-88cd-36c2-09bab00e6aca,13631d39-363e-83a9-4a2f-8a58c12d7992,synthetic/jeans_Standard_Cotton_5.jpg,front,jeans,Cotton,Standard Cotton,Unbranded,1176,33,136,0.721,0.521,0.521,0.571,hole tear stain broken_zip,collar,0.31,fair,RECYCLE,synthetic_v1,0.95
dcabc8ca-42f5-0e23-b6b0-cd5147657208,bb3d7fe0-61cf-f300-6b8a-31ac19595c16,synthetic/jeans_Mulberry_Silk_5.jpg,front,jeans,Silk,Mulberry Silk,Zara,1421,44,117,0.721,0.521,0.521,0.571,hole tear stain broken_zip,pocket,0.18,fair,RECYCLE,synthetic_v1,0.95
cb4726a4-1dff-1aec-245f-783cefb28f02,f75a81bd-d2e4-0cc3-e683-e1b88c4bc482,synthetic/jeans_Wool_5.jpg,front,jeans,Merino Wool,Wool,H&M,637,57,119,0.721,0.521,0.521,0.571,hole tear stain broken_zip,knee,0.33,fair,UPCYCLE,synthetic_v1,0.95
b809bd56-5c14-2633-92f0-ff145c470109,2e25ba6b-776d-42d4-4698-30a3fe71b000,synthetic/jeans_Linen_5.jpg,front,jeans,Linen,Linen,FabIndia,1274,20,184,0.721,0.521,0.521,0.572,hole tear stain broken_zip,back,0.16,fair,RECYCLE,synthetic_v1,0.95
5d35eea7-5249-7ab3-78de-723648d33de7,b3eb7cd0-041e-f58a-4842-fd16557e0a28,synthetic/jeans_Recycled_Polyester_5.jpg,front,jeans,Recycled Poly,Recycled Polyester,Urbanic,6174,42,165,0.721,0.521,0.521,0.572,hole tear stain broken_zip,overall,0.25,fair,RECYCLE,synthetic_v1,0.95
dbef5db7-6f52-b8b7-5afe-61f63eed35ba,366c11fb-0668-4c22-2c42-b09ff7953e76,synthetic/jeans_Polyester_5.jpg,front,jeans,Polyester,Polyester,Zudio,6223,55,130,0.721,0.521,0.521,0.572,hole tear stain broken_zip,sleeve,0.24,fair,RECYCLE,synthetic_v1,0.95
00f03398-1724-6208-022b-8df8a9a3d393,c782ed0f-c20a-e5b2-1a94-a8d4fdd6cb44,synthetic/jeans_Nylon_5.jpg,front,jeans,Nylon,Nylon,Udyog,5537,52,15,0.721,0.521,0.521,0.572,hole tear stain broken_zip,hem,0.27,fair,RECYCLE,synthetic_v1,0.95
6d46a012-a1d4-7654-a75c-72a38912b01f,fa4bb23e-0e3b-c67c-fac3-d49e6d0255f8,synthetic/jeans_Viscose_5.jpg,front,jeans,Viscose,Viscose,Nexa,4116,9,104,0.721,0.521,0.522,0.572,hole tear stain broken_zip,collar,0.22,fair,RECYCLE,synthetic_v1,0.95
f15cf606-930b-9e02-dde3-83c8c4a40db0,c2fb0302-4ca6-a05d-bfef-363535c7f610,synthetic/jacket_Standard_Cotton_5.jpg,front,jacket,Cotton,Standard Cotton,Unbranded,7105,21,177,0.721,0.521,0.522,0.572,hole tear stain broken_zip,pocket,0.29,fair,RECYCLE,synthetic_v1,0.95
4611f017-11ac-aa4d-3677-8743be6e253d,2da3d4dd-d37a-c92a-8fb1-5b51aae30c4f,synthetic/jacket_Mulberry_Silk_5.jpg,front,jacket,Silk,Mulberry Silk,Zara,833,49,37,0.721,0.521,0.522,0.572,hole tear stain broken_zip,knee,0.2,fair,RECYCLE,synthetic_v1,0.95
6375342b-6665-2bde-3e71-a026cfc6fbcb,5c8dbb5a-a12f-e705-19ac-34245cac7351,synthetic/jacket_Wool_5.jpg,front,jacket,Merino Wool,Wool,H&M,4704,35,51,0.721,0.521,0.522,0.572,hole tear stain broken_zip,back,0.31,fair,UPCYCLE,synthetic_v1,0.95
2b2c2191-343a-70c3-a0b8-56f87a2fd762,d6c97f8f-430e-cc56-551c-89a1f5e09a75,synthetic/jacket_Linen_5.jpg,front,jacket,Linen,Linen,FabIndia,8526,35,76,0.721,0.522,0.522,0.572,hole tear stain broken_zip,overall,0.18,fair,RECYCLE,synthetic_v1,0.95
ba8f515a-942a-e38d-d674-9266b3bca2f0,57dfe567-d7a1-fee7-bd76-1f30c8730f8f,synthetic/jacket_Recycled_Polyester_5.jpg,front,jacket,Recycled Poly,Recycled Polyester,Urbanic,2499,32,77,0.721,0.522,0.522,0.572,hole tear stain broken_zip,sleeve,0.33,fair,RECYCLE,synthetic_v1,0.95
636e5698-801b-982b-70bc-b744e396819f,d392a2dc-7e9f-22a6-5b9f-4068061bfd7d,synthetic/jacket_Polyester_5.jpg,front,jacket,Polyester,Polyester,Zudio,8575,22,100,0.721,0.522,0.522,0.572,hole tear stain broken_zip,hem,0.16,fair,RECYCLE,synthetic_v1,0.95
bcc3a5da-46e8-f32a-ab63-ed13a82cc113,7da89522-9b9f-c048-c338-b2d9f3ccfdfe,synthetic/jacket_Nylon_5.jpg,front,jacket,Nylon,Nylon,Udyog,4998,39,71,0.721,0.522,0.522,0.572,hole tear stain broken_zip,collar,0.25,fair,RECYCLE,synthetic_v1,0.95
825ba3fa-2366-b4eb-6ded-37a6b983bd95,9170cd8a-e72c-0fe8-ac9e-65e34529a034,synthetic/jacket_Viscose_5.jpg,front,jacket,Viscose,Viscose,Nexa,7595,30,66,0.722,0.522,0.522,0.572,hole tear stain broken_zip,pocket,0.24,fair,RECYCLE,synthetic_v1,0.95
b3fff636-049f-1468-9ee0-8c06acc85bbd,ca9f1093-b3cf-a02f-5be0-8ccf3a8dd050,synthetic/trousers_Standard_Cotton_5.jpg,front,trousers,Cotton,Standard Cotton,Unbranded,2695,32,120,0.722,0.522,0.522,0.572,hole tear stain broken_zip,knee,0.27,fair,RECYCLE,synthetic_v1,0.95
bae8cf50-8125-0753-a81d-f2d0b4a4110d,2e09cccb-302a-d31b-8c21-c7e4240f1de9,synthetic/trousers_Mulberry_Silk_5.jpg,front,trousers,Silk,Mulberry Silk,Zara,6027,18,81,0.722,0.522,0.522,0.572,hole tear stain broken_zip,back,0.22,fair,UPCYCLE,synthetic_v1,0.95
5555818b-e2ea-e95c-964d-3d2da5a828f6,b710242b-6933-8404-7848-97e865a7d258,synthetic/trousers_Wool_5.jpg,front,trousers,Merino Wool,Wool,H&M,6860,26,194,0.722,0.522,0.522,0.572,hole tear stain broken_zip,overall,0.29,fair,UPCYCLE,synthetic_v1,0.95
469b2991-0210-70ab-7033-ce8030d5084e,c2ede61d-400c-3ab8-1f3c-0f0287f2aea7,synthetic/trousers_Linen_5.jpg,front,trousers,Linen,Linen,FabIndia,2009,29,46,0.722,0.522,0.522,0.572,hole tear stain broken_zip,sleeve,0.2,fair,RECYCLE,synthetic_v1,0.95
7d22865d-3542-7c28-f778-c6c2abf5bb7b,2b983932-2228-d4e5-3267-91bd4cb9ca73,synthetic/trousers_Recycled_Polyester_5.jpg,front,trousers,Recycled Poly,Recycled Polyester,Urbanic,8232,6,72,0.722,0.522,0.522,0.572,hole tear stain broken_zip,hem,0.31,fair,RECYCLE,synthetic_v1,0.95
56478d50-e5be-9696-21dd-30d59c46e52f,00931fd2-8112-0ecf-009e-19088026ddb1,synthetic/trousers_Polyester_5.jpg,front,trousers,Polyester,Polyester,Zudio,4704,47,175,0.722,0.522,0.522,0.572,hole tear stain broken_zip,collar,0.18,fair,RECYCLE,synthetic_v1,0.95
f9d10f61-8b5f-38b5-a0d1-492e425506fe,1f6bca01-72ae-ed4f-ea6a-277357540882,synthetic/trousers_Nylon_5.jpg,front,trousers,Nylon,Nylon,Udyog,4655,34,174,0.722,0.522,0.522,0.572,hole tear stain broken_zip,pocket,0.33,fair,RECYCLE,synthetic_v1,0.95
19b65bd3-69ea-e17d-4f8a-9c0a1cb6f8dd,a4379b95-0dd4-ef4c-d6fe-411b8686d78a,synthetic/trousers_Viscose_5.jpg,front,trousers,Viscose,Viscose,Nexa,5047,59,31,0.722,0.522,0.522,0.573,hole tear stain broken_zip,knee,0.16,fair,RECYCLE,synthetic_v1,0.95
56a5ad27-648f-1637-ef8a-5ecff2901906,60be3e8e-ba44-bfd0-5a50-ff349cc995f5,synthetic/shirt_Standard_Cotton_5.jpg,front,shirt,Cotton,Standard Cotton,Unbranded,5243,48,175,0.722,0.522,0.522,0.573,hole tear stain broken_zip,back,0.25,fair,RECYCLE,synthetic_v1,0.95
93a3020d-e638-ea37-a4c0-3f4e552dc3d5,d866558c-54cb-69d3-ba41-666bd450c52a,synthetic/shirt_Mulberry_Silk_5.jpg,front,shirt,Silk,Mulberry Silk,Zara,3773,23,74,0.722,0.522,0.522,0.573,hole tear stain broken_zip,overall,0.24,fair,UPCYCLE,synthetic_v1,0.95
b00d6451-be44-47eb-3daa-0b844bb5032c,f04bad24-d5bd-a283-ce1b-c3a5fdeb31b2,synthetic/shirt_Wool_5.jpg,front,shirt,Merino Wool,Wool,H&M,6174,44,135,0.722,0.522,0.522,0.573,hole tear stain broken_zip,sleeve,0.27,fair,UPCYCLE,synthetic_v1,0.95
8832a7b8-3755-3ff3-bb10-5c598c65c75b,8d26a099-7595-e018-1083-465d4fd05adf,synthetic/shirt_Linen_5.jpg,front,shirt,Linen,Linen,FabIndia,7350,45,132,0.722,0.522,0.523,0.573,hole tear stain broken_zip,hem,0.22,fair,RECYCLE,synthetic_v1,0.95
acc32023-e612-7160-859a-d3b4c1018ce6,46bf90f9-acbc-1aca-52ea-9ea4227e855e,synthetic/shirt_Recycled_Polyester_5.jpg,front,shirt,Recycled Poly,Recycled Polyester,Urbanic,3234,28,39,0.722,0.522,0.523,0.573,hole tear stain broken_zip,collar,0.29,fair,RECYCLE,synthetic_v1,0.95
af6ca0c2-0ed3-0acd-4feb-d2468e998c0c,d1fca0ea-3951-f4f4-9455-aca76fd9210b,synthetic/shirt_Polyester_5.jpg,front,shirt,Polyester,Polyester,Zudio,4606,30,58,0.722,0.522,0.523,0.573,hole tear stain broken_zip,pocket,0.2,fair,RECYCLE,synthetic_v1,0.95
8ebede4e-9f9c-8922-cad9-644b74611dc4,656d200f-690b-49d9-6702-90ae3d4066a3,synthetic/shirt_Nylon_5.jpg,front,shirt,Nylon,Nylon,Udyog,8330,45,12,0.722,0.522,0.523,0.573,hole tear stain broken_zip,knee,0.31,fair,RECYCLE,synthetic_v1,0.95
3b9f58c0-96b3-df21-4fac-016311b7530c,b2025ba0-be32-ee70-07e1-a0ed6dbc2c86,synthetic/shirt_Viscose_5.jpg,front,shirt,Viscose,Viscose,Nexa,5341,9,188,0.722,0.523,0.523,0.573,hole tear stain broken_zip,back,0.18,fair,RECYCLE,synthetic_v1,0.95
30ecb551-14f8-9671-fc0d-42c1f5a93f3d,7b4f5c87-4555-187e-12fd-794a1fd1ff05,synthetic/tshirt_Standard_Cotton_5.jpg,front,tshirt,Cotton,Standard Cotton,Unbranded,2156,44,108,0.722,0.523,0.523,0.573,hole tear stain broken_zip,overall,0.33,fair,RECYCLE,synthetic_v1,0.95
4009d5bf-bfac-479f-0ab8-9f3655d02200,88873ce0-adf4-0f35-c19c-aa78207c4c14,synthetic/tshirt_Mulberry_Silk_5.jpg,front,tshirt,Silk,Mulberry Silk,Zara,6664,25,42,0.722,0.523,0.523,0.573,hole tear stain broken_zip,sleeve,0.16,fair,RECYCLE,synthetic_v1,0.95
5a2c3d1e-2d65-00d8-32b3-1348bc4a7f6d,889b57a8-2e4b-d200-c15b-df2d6ce337a6,synthetic/tshirt_Wool_5.jpg,front,tshirt,Merino Wool,Wool,H&M,882,11,38,0.722,0.523,0.523,0.573,hole tear stain broken_zip,hem,0.25,fair,UPCYCLE,synthetic_v1,0.95
1921da10-1b04-c46f-a6e5-f72f37abafd0,c115442e-380b-42e0-db7d-1cc92abdd992,synthetic/tshirt_Linen_5.jpg,front,tshirt,Linen,Linen,FabIndia,882,31,107,0.723,0.523,0.523,0.573,hole tear stain broken_zip,collar,0.24,fair,RECYCLE,synthetic_v1,0.95
1e4e6628-f36e-1e48-9d67-ba55d47c549c,aa80db93-2eb8-f8cd-07cd-39172010bd46,synthetic/tshirt_Recycled_Polyester_5.jpg,front,tshirt,Recycled Poly,Recycled Polyester,Urbanic,6615,28,123,0.723,0.523,0.523,0.573,hole tear stain broken_zip,pocket,0.27,fair,RECYCLE,synthetic_v1,0.95
29e0520d-0cb9-dc9b-4f77-88096f649610,5f565c26-10ed-2585-0dd8-63de71ec5a7f,synthetic/tshirt_Polyester_5.jpg,front,tshirt,Polyester,Polyester,Zudio,2646,59,136,0.723,0.523,0.523,0.573,hole tear stain broken_zip,knee,0.22,fair,RECYCLE,synthetic_v1,0.95
5bd8e668-a98f-cc37-a4a6-958fa3d02053,6cf2e4f5-4486-1140-f913-6022c66aa05b,synthetic/tshirt_Nylon_5.jpg,front,tshirt,Nylon,Nylon,Udyog,7546,23,69,0.723,0.523,0.523,0.573,hole tear stain broken_zip,back,0.29,fair,RECYCLE,synthetic_v1,0.95
0c2614b6-d812-c87d-bcc8-9b2e7d8a47e2,14f22239-032b-0f06-d7a6-e9c6fd771ed0,synthetic/tshirt_Viscose_5.jpg,front,tshirt,Viscose,Viscose,Nexa,3675,30,185,0.723,0.523,0.523,0.573,hole tear stain broken_zip,overall,0.2,fair,RECYCLE,synthetic_v1,0.95
111715d9-6fd4-0ec9-67f5-22c0a6a8719f,16bf83c2-a8ed-6f0c-c0d2-9e267155a47b,synthetic/dress_Standard_Cotton_5.jpg,front,dress,Cotton,Standard Cotton,Unbranded,8428,12,56,0.723,0.523,0.523,0.573,hole tear stain broken_zip,sleeve,0.31,fair,RECYCLE,synthetic_v1,0.95
06fbb205-e16a-05f3-7c45-141147608a12,18ad62f6-8a1c-4eb1-ba0d-8d9f4db171a1,synthetic/dress_Mulberry_Silk_5.jpg,front,dress,Silk,Mulberry Silk,Zara,8967,33,130,0.723,0.523,0.523,0.573,hole tear stain broken_zip,hem,0.18,fair,RECYCLE,synthetic_v1,0.95
7b7e7f30-58dc-0984-a26c-d02081a1a324,b1088c36-8204-d41b-7a5d-2cc0fecaa795,synthetic/dress_Wool_5.jpg,front,dress,Merino Wool,Wool,H&M,4165,16,19,0.723,0.523,0.523,0.573,hole tear stain broken_zip,collar,0.33,fair,UPCYCLE,synthetic_v1,0.95
8bbc4ef3-da04-b869-3885-048290cdaa06,15d2560d-e3ab-8462-4611-279342275e23,synthetic/dress_Linen_5.jpg,front,dress,Linen,Linen,FabIndia,637,21,85,0.723,0.523,0.523,0.574,hole tear stain broken_zip,pocket,0.16,fair,RECYCLE,synthetic_v1,0.95
6cd67539-9849-6e86-cbb7-b39af7a0af55,e3118416-b101-f736-65d6-69dce95efeb6,synthetic/dress_Recycled_Polyester_5.jpg,front,dress,Recycled Poly,Recycled Polyester,Urbanic,6468,12,176,0.723,0.523,0.523,0.574,hole tear stain broken_zip,knee,0.25,fair,RECYCLE,synthetic_v1,0.95
2e53ee84-f344-2817-b717-48d057dd987c,289515cd-321d-5cbb-4ddc-b16eedf7d90a,synthetic/dress_Polyester_5.jpg,front,dress,Polyester,Polyester,Zudio,4851,48,49,0.723,0.523,0.523,0.574,hole tear stain broken_zip,back,0.24,fair,RECYCLE,synthetic_v1,0.95
4162dc94-0b6f-5c24-2825-7f1b1f9102c2,65c837e5-534c-590d-495f-0ba8d23aab01,synthetic/dress_Nylon_5.jpg,front,dress,Nylon,Nylon,Udyog,5439,58,109,0.723,0.523,0.523,0.574,hole tear stain broken_zip,overall,0.27,fair,RECYCLE,synthetic_v1,0.95
7b6407bf-630b-621e-1d05-e98a9e1a6471,fb1f7e87-def6-947e-13d5-68d728ce740e,synthetic/dress_Viscose_5.jpg,front,dress,Viscose,Viscose,Nexa,5929,5,159,0.723,0.523,0.524,0.574,hole tear stain broken_zip,sleeve,0.22,fair,RECYCLE,synthetic_v1,0.95
bfeb88fb-2c9d-a622-637e-43aa730f6514,af9ac181-bcd7-4b5f-bea2-d11c58b6339e,synthetic/blouse_Standard_Cotton_5.jpg,front,blouse,Cotton,Standard Cotton,Unbranded,833,49,69,0.723,0.523,0.524,0.574,hole tear stain broken_zip,hem,0.29,fair,RECYCLE,synthetic_v1,0.95
7d7863bb-758c-1a97-a848-8253860bb49a,0930d168-daf4-0022-fe9f-8eb54e3749b1,synthetic/blouse_Mulberry_Silk_5.jpg,front,blouse,Silk,Mulberry Silk,Zara,5537,17,130,0.723,0.523,0.524,0.574,hole tear stain broken_zip,collar,0.2,fair,RECYCLE,synthetic_v1,0.95
a4a8fb07-6f96-7428-741f-c60e6a0ca0a0,e24d6a61-3f55-6346-8083-a75abc820fab,synthetic/blouse_Wool_5.jpg,front,blouse,Merino Wool,Wool,H&M,5047,40,93,0.723,0.523,0.524,0.574,hole tear stain broken_zip,pocket,0.31,fair,UPCYCLE,synthetic_v1,0.95
031f4f94-85b9-2298-1d09-0a073c3fb6ef,69064ac8-022a-5505-f1d7-e440c7700868,synthetic/blouse_Linen_5.jpg,front,blouse,Linen,Linen,FabIndia,7301,33,51,0.723,0.524,0.524,0.574,hole tear stain broken_zip,knee,0.18,fair,RECYCLE,synthetic_v1,0.95
62aac995-0662-040e-bd70-bc4d0f92e12d,5af8b022-a054-cc70-367a-e0b250e151e6,synthetic/blouse_Recycled_Polyester_5.jpg,front,blouse,Recycled Poly,Recycled Polyester,Urbanic,6321,31,115,0.723,0.524,0.524,0.574,hole tear stain broken_zip,back,0.33,fair,RECYCLE,synthetic_v1,0.95
4df298a7-64b1-9c2e-9fd6-6644784555b4,11556fa4-96f2-6df3-0993-947bbf0026aa,synthetic/blouse_Polyester_5.jpg,front,blouse,Polyester,Polyester,Zudio,1764,3,86,0.723,0.524,0.524,0.574,hole tear stain broken_zip,overall,0.16,fair,RECYCLE,synthetic_v1,0.95
b18ddff4-33ee-0154-c709-aee60e21700a,91e7df9f-b602-adcc-8f52-f19dbf5cfaba,synthetic/blouse_Nylon_5.jpg,front,blouse,Nylon,Nylon,Udyog,5243,39,173,0.723,0.524,0.524,0.574,hole tear stain broken_zip,sleeve,0.25,fair,RECYCLE,synthetic_v1,0.95
93491908-ce67-e476-e067-4462a084cdb5,ab155a66-60f7-5fec-6744-f34e5828fd97,synthetic/blouse_Viscose_5.jpg,front,blouse,Viscose,Viscose,Nexa,1421,33,183,0.724,0.524,0.524,0.574,hole tear stain broken_zip,hem,0.24,fair,RECYCLE,synthetic_v1,0.95
39d0ca03-0356-c08a-d741-bcfcbb8da818,6401bf55-2a85-52ca-7e19-9e0b009aee8d,synthetic/lehenga_Standard_Cotton_5.jpg,front,lehenga,Cotton,Standard Cotton,Unbranded,3479,28,172,0.724,0.524,0.524,0.574,hole tear stain broken_zip,collar,0.27,fair,RECYCLE,synthetic_v1,0.95
78985369-2530-a930-f24a-808e3e94a0f1,28a577bf-460b-2447-35a3-d8c60a5d9111,synthetic/lehenga_Mulberry_Silk_5.jpg,front,lehenga,Silk,Mulberry Silk,Zara,5390,4,56,0.724,0.524,0.524,0.574,hole tear stain broken_zip,pocket,0.22,fair,UPCYCLE,synthetic_v1,0.95
a527dcbe-e420-f9e7-3278-8cf983a478dc,eea924a2-4231-ca36-a7c5-1701764aa29f,synthetic/lehenga_Wool_5.jpg,front,lehenga,Merino Wool,Wool,H&M,8624,22,123,0.724,0.524,0.524,0.574,hole tear stain broken_zip,knee,0.29,fair,UPCYCLE,synthetic_v1,0.95
dcc8f3da-4fa7-d0f4-3b39-f41b3989acad,503965e0-ed89-33ca-1e7c-b3852a551f57,synthetic/lehenga_Linen_5.jpg,front,lehenga,Linen,Linen,FabIndia,4018,15,81,0.724,0.524,0.524,0.574,hole tear stain broken_zip,back,0.2,fair,RECYCLE,synthetic_v1,0.95
9fdd8db2-d946-34f1-cbf2-1e6760f7dfec,aeb326e6-e6d7-6205-2a49-51a91710d4ef,synthetic/lehenga_Recycled_Polyester_5.jpg,front,lehenga,Recycled Poly,Recycled Polyester,Urbanic,2646,25,14,0.724,0.524,0.524,0.574,hole tear stain broken_zip,overall,0.31,fair,RECYCLE,synthetic_v1,0.95
f3dad78a-9a9f-7c2f-e4bf-75d9b40e3cd5,ef8184a1-1652-3bb3-7521-aa76bc48a4dc,synthetic/lehenga_Polyester_5.jpg,front,lehenga,Polyester,Polyester,Zudio,8428,45,86,0.724,0.524,0.524,0.574,hole tear stain broken_zip,sleeve,0.18,fair,RECYCLE,synthetic_v1,0.95
57881269-ed24-32d5-cf15-19b9089aa153,c1cb7044-9041-b127-7850-2090c78b13d0,synthetic/lehenga_Nylon_5.jpg,front,lehenga,Nylon,Nylon,Udyog,2548,32,146,0.724,0.524,0.524,0.574,hole tear stain broken_zip,hem,0.33,fair,RECYCLE,synthetic_v1,0.95
f7e68fdb-d1d7-fd8a-5e1b-e60810a7fcd4,bf89b229-9b85-4b93-cbc7-8eed510b512c,synthetic/lehenga_Viscose_5.jpg,front,lehenga,Viscose,Viscose,Nexa,4018,57,107,0.724,0.524,0.524,0.575,hole tear stain broken_zip,collar,0.16,fair,RECYCLE,synthetic_v1,0.95
2cea074c-7ef7-7cb8-8872-ec6c32a23918,8317929a-1072-2334-ce58-cc9e3e1e861e,synthetic/kurta_Standard_Cotton_6.jpg,front,kurta,Cotton,Standard Cotton,Unbranded,6174,50,63,0.924,0.724,0.824,0.825,hole tear stain,pocket,0.1,fair,RECYCLE,synthetic_v1,0.95
d53c8952-7294-a9a8-0697-9be1524e2843,dd979956-0e1e-c7db-d86e-8f02b2f4820f,synthetic/kurta_Mulberry_Silk_6.jpg,front,kurta,Silk,Mulberry Silk,Zara,8624,19,181,0.924,0.724,0.824,0.825,hole tear stain,knee,0.09,fair,RECYCLE,synthetic_v1,0.95
17cefae2-68e2-ce8d-1d12-0897af2d89a9,365eebb4-152c-7e11-64ef-542dd6ef0697,synthetic/kurta_Wool_6.jpg,front,kurta,Merino Wool,Wool,H&M,5978,40,165,0.924,0.724,0.824,0.825,hole tear stain,back,0.12,fair,RECYCLE,synthetic_v1,0.95
06cb364f-46c9-ffd8-9b0e-fd243a9c766e,9b92fd3e-4702-1e9f-839f-1e4bf6d0501c,synthetic/kurta_Linen_6.jpg,front,kurta,Linen,Linen,FabIndia,1078,21,48,0.924,0.724,0.825,0.825,hole tear stain,overall,0.07,fair,RECYCLE,synthetic_v1,0.95
90878a2d-89c3-3b31-b826-1a5d0f792937,42bf6755-4f91-4014-d033-5cd46c0b5ac2,synthetic/kurta_Recycled_Polyester_6.jpg,front,kurta,Recycled Poly,Recycled Polyester,Urbanic,5047,10,37,0.924,0.724,0.825,0.825,hole tear stain,sleeve,0.14,fair,RECYCLE,synthetic_v1,0.95
75a1af98-4a89-0a2f-ce6a-551ad5b0cd8e,1fee074f-36b6-999b-3bb1-788727cd8b4d,synthetic/kurta_Polyester_6.jpg,front,kurta,Polyester,Polyester,Zudio,7203,54,165,0.924,0.724,0.825,0.825,hole tear stain,hem,0.05,fair,RECYCLE,synthetic_v1,0.95
433d8ef7-809c-cf8e-21a4-4596c71d7a87,c29c2905-d16d-6621-1ce6-04b5fafa8793,synthetic/kurta_Nylon_6.jpg,front,kurta,Nylon,Nylon,Udyog,8918,54,164,0.924,0.724,0.825,0.825,hole tear stain,collar,0.16,fair,RECYCLE,synthetic_v1,0.95
16d2283f-0534-6a4d-bde9-0f0919c70a06,256aeebf-e6fd-61f7-0b0a-c00ff02ad1f6,synthetic/kurta_Viscose_6.jpg,front,kurta,Viscose,Viscose,Nexa,6027,39,134,0.924,0.724,0.825,0.825,hole tear stain,pocket,0.05,fair,RECYCLE,synthetic_v1,0.95
7f326a73-d51d-68ea-b4f9-e597942d980d,c18705c3-84ea-0596-8e26-0d6f529be9b7,synthetic/saree_Standard_Cotton_6.jpg,front,saree,Cotton,Standard Cotton,Unbranded,2156,3,95,0.924,0.725,0.825,0.825,hole tear stain,knee,0.18,fair,RECYCLE,synthetic_v1,0.95
81c434f9-d3d1-53fc-6f39-75e5989618fd,bf257772-cce1-5892-e98f-0cc3c9d4f617,synthetic/saree_Mulberry_Silk_6.jpg,front,saree,Silk,Mulberry Silk,Zara,2989,15,81,0.924,0.725,0.825,0.825,hole tear stain,back,0.05,fair,RECYCLE,synthetic_v1,0.95
68960e8e-d753-acbf-b95f-f59f934dae98,df3c3ce1-b825-0f2e-cd5c-640d3b765c6f,synthetic/saree_Wool_6.jpg,front,saree,Merino Wool,Wool,H&M,3871,3,179,0.925,0.725,0.825,0.825,hole tear stain,overall,0.1,fair,RECYCLE,synthetic_v1,0.95
7f49ee0f-6308-b2d7-dfb4-19de8ca9c434,477e1ac2-f5bc-57fe-2d0f-a6e7b0245166,synthetic/saree_Linen_6.jpg,front,saree,Linen,Linen,FabIndia,4655,16,20,0.925,0.725,0.825,0.825,hole tear stain,sleeve,0.09,fair,RECYCLE,synthetic_v1,0.95
6748a9c0-7f64-9aa2-b454-94c27e62f0be,4da83a31-5ee9-07f0-76b4-0e624d9da142,synthetic/saree_Recycled_Polyester_6.jpg,front,saree,Recycled Poly,Recycled Polyester,Urbanic,5194,51,4,0.925,0.725,0.825,0.825,hole tear stain,hem,0.12,fair,RECYCLE,synthetic_v1,0.95
223aff80-6210-727c-83be-7c304c9cb01d,02699ad0-c401-2da6-3018-fcd23cc8a5dc,synthetic/saree_Polyester_6.jpg,front,saree,Polyester,Polyester,Zudio,7301,39,5,0.925,0.725,0.825,0.825,hole tear stain,collar,0.07,fair,RECYCLE,synthetic_v1,0.95
f0479323-52c7-47ed-18f7-d9cbf8c74fe9,84674208-e3c9-3473-9a52-bf5e2d1e18d4,synthetic/saree_Nylon_6.jpg,front,saree,Nylon,Nylon,Udyog,4802,19,119,0.925,0.725,0.825,0.825,hole tear stain,pocket,0.14,fair,RECYCLE,synthetic_v1,0.95
6e9b7cab-3ab8-73ff-f4fa-b4eda65165a3,0bdf529f-1d28-cfcf-69f0-a92ce84e59ef,synthetic/saree_Viscose_6.jpg,front,saree,Viscose,Viscose,Nexa,5194,36,15,0.925,0.725,0.825,0.825,hole tear stain,knee,0.05,fair,RECYCLE,synthetic_v1,0.95
3e3d3dd0-81d4-5876-5a04-03d40f59e11c,193d1986-ff97-f3e0-c196-611f9ef9d00c,synthetic/jeans_Standard_Cotton_6.jpg,front,jeans,Cotton,Standard Cotton,Unbranded,882,22,40,0.925,0.725,0.825,0.825,hole tear stain,back,0.16,fair,RECYCLE,synthetic_v1,0.95
ee4c5f01-ed02-5f36-084a-780927e1c9fa,214c342b-88a2-aca9-e020-a6adafd57a81,synthetic/jeans_Mulberry_Silk_6.jpg,front,jeans,Silk,Mulberry Silk,Zara,588,28,188,0.925,0.725,0.825,0.825,hole tear stain,overall,0.05,fair,RECYCLE,synthetic_v1,0.95
1498f2c9-8577-606e-b97e-e5de29f9b0cf,39fad1e6-d26c-a14e-0b6b-a96d2b5bd551,synthetic/jeans_Wool_6.jpg,front,jeans,Merino Wool,Wool,H&M,735,15,99,0.925,0.725,0.825,0.825,hole tear stain,sleeve,0.18,fair,RECYCLE,synthetic_v1,0.95
5f1179db-b2e1-d737-8f93-97ccd4d2b16f,76273bdf-8430-6e21-2e42-96fac0e6a5bb,synthetic/jeans_Linen_6.jpg,front,jeans,Linen,Linen,FabIndia,3626,41,114,0.925,0.725,0.825,0.826,hole tear stain,hem,0.05,fair,RECYCLE,synthetic_v1,0.95
714dce6d-078c-5946-a39e-4a392f17c35e,eea2ac8c-4a74-cde4-9a81-c5716572ec78,synthetic/jeans_Recycled_Polyester_6.jpg,front,jeans,Recycled Poly,Recycled Polyester,Urbanic,6468,49,69,0.925,0.725,0.825,0.826,hole tear stain,collar,0.1,fair,RECYCLE,synthetic_v1,0.95
3c506b84-2e39-96ca-5a28-aae5f3004832,293c0083-71b7-e950-3ec1-670a7a56684b,synthetic/jeans_Polyester_6.jpg,front,jeans,Polyester,Polyester,Zudio,6566,8,76,0.925,0.725,0.825,0.826,hole tear stain,pocket,0.09,fair,RECYCLE,synthetic_v1,0.95
ccde970b-9867-c243-fd41-beb0af3cd21c,3f2ccb13-d771-ba62-8b9d-da0cb49ec041,synthetic/jeans_Nylon_6.jpg,front,jeans,Nylon,Nylon,Udyog,2303,53,30,0.925,0.725,0.825,0.826,hole tear stain,knee,0.12,fair,RECYCLE,synthetic_v1,0.95
eaa4b71c-6360-ff9f-040e-bd0660e41ad8,981f48ce-a713-d143-03e1-ab20b052e267,synthetic/jeans_Viscose_6.jpg,front,jeans,Viscose,Viscose,Nexa,6272,31,190,0.925,0.725,0.826,0.826,hole tear stain,back,0.07,fair,RECYCLE,synthetic_v1,0.95
cb7fcd51-2aab-9bba-cf66-6e14bcac82b6,42352dce-2559-2448-f9f0-10ec0c2f4d30,synthetic/jacket_Standard_Cotton_6.jpg,front,jacket,Cotton,Standard Cotton,Unbranded,1764,58,100,0.925,0.725,0.826,0.826,hole tear stain,overall,0.14,fair,RECYCLE,synthetic_v1,0.95
d32355a9-7962-f22c-25f6-1da72559ea75,d38f30a3-fadc-a136-b31e-4b386857aace,synthetic/jacket_Mulberry_Silk_6.jpg,front,jacket,Silk,Mulberry Silk,Zara,7203,54,197,0.925,0.725,0.826,0.826,hole tear stain,sleeve,0.05,fair,RECYCLE,synthetic_v1,0.95
c617f82e-9607-a336-5002-d3efa077e53c,832d3bea-ed4f-3b16-8f30-dcf948eabd28,synthetic/jacket_Wool_6.jpg,front,jacket,Merino Wool,Wool,H&M,3920,49,67,0.925,0.725,0.826,0.826,hole tear stain,hem,0.16,fair,RECYCLE,synthetic_v1,0.95
6e4b2353-b694-f137-1a8a-99234a8b87ac,fd20e1a1-3c25-2427-22c3-521c5bf5f21c,synthetic/jacket_Linen_6.jpg,front,jacket,Linen,Linen,FabIndia,2940,50,51,0.925,0.725,0.826,0.826,hole tear stain,collar,0.05,fair,RECYCLE,synthetic_v1,0.95
c7c8f813-f0a5-45fd-0dfc-544c4a9ab9f6,7224b2a3-c633-3ff3-5c16-ac3c4cd63471,synthetic/jacket_Recycled_Polyester_6.jpg,front,jacket,Recycled Poly,Recycled Polyester,Urbanic,2842,29,134,0.925,0.726,0.826,0.826,hole tear stain,pocket,0.18,fair,RECYCLE,synthetic_v1,0.95
d35fad72-211f-891a-02e7-e4c502af4501,e88f96bb-ea92-28ce-68da-645d6d66b8ea,synthetic/jacket_Polyester_6.jpg,front,jacket,Polyester,Polyester,Zudio,1225,42,113,0.925,0.726,0.826,0.826,hole tear stain,knee,0.05,fair,RECYCLE,synthetic_v1,0.95
53f11bdb-da33-ab31-e5d2-c7263ff33025,b10bb1a7-654d-4473-bd5e-1ada4a783d6d,synthetic/jacket_Nylon_6.jpg,front,jacket,Nylon,Nylon,Udyog,1470,3,14,0.926,0.726,0.826,0.826,hole tear stain,back,0.1,fair,RECYCLE,synthetic_v1,0.95
723a27bf-d529-5fb2-f250-96179667c636,196164f4-b432-792d-5c8a-ded5bced9668,synthetic/jacket_Viscose_6.jpg,front,jacket,Viscose,Viscose,Nexa,3283,44,186,0.926,0.726,0.826,0.826,hole tear stain,overall,0.09,fair,RECYCLE,synthetic_v1,0.95
1e1fe268-28e3-cf67-5490-7ebae4a03854,3bf0da38-4759-3dae-2fac-9299ed141d1a,synthetic/trousers_Standard_Cotton_6.jpg,front,trousers,Cotton,Standard Cotton,Unbranded,2548,27,63,0.926,0.726,0.826,0.826,hole tear stain,sleeve,0.12,fair,RECYCLE,synthetic_v1,0.95
11a2951b-7f73-f81f-9421-bbe1ad283d3c,0f6de04b-5205-17e1-fbd0-085757653b33,synthetic/trousers_Mulberry_Silk_6.jpg,front,trousers,Silk,Mulberry Silk,Zara,5243,59,73,0.926,0.726,0.826,0.826,hole tear stain,hem,0.07,fair,RECYCLE,synthetic_v1,0.95
b46d291b-c5fe-0abf-46d5-952aa396bb3e,3695e40c-6141-02a6-3b21-d40ff43dcf37,synthetic/trousers_Wool_6.jpg,front,trousers,Merino Wool,Wool,H&M,3332,50,92,0.926,0.726,0.826,0.826,hole tear stain,collar,0.14,fair,RECYCLE,synthetic_v1,0.95
63092c55-5e4a-a7a0-39f0-396e2fa6b914,d16494b7-b6a0-3c97-9139-76006e7dc1b7,synthetic/trousers_Linen_6.jpg,front,trousers,Linen,Linen,FabIndia,8428,55,118,0.926,0.726,0.826,0.826,hole tear stain,pocket,0.05,fair,RECYCLE,synthetic_v1,0.95
94653208-9256-626e-ec93-450c418d5a28,ad12b183-de8e-faa5-3b78-f8e2f98aac6c,synthetic/trousers_Recycled_Polyester_6.jpg,front,trousers,Recycled Poly,Recycled Polyester,Urbanic,8428,32,132,0.926,0.726,0.826,0.826,hole tear stain,knee,0.16,fair,RECYCLE,synthetic_v1,0.95
bddb56e8-0272-417f-bf80-5ca3de5df9a0,1d173e78-c05c-e5b6-5879-934b3eddfe27,synthetic/trousers_Polyester_6.jpg,front,trousers,Polyester,Polyester,Zudio,7693,42,8,0.926,0.726,0.826,0.826,hole tear stain,back,0.05,fair,RECYCLE,synthetic_v1,0.95
1a31e2c0-fc4c-9f0d-88e2-5e5d4668a8f9,b73c7abc-708c-6a0d-59c5-2ab6db3a9d28,synthetic/trousers_Nylon_6.jpg,front,trousers,Nylon,Nylon,Udyog,4998,4,94,0.926,0.726,0.826,0.826,hole tear stain,overall,0.18,fair,RECYCLE,synthetic_v1,0.95
3ebc9e0b-f800-e46f-db39-af99dcae50b5,14ed87de-413c-f620-0738-2c1ed4a45348,synthetic/trousers_Viscose_6.jpg,front,trousers,Viscose,Viscose,Nexa,5684,8,7,0.926,0.726,0.826,0.827,hole tear stain,sleeve,0.05,fair,RECYCLE,synthetic_v1,0.95
ff3a50a7-2bad-e9b9-898d-0555a4499df4,e7777e27-2a15-3605-2d89-bd0b4c2f53b2,synthetic/shirt_Standard_Cotton_6.jpg,front,shirt,Cotton,Standard Cotton,Unbranded,8428,7,161,0.926,0.726,0.826,0.827,hole tear stain,hem,0.1,fair,RECYCLE,synthetic_v1,0.95
6767ec83-0210-e702-1ad3-0426b845b870,bcbda2c9-13ed-7910-234e-6f974d2c1a9b,synthetic/shirt_Mulberry_Silk_6.jpg,front,shirt,Silk,Mulberry Silk,Zara,2842,23,62,0.926,0.726,0.826,0.827,hole tear stain,collar,0.09,fair,RECYCLE,synthetic_v1,0.95
8679f0c3-0a1c-213f-6727-9c3b6df06fd1,29a9daa4-dd70-44d4-ac84-d33a6629b08b,synthetic/shirt_Wool_6.jpg,front,shirt,Merino Wool,Wool,H&M,5047,19,8,0.926,0.726,0.826,0.827,hole tear stain,pocket,0.12,fair,RECYCLE,synthetic_v1,0.95
c781bf06-7205-adf0-7ad7-47c42f3a6048,f60b5747-160e-d7e3-b208-e0d8edd0dd3d,synthetic/shirt_Linen_6.jpg,front,shirt,Linen,Linen,FabIndia,6958,40,164,0.926,0.726,0.827,0.827,hole tear stain,knee,0.07,fair,RECYCLE,synthetic_v1,0.95
41fe8c2b-d386-73b4-9806-36a0987eea12,aa4e44a0-42ec-8abf-b8b0-32c2b22cd044,synthetic/shirt_Recycled_Polyester_6.jpg,front,shirt,Recycled Poly,Recycled Polyester,Urbanic,8624,38,172,0.926,0.726,0.827,0.827,hole tear stain,back,0.14,fair,RECYCLE,synthetic_v1,0.95
92a9475d-9b86-2c0a-c9b2-8d7809d0d482,cd5f9242-ac11-bbd8-5a93-14b3b0daa677,synthetic/shirt_Polyester_6.jpg,front,shirt,Polyester,Polyester,Zudio,5390,57,43,0.926,0.726,0.827,0.827,hole tear stain,overall,0.05,fair,RECYCLE,synthetic_v1,0.95
2cae08ab-09db-3c8e-2971-5571dd8b3c63,3ab21622-30af-fc4b-f480-52693b94794b,synthetic/shirt_Nylon_6.jpg,front,shirt,Nylon,Nylon,Udyog,5782,17,178,0.926,0.726,0.827,0.827,hole tear stain,sleeve,0.16,fair,RECYCLE,synthetic_v1,0.95
e2d2080b-c644-b2e4-d2ca-368b528a8da8,876f5d55-4564-4016-45a5-972443d86373,synthetic/shirt_Viscose_6.jpg,front,shirt,Viscose,Viscose,Nexa,5978,48,91,0.926,0.726,0.827,0.827,hole tear stain,hem,0.05,fair,RECYCLE,synthetic_v1,0.95
94b86e44-59fc-09f8-589c-8c585830c881,58cbc3ae-bea7-f550-2064-c79cf194d3d6,synthetic/tshirt_Standard_Cotton_6.jpg,front,tshirt,Cotton,Standard Cotton,Unbranded,1715,18,102,0.926,0.727,0.827,0.827,hole tear stain,collar,0.18,fair,RECYCLE,synthetic_v1,0.95
6c8e2e24-9ee4-6a6a-b8f9-4aba5e740746,f9919738-54d8-1f6c-a68b-d317daea0c64,synthetic/tshirt_Mulberry_Silk_6.jpg,front,tshirt,Silk,Mulberry Silk,Zara,7497,16,184,0.926,0.727,0.827,0.827,hole tear stain,pocket,0.05,fair,RECYCLE,synthetic_v1,0.95
dcab9204-a0a3-928e-bdf6-f9cd13f7e4d4,75149979-da8e-69a6-cbe5-edb6b375bd94,synthetic/tshirt_Wool_6.jpg,front,tshirt,Merino Wool,Wool,H&M,5586,15,81,0.927,0.727,0.827,0.827,hole tear stain,knee,0.1,fair,RECYCLE,synthetic_v1,0.95
d8ef4a88-48d1-be26-d95f-a76e3a06f1c1,0f2dbbfc-58b4-0d67-2e42-a70018fb95df,synthetic/tshirt_Linen_6.jpg,front,tshirt,Linen,Linen,FabIndia,5782,39,119,0.927,0.727,0.827,0.827,hole tear stain,back,0.09,fair,RECYCLE,synthetic_v1,0.95
59b19bed-0cea-f78d-2948-0672c402aa58,2c8ec37e-2603-6dbc-4661-a3362c276413,synthetic/tshirt_Recycled_Polyester_6.jpg,front,tshirt,Recycled Poly,Recycled Polyester,Urbanic,3479,45,56,0.927,0.727,0.827,0.827,hole tear stain,overall,0.12,fair,RECYCLE,synthetic_v1,0.95
42521634-8c7a-4050-4132-897dbe401b58,0e9bd3fd-4741-91f4-dec8-013078c925ce,synthetic/tshirt_Polyester_6.jpg,front,tshirt,Polyester,Polyester,Zudio,2107,30,38,0.927,0.727,0.827,0.827,hole tear stain,sleeve,0.07,fair,RECYCLE,synthetic_v1,0.95
81735e6e-c948-99d7-cc16-e085f9114a54,28fac1f2-d7fe-f04e-ceff-39a882392e83,synthetic/tshirt_Nylon_6.jpg,front,tshirt,Nylon,Nylon,Udyog,588,39,142,0.927,0.727,0.827,0.827,hole tear stain,hem,0.14,fair,RECYCLE,synthetic_v1,0.95
e9e6c832-69fe-4d62-e13c-aab0d9c3edef,13c705dd-7a88-9d57-1d92-9e51ff4000c3,synthetic/tshirt_Viscose_6.jpg,front,tshirt,Viscose,Viscose,Nexa,8526,19,131,0.927,0.727,0.827,0.827,hole tear stain,collar,0.05,fair,RECYCLE,synthetic_v1,0.95
41dbaed9-5bf0-4ce9-e9ca-b7440e005511,cae6f738-6af8-30c7-e070-4b47e9878945,synthetic/dress_Standard_Cotton_6.jpg,front,dress,Cotton,Standard Cotton,Unbranded,2205,33,11,0.927,0.727,0.827,0.827,hole tear stain,pocket,0.16,fair,RECYCLE,synthetic_v1,0.95
6d5b62d8-9fda-45ae-4aa0-47cfde291ed5,264df0f4-9492-142d-18df-b0d612297dd9,synthetic/dress_Mulberry_Silk_6.jpg,front,dress,Silk,Mulberry Silk,Zara,5684,49,106,0.927,0.727,0.827,0.827,hole tear stain,knee,0.05,fair,RECYCLE,synthetic_v1,0.95
3aee966d-e1b9-a760-e50d-65bddd735e11,34643088-a434-7138-69e6-f05bc93ddb22,synthetic/dress_Wool_6.jpg,front,dress,Merino Wool,Wool,H&M,3283,58,195,0.927,0.727,0.827,0.827,hole tear stain,back,0.18,fair,RECYCLE,synthetic_v1,0.95
27303bd2-ae2e-c360-31a8-56210b619601,38cde166-b73e-7177-af5e-7c3474f476b0,synthetic/dress_Linen_6.jpg,front,dress,Linen,Linen,FabIndia,980,55,143,0.927,0.727,0.827,0.828,hole tear stain,overall,0.05,fair,RECYCLE,synthetic_v1,0.95
d3ee35aa-8b3c-cb73-eea8-2f401afacfa3,d03e3602-ae7e-9c5d-d670-3f1b5082ab12,synthetic/dress_Recycled_Polyester_6.jpg,front,dress,Recycled Poly,Recycled Polyester,Urbanic,3479,32,64,0.927,0.727,0.827,0.828,hole tear stain,sleeve,0.1,fair,RECYCLE,synthetic_v1,0.95
0b0b7375-2e78-deb2-147d-f3d8c727ff27,76842fa5-de77-fe8f-9fef-8016d3c54052,synthetic/dress_Polyester_6.jpg,front,dress,Polyester,Polyester,Zudio,8183,45,4,0.927,0.727,0.827,0.828,hole tear stain,hem,0.09,fair,RECYCLE,synthetic_v1,0.95
d3e178bc-bbaa-7cb0-c575-aed66d12c2e0,9b028a20-a83d-4cf7-dcfa-6e422a94de35,synthetic/dress_Nylon_6.jpg,front,dress,Nylon,Nylon,Udyog,4802,25,147,0.927,0.727,0.827,0.828,hole tear stain,collar,0.12,fair,RECYCLE,synthetic_v1,0.95
d23c91ed-1965-ceaf-838a-b31efbbd0424,06fe7021-5228-1a40-7630-0307b52cd63f,synthetic/dress_Viscose_6.jpg,front,dress,Viscose,Viscose,Nexa,3234,39,194,0.927,0.727,0.828,0.828,hole tear stain,pocket,0.07,fair,RECYCLE,synthetic_v1,0.95
d78709aa-2b98-78f2-18bd-8ba6fcaf7317,92740250-e75a-c4c3-19ce-73f96239b113,synthetic/blouse_Standard_Cotton_6.jpg,front,blouse,Cotton,Standard Cotton,Unbranded,4851,29,22,0.927,0.727,0.828,0.828,hole tear stain,knee,0.14,fair,RECYCLE,synthetic_v1,0.95
368bc1a2-7189-400a-f5cd-26479db19e67,cf19b001-27f1-0f84-f2c5-1d86ecce104d,synthetic/blouse_Mulberry_Silk_6.jpg,front,blouse,Silk,Mulberry Silk,Zara,6909,39,149,0.927,0.727,0.828,0.828,hole tear stain,back,0.05,fair,RECYCLE,synthetic_v1,0.95
883709d8-fd8b-e3a8-8066-bc7f51cce479,655c4494-78a7-c06e-c650-575906b396bc,synthetic/blouse_Wool_6.jpg,front,blouse,Merino Wool,Wool,H&M,8085,53,70,0.927,0.727,0.828,0.828,hole tear stain,overall,0.16,fair,RECYCLE,synthetic_v1,0.95
58a709ba-34ef-2992-15b4-81bdd366723d,493e5c41-f622-1eac-261f-352efba70f9f,synthetic/blouse_Linen_6.jpg,front,blouse,Linen,Linen,FabIndia,3871,22,140,0.927,0.727,0.828,0.828,hole tear stain,sleeve,0.05,fair,RECYCLE,synthetic_v1,0.95
58848507-74cb-124a-f29e-16f9a8ec7a4c,8646e045-b407-8b29-3afe-eb652b20babd,synthetic/blouse_Recycled_Polyester_6.jpg,front,blouse,Recycled Poly,Recycled Polyester,Urbanic,6419,43,108,0.927,0.728,0.828,0.828,hole tear stain,hem,0.18,fair,RECYCLE,synthetic_v1,0.95
df484a9a-2358-9be1-07e4-6e0bd4b35e7a,8999ff22-a776-69b9-9d49-587aaec1b47c,synthetic/blouse_Polyester_6.jpg,front,blouse,Polyester,Polyester,Zudio,6860,11,35,0.927,0.728,0.828,0.828,hole tear stain,collar,0.05,fair,RECYCLE,synthetic_v1,0.95
aa69191d-fc66-f73f-08cd-531bbc6a4749,8cf22773-8a8c-f220-7c1f-70ff69586480,synthetic/blouse_Nylon_6.jpg,front,blouse,Nylon,Nylon,Udyog,5586,14,165,0.928,0.728,0.828,0.828,hole tear stain,pocket,0.1,fair,RECYCLE,synthetic_v1,0.95
2d01ce87-7572-9ae3-494c-dc8f21369a50,466c345d-9efe-a1cc-061d-fd9b968979c8,synthetic/blouse_Viscose_6.jpg,front,blouse,Viscose,Viscose,Nexa,3038,14,39,0.928,0.728,0.828,0.828,hole tear stain,knee,0.09,fair,RECYCLE,synthetic_v1,0.95
fe5aa079-b4ac-a0f2-8a26-7c68223db459,84ba71c7-ba1e-21af-8305-6c737e1412b3,synthetic/lehenga_Standard_Cotton_6.jpg,front,lehenga,Cotton,Standard Cotton,Unbranded,5831,16,42,0.928,0.728,0.828,0.828,hole tear stain,back,0.12,fair,RECYCLE,synthetic_v1,0.95
75406472-9205-ef3f-3fba-def47abb2d37,5e4bdf8e-2409-895f-f520-9413e3042f75,synthetic/lehenga_Mulberry_Silk_6.jpg,front,lehenga,Silk,Mulberry Silk,Zara,7056,43,123,0.928,0.728,0.828,0.828,hole tear stain,overall,0.07,fair,RECYCLE,synthetic_v1,0.95
fa415cf7-effc-6210-f147-e8eb2c659f38,e25115dc-ba80-1dde-8739-4ea82d50ea3f,synthetic/lehenga_Wool_6.jpg,front,lehenga,Merino Wool,Wool,H&M,5096,18,107,0.928,0.728,0.828,0.828,hole tear stain,sleeve,0.14,fair,RECYCLE,synthetic_v1,0.95
c9ad31e5-e920-c2d3-8dd2-99f62e7c56d9,ac7f1eb1-dc06-3824-4f63-22b06b2ec7cd,synthetic/lehenga_Linen_6.jpg,front,lehenga,Linen,Linen,FabIndia,2205,57,33,0.928,0.728,0.828,0.828,hole tear stain,hem,0.05,fair,RECYCLE,synthetic_v1,0.95
88504d6e-6526-75cc-63e7-828c5eb3359e,bc1120ff-f72d-ddc9-b96f-c488bbe372bd,synthetic/lehenga_Recycled_Polyester_6.jpg,front,lehenga,Recycled Poly,Recycled Polyester,Urbanic,2989,24,163,0.928,0.728,0.828,0.828,hole tear stain,collar,0.16,fair,RECYCLE,synthetic_v1,0.95
dd89f950-8f79-2b53-c99d-604114a27d6a,b92584f7-1d34-7387-b7ea-7d143cc5e7fe,synthetic/lehenga_Polyester_6.jpg,front,lehenga,Polyester,Polyester,Zudio,6125,60,147,0.928,0.728,0.828,0.828,hole tear stain,pocket,0.05,fair,RECYCLE,synthetic_v1,0.95
7b66c461-ec40-34f5-ae82-9481e2fde735,a0713d7b-5c10-60e4-aa8e-2b35e4f765cd,synthetic/lehenga_Nylon_6.jpg,front,lehenga,Nylon,Nylon,Udyog,2156,11,144,0.928,0.728,0.828,0.828,hole tear stain,knee,0.18,fair,RECYCLE,synthetic_v1,0.95
3b264a53-a308-a280-ea0f-513a9edfd4ea,95599584-1ea4-9cd5-1f74-09d814048ce7,synthetic/lehenga_Viscose_6.jpg,front,lehenga,Viscose,Viscose,Nexa,2989,6,129,0.928,0.728,0.828,0.829,hole tear stain,back,0.05,fair,RECYCLE,synthetic_v1,0.95
