listing_id,garment_id,garment_category,listing_date,original_price_inr,listed_price_inr,sold_price_inr,was_sold,days_to_sell,resale_value_ratio,num_views,num_saves,num_offers,platform_demand_score,style_tags,color_family,season,trend_score_at_listing,seller_condition_label,condition_score_at_listing,source_platform
d73a256a-c6c3-44a2-a5a2-9f42a38437fd,,shorts,11-05-2026,5750,1410,1260,TRUE,70,0.2191,7220,316,10,0.5267,athleisure,darks,summer,0.665,poor,,olx
6192074a-ac20-4ba4-adec-22d68c06a47c,,tshirt,12-12-2025,2830,2410,2360,TRUE,81,0.8339,5703,57,2,0.0952,casual,neutrals,all_season,0.4,new_with_tags,,manual
c10ecf6c-1cfa-4a0b-aa8c-d66f447845dc,,jacket,23-09-2025,8050,1440,,FALSE,,,30,13,3,0.0217,casual,prints,winter,0.42,fair,,olx
71a1974f-c14b-400e-9450-7ae1bec00f2a,,trousers,28-01-2026,5970,3030,,FALSE,,,397,35,0,0.0594,casual,prints,all_season,0.4,poor,,olx
72967760-28ce-4c63-862d-51d23b1b0689,7148ba72-ae60-42a6-b6d3-34f493386648,activewear,02-10-2025,4900,1860,,FALSE,,,285,43,1,0.0721,casual,darks,monsoon,0.34,like_new,0.77,olx
3677a22d-79ef-4e24-879c-10ee1884acf0,,lehenga,18-12-2025,9470,9470,,FALSE,,,358,27,2,0.0452,bridal,metallics,festive,0.9775,like_new,,olx
754f1df4-6a68-45e0-b1e6-4a004ac66861,86308a21-c4d0-4946-919c-e67c5ac3598c,activewear,02-10-2025,1340,920,,FALSE,,,279,34,1,0.057,casual,metallics,all_season,0.4,like_new,0.78,olx
eba7f2e8-2efb-45da-9247-73640676ceb6,,tshirt,23-08-2025,2380,1010,,FALSE,,,312,23,1,0.0384,streetwear,brights,all_season,0.65,good,,olx
ed90fe2e-e773-4f84-9bfd-a9a162554ae3,254f9fdf-17e9-444e-8c1b-de59b1a0f337,anarkali,31-07-2025,8290,3970,3400,TRUE,112,0.4101,2676,518,11,0.8916,bridal,neutrals,festive,0.9775,good,0.61,olx
2838ef27-059d-42b8-8869-6416d5252145,311a442a-c18a-4cf0-8827-38cf0ef707c4,tshirt,08-06-2025,2520,2390,,FALSE,,,311,33,0,0.0551,casual,metallics,all_season,0.4,fair,0.49,olx
9849cbc5-4aaa-4207-aa3b-54fc9a80aae5,,other,26-03-2026,3160,1230,,FALSE,,,151,1,3,0.0017,casual,darks,all_season,0.4,fair,,olx
b483509c-5ec3-4972-9c11-170edd277dad,,tshirt,15-08-2025,2520,1140,1040,TRUE,110,0.4127,7406,492,2,0.8214,athleisure,metallics,all_season,0.7,like_new,,olx
e63fe583-2b17-44ea-8a50-45f1833fdadd,dede8f7c-c64b-439c-b0ec-6a57a12ce634,blouse,03-11-2025,2390,1540,,FALSE,,,435,13,0,0.0218,ethnic,metallics,festive,0.8625,like_new,0.76,olx
b971100e-2b9e-4e22-be01-e0f6b598382e,c14a67ea-2204-492c-a01c-94dd133ba417,formal_shirt,27-03-2026,5820,1360,1310,TRUE,113,0.2251,6467,500,6,0.8562,formal,neutrals,all_season,0.45,new_with_tags,0.92,olx
be7b80a4-d890-4e02-a063-c7a02c1bfb59,101efbd9-7be2-48da-8551-16809d664b45,blazer,18-01-2026,4670,1020,,FALSE,,,332,20,0,0.0338,casual,brights,all_season,0.4,poor,0.34,olx
16204cc3-04dc-41c9-98ef-0c378c2313bc,,blouse,08-08-2025,2820,2320,2080,TRUE,26,0.7376,4336,393,8,0.6583,bridal,brights,festive,0.9775,new_with_tags,,olx
fb0f37fa-4ad1-41eb-8b42-007c6b1d0ba1,,lehenga,20-03-2026,9470,9470,8170,TRUE,48,0.8627,6800,86,8,0.1441,bridal,prints,festive,0.9775,fair,,manual
9ec8ab5b-4c3d-4660-8ca3-74d3e5b45423,,lehenga,16-10-2025,9470,9470,,FALSE,,,437,2,3,0.0034,bridal,pastels,festive,0.9775,new_with_tags,,olx
477cb336-3a32-4fbc-af52-d30c5f99304c,,skirt,27-01-2026,2985,1400,1250,TRUE,28,0.4188,174,133,15,0.2217,boho,pastels,all_season,0.5,like_new,,meesho
3656ab43-8f76-41b9-9c14-f22f080aff78,,activewear,27-07-2025,13100,3470,,FALSE,,,262,13,1,0.0218,casual,metallics,all_season,0.4,fair,,olx
3c5dd643-369d-495c-8b2b-39e31d6961d1,9d9d3ab6-0333-438b-a474-963b2a905ea7,saree,19-04-2026,8000,4080,,FALSE,,,490,2,0,0.0033,casual,darks,festive,0.46,good,0.71,olx
c8e713eb-bc31-4bf9-9b65-4eefe1b6e85b,,anarkali,03-10-2025,5545,1560,,FALSE,,,370,42,1,0.0723,casual,pastels,festive,0.46,good,,olx
ad5c3f6f-f2fd-4e66-b021-076ddc64b56a,,kurta,08-09-2025,9740,5540,,FALSE,,,224,4,1,0.0067,casual,prints,festive,0.46,like_new,,olx
ffdb3e86-be0d-4d70-89ec-56b68f93abf2,c835800d-194f-40a6-9c12-decd53f21039,lehenga,27-02-2026,9470,2570,2490,TRUE,31,0.2629,1465,104,2,0.1742,ethnic,brights,festive,0.8625,new_with_tags,0.96,olx
92a70ceb-07ce-45ba-8f6f-7dc8d110c5bf,14b740bf-a606-4238-9edb-a836b017185b,skirt,28-11-2025,2985,1210,,FALSE,,,16,25,0,0.0417,casual,darks,all_season,0.4,poor,0.33,olx
0d8073d5-6f09-4a44-9b5c-05280cad59dc,,blouse,09-11-2025,7880,5950,5530,TRUE,51,0.7018,7705,274,8,0.459,ethnic,pastels,festive,0.8625,good,,olx
bac921c0-d14c-48b9-9da0-78a4857f75c6,7275f894-7f70-4223-923b-45e603460589,kurta,02-06-2025,7060,1210,,FALSE,,,373,42,0,0.0702,casual,brights,all_season,0.4,like_new,0.85,olx
24d1ad9f-ecb5-4ec9-b581-dedb55cca80e,b5676a5a-f5eb-4649-8b77-ecfe55c5e414,other,27-12-2025,1460,1300,,FALSE,,,457,27,0,0.0451,casual,prints,all_season,0.4,new_with_tags,0.94,olx
b23346a5-0bdc-4c9c-8da7-550528fb6e34,09de52b9-aca1-4739-a9df-e956d023b3e2,blazer,28-07-2025,5765,4530,4160,TRUE,19,0.7216,6592,585,9,0.9882,casual,prints,all_season,0.4,fair,0.5,olx
c8e20035-1645-4990-9ac8-0d0b7a67fc65,5b8df70a-a666-47cb-91bc-1d4645768958,lehenga,21-03-2026,5570,3010,,FALSE,,,45,14,1,0.0235,ethnic,metallics,festive,0.8625,good,0.63,olx
a1482776-c49a-434c-beea-e21c21d735d3,,dupatta,24-02-2026,4120,3060,2780,TRUE,56,0.6748,4318,383,9,0.6394,ethnic,pastels,festive,0.8625,like_new,,olx
10985be6-7cea-4d2e-a963-02ddb95ce8df,,saree,24-10-2025,88570,36000,,FALSE,,,14,13,3,0.0217,bridal,metallics,festive,0.9775,fair,,olx
74883f20-963b-4084-9ef4-3c2d4a8c2c74,3098e459-cb8d-440b-be91-e2c93a07f10c,tshirt,10-05-2026,2520,1670,,FALSE,,,68,5,0,0.0083,casual,metallics,all_season,0.4,like_new,0.78,olx
6eb34ae8-c509-4083-94d0-8825093bc924,6244049f-8895-4a45-9c08-3c7029ae9cbb,lehenga,22-06-2025,4630,2540,,FALSE,,,31,25,3,0.0419,ethnic,metallics,festive,0.8625,good,0.58,olx
fbfbf9d2-7010-48a3-a455-7f527517e729,bc60fd84-55e6-49da-9500-96131f7074c1,kurta,05-08-2025,7060,810,,FALSE,,,199,10,3,0.0167,casual,neutrals,all_season,0.4,good,0.62,olx
329299bf-a1c1-47d1-9a82-610c97d41ea2,9b68ed2e-7f0e-4b95-9e20-bbdd0b601894,tshirt,27-04-2026,1730,580,510,TRUE,58,0.2948,5304,108,10,0.1803,minimal,pastels,all_season,0.55,fair,0.53,manual
a797b6a0-cb32-4194-af25-cf053e7146e8,00e13799-15ac-41df-ae62-2b68c440f3f4,lehenga,15-06-2025,18320,2220,2120,TRUE,107,0.1157,4117,234,14,0.392,ethnic,darks,festive,0.8625,poor,0.3,olx
de4b699d-25e9-4212-8af9-2d916b09888a,,dress,08-01-2026,3790,2110,2080,TRUE,62,0.5488,6938,60,3,0.1093,fusion,neutrals,all_season,0.8,good,,olx
45ff108a-97e8-4ddd-8d24-8ba20ed0eb20,a1c5d1ad-bbb2-45ed-8aaf-7d3c237da0f6,kurta,23-05-2026,7060,5390,,FALSE,,,316,25,1,0.0418,casual,brights,all_season,0.4,new_with_tags,0.96,meesho
9f195fa2-dea1-4379-b95f-e9ed3a6b6c7b,,kurta,06-10-2025,7060,1570,1550,TRUE,9,0.2195,724,10,13,0.0167,casual,metallics,all_season,0.4,fair,,meesho
19e20db2-6271-498e-bf47-be91cbaeaf9f,,formal_shirt,25-03-2026,12080,3040,,FALSE,,,334,23,0,0.0394,formal,brights,all_season,0.45,poor,,olx
683703f6-2945-414b-beca-19ec901d9026,,saree,03-06-2025,14100,14100,13680,TRUE,85,0.9702,3667,72,12,0.12,ethnic,metallics,festive,0.8625,fair,,olx
684b020d-cfe5-43f5-810b-d97fd0358e53,ee4c54b5-0a19-4f59-b421-f6abf3e09216,anarkali,09-07-2025,5545,3550,3360,TRUE,76,0.606,6940,367,12,0.6317,fusion,brights,festive,0.92,poor,0.3,olx
ae484c58-c9a5-41e0-aca5-1bcdb87acb8e,,formal_shirt,24-08-2025,5820,3460,,FALSE,,,137,41,2,0.0702,formal,metallics,all_season,0.45,good,,olx
6d426cb7-18b2-4b52-a826-6dd17d5ef4b9,,blouse,11-06-2025,7880,1290,1140,TRUE,69,0.1447,7391,85,10,0.1424,ethnic,darks,festive,0.8625,new_with_tags,,olx
0f3b9f31-800d-4e17-ae84-938724314de4,,jacket,03-05-2026,8050,1660,1510,TRUE,65,0.1876,3373,199,14,0.3317,casual,darks,winter,0.42,good,,olx
0f7eee13-c7e1-450f-b8f9-e862a0e7e00f,80a58fa9-fd03-4647-b407-05ca743d4ea7,sweater,19-06-2025,11165,2340,,FALSE,,,333,21,1,0.0352,casual,neutrals,winter,0.42,good,0.68,kaphor
8ff29ff7-831f-4622-8ee8-16a13cefd1b8,669e385f-9830-45f4-a872-6ffa5086c52d,trousers,25-07-2025,5970,4520,,FALSE,,,447,9,3,0.0153,casual,brights,all_season,0.4,like_new,0.8,olx
badcbd5f-97ee-4ba4-a02c-7e003b9f46ef,,blouse,18-04-2026,7880,5940,,FALSE,,,489,0,1,0,ethnic,neutrals,festive,0.8625,poor,,olx
805b1bac-cf74-45b2-820a-182bc83ff93b,,saree,16-08-2025,37730,21600,19490,TRUE,42,0.5166,7223,502,5,0.8367,bridal,prints,festive,0.9775,good,,kaphor
2b00cd1f-c833-4f17-84ce-08a30e493aeb,,lehenga,29-07-2025,9470,9470,,FALSE,,,413,11,1,0.0184,bridal,metallics,festive,0.9775,like_new,,kaphor
7306fb72-f43a-4720-a120-88b16c35a0ff,e79e49e1-409f-4756-b7fe-6fd3ee85c4b7,activewear,29-06-2025,4900,3000,,FALSE,,,76,31,0,0.052,casual,pastels,all_season,0.4,like_new,0.79,olx
19e6b7d2-dd07-4514-b723-751694ab4260,e9a7a30a-d30a-4232-98e3-d264247c6276,sweater,22-11-2025,11165,1100,,FALSE,,,199,38,3,0.0637,casual,brights,winter,0.42,new_with_tags,0.92,olx
9243a32a-a67c-4b2b-afd8-430589eba439,2eb342a8-71fd-4354-b71c-c47d6f7f10b9,skirt,22-04-2026,2985,1950,,FALSE,,,131,1,2,0.0017,casual,pastels,all_season,0.4,new_with_tags,0.92,olx
3fadfd54-9161-485d-beeb-5978574d3124,,blazer,13-12-2025,2330,1330,,FALSE,,,102,14,3,0.0236,officewear,prints,all_season,0.45,like_new,,manual
a0945b76-bb4f-4def-a7cd-7e14b953e1a6,,blouse,11-12-2025,7880,3490,,FALSE,,,167,19,0,0.0318,casual,brights,festive,0.46,new_with_tags,,kaphor
6156536d-19c3-4887-a50b-925be3893f90,284ef482-fc69-4768-b966-d40c6710c907,kurta,07-10-2025,7060,950,,FALSE,,,57,19,3,0.0318,ethnic,brights,all_season,0.75,new_with_tags,0.9,olx
4a94309a-8057-47b9-a8ca-208bd4d3f0fc,c966f914-a349-464a-b665-425bed143604,other,03-03-2026,3160,1870,,FALSE,,,246,13,3,0.0217,casual,brights,all_season,0.4,like_new,0.78,olx
79d26198-0abe-45c2-95b6-e0abe4732052,87632233-5503-4acd-a3ff-a88bfed0c6b6,anarkali,21-02-2026,5545,4730,4310,TRUE,28,0.7773,7646,32,14,0.0551,ethnic,pastels,festive,0.8625,good,0.74,olx
77dc758d-bd17-4e31-82d0-b0443f299afd,,kurta,01-11-2025,7060,5530,,FALSE,,,120,15,3,0.0251,fusion,prints,all_season,0.8,like_new,,olx
15b50f37-9cf4-4693-9de8-fbed19c19122,,other,13-09-2025,3160,1170,1080,TRUE,88,0.3418,573,507,11,0.8464,casual,prints,all_season,0.4,fair,,olx
f4d7259f-e303-4d27-b691-425760c6c5d4,,jeans,01-01-2026,2480,1550,1380,TRUE,56,0.5565,7102,309,2,0.5167,streetwear,pastels,all_season,0.65,good,,olx
02e63199-a284-43bb-9f68-23fe35790971,043ed936-ffcb-4fd3-b989-81c33d427559,kurta,28-03-2026,7060,4250,,FALSE,,,341,23,3,0.0385,casual,darks,festive,0.46,like_new,0.77,olx
43bb3b59-bccc-42c5-b1dc-6b7cc4e21cb6,,jacket,13-12-2025,1570,1220,1190,TRUE,70,0.758,4127,427,12,0.7117,athleisure,neutrals,winter,0.735,new_with_tags,,olx
d3c5e38f-f0d4-4b7b-a5af-6aa0d82cbdc5,,sweater,09-07-2025,11165,6560,5750,TRUE,118,0.515,4476,293,14,0.4908,casual,brights,winter,0.42,good,,olx
2a09b536-f311-4183-950e-7d1d63b89fa9,,blouse,20-11-2025,7880,3790,,FALSE,,,268,14,0,0.0235,bridal,darks,festive,0.9775,like_new,,meesho
2cf8758e-5d84-4ca7-8218-894c307e45c6,,blouse,24-05-2026,7880,5500,5130,TRUE,55,0.651,5550,103,14,0.1725,ethnic,neutrals,festive,0.8625,poor,,olx
3fe7dfcb-497c-4ec8-8f2b-db90f6f53ecb,1a00222f-0e0f-4f87-ab25-797c58df4d3f,formal_shirt,12-10-2025,6450,4240,3950,TRUE,82,0.6124,2423,29,15,0.0497,formal,neutrals,all_season,0.45,like_new,0.82,meesho
a0a00be1-3428-4204-a678-58b38fd164c9,21348cb9-0821-43c4-9ce2-8c07d35a698c,shorts,30-03-2026,2690,2200,,FALSE,,,134,33,3,0.055,casual,metallics,summer,0.38,fair,0.41,olx
707e2899-0592-4284-b9fe-d29f727e2d8d,5f165282-de9d-4d43-acc9-029d1a20952e,lehenga,23-08-2025,9470,5080,4980,TRUE,40,0.5259,7264,178,12,0.2982,ethnic,darks,festive,0.8625,new_with_tags,0.91,olx
173a4fc1-f4bb-4140-b849-9ddbddd440bb,,formal_shirt,26-10-2025,5820,4080,,FALSE,,,493,6,3,0.0103,"officewear,formal",brights,all_season,0.45,good,,olx
0905b402-e0a5-499a-abb0-235ad07d76bf,,other,20-02-2026,3160,590,500,TRUE,69,0.1582,183,51,1,0.0851,casual,darks,all_season,0.4,good,,olx
cd945be3-9f7c-4a35-a1c4-7e7d3d7b1e0f,64bb87f0-b0bd-4b50-9cc5-31e16335975a,lehenga,25-10-2025,9470,9470,,FALSE,,,445,22,1,0.0369,bridal,pastels,festive,0.9775,like_new,0.81,olx
c5512b52-262b-4bfa-9f3f-53d92006a73d,,jeans,25-07-2025,1750,780,,FALSE,,,440,18,2,0.0301,casual,metallics,all_season,0.4,good,,olx
88ed0f06-c139-4f31-9fa6-8b1855e64268,ffc24e7f-38bc-4f51-99e0-bd941960bb43,other,28-04-2026,4280,2060,,FALSE,,,307,16,2,0.0267,casual,metallics,all_season,0.4,good,0.66,olx
d9009140-ac20-4e16-85c6-352cd018c5ff,,formal_shirt,03-01-2026,2490,1510,,FALSE,,,210,26,3,0.0445,formal,pastels,all_season,0.45,like_new,,olx
b4af3680-2b09-4846-b07a-604ff9c225cd,3bfc9565-95b5-4d72-89ef-991ae72d041a,tshirt,19-09-2025,2520,1030,,FALSE,,,284,32,0,0.0534,casual,darks,all_season,0.4,good,0.61,olx
6d48896b-38dc-4115-9390-800cad66bb67,,anarkali,08-12-2025,5545,2370,2090,TRUE,25,0.3769,1542,478,4,0.8227,bridal,prints,festive,0.9775,like_new,,olx
6ce9d197-1e89-4abf-a6e4-d264d4183cc3,2cc92e33-6291-4e50-b96e-9d8be965cff5,shirt,19-05-2026,2670,1240,,FALSE,,,462,40,0,0.0672,streetwear,pastels,all_season,0.65,like_new,0.87,olx
c8ec5dbf-acb7-4f2d-8d15-8beb48c88ac2,,kurta,04-04-2026,7060,3600,,FALSE,,,119,17,0,0.0284,ethnic,metallics,all_season,0.75,new_with_tags,,olx
06bae031-493e-461e-b329-ba7653054d34,c374df57-7d3a-4ba8-a4ff-3b236731e81f,jeans,10-11-2025,2480,1040,,FALSE,,,476,19,0,0.0318,casual,pastels,all_season,0.4,like_new,0.86,olx
d29006bc-e57b-4cf2-aad3-e723d82a988b,b21d07c7-c234-4f35-9781-4d20a5e8fa65,sweater,24-01-2026,11165,2070,,FALSE,,,204,17,0,0.0285,casual,pastels,winter,0.42,like_new,0.88,olx
18dc53a6-4a6b-411e-816a-bbacdf66202d,,coat,07-07-2025,9840,6170,,FALSE,,,406,20,1,0.035,casual,brights,winter,0.42,like_new,,olx
8b1a6694-2456-41b8-b4ef-14a738c6f36d,9a112ce2-36d0-4feb-88f7-ffbd2647b126,other,12-01-2026,1870,770,,FALSE,,,277,43,2,0.0718,casual,neutrals,all_season,0.4,good,0.6,olx
3d4484f8-0dca-4a2c-8660-fee7bb598c5d,85d5d1e9-e0db-4aa4-998e-f759f9126c54,saree,02-02-2026,14100,2460,,FALSE,,,299,7,3,0.0117,ethnic,darks,festive,0.8625,like_new,0.86,manual
e1b83db5-3ebc-46ac-95a3-367742f1581d,,other,12-03-2026,3160,400,360,TRUE,51,0.1139,2196,591,1,0.9866,casual,pastels,all_season,0.4,like_new,,olx
705b4303-0f5f-48cf-950b-ad6506e571d6,,jacket,13-05-2026,8050,4020,,FALSE,,,476,22,1,0.0367,casual,neutrals,winter,0.42,new_with_tags,,olx
447d9460-cb71-4e42-b074-be74b92f79d5,,other,12-01-2026,1830,1300,1180,TRUE,110,0.6448,7833,437,7,0.7295,casual,brights,all_season,0.4,like_new,,olx
153c5bca-6ed6-4ffb-acf4-b5f86b3fe673,,tshirt,29-09-2025,2520,330,,FALSE,,,16,43,0,0.0718,casual,prints,all_season,0.4,new_with_tags,,olx
02bcef33-d773-418a-aff5-6818d2df8b14,,kurta,13-09-2025,7060,4170,3680,TRUE,54,0.5212,1863,259,5,0.4331,casual,neutrals,festive,0.46,like_new,,olx
dd721b62-e951-4d2c-860d-0b1eb2ab4454,,jacket,13-04-2026,8050,5330,,FALSE,,,402,42,3,0.07,casual,metallics,all_season,0.4,like_new,,manual
b039ca8c-7714-4519-9191-81364cb54c5c,,activewear,13-04-2026,4900,3010,2590,TRUE,56,0.5286,2323,183,2,0.307,casual,brights,all_season,0.4,like_new,,olx
f69adc9d-35a8-40ed-bd67-f884a17a242c,,tshirt,01-02-2026,2520,2260,,FALSE,,,304,11,3,0.0184,casual,brights,all_season,0.4,like_new,,olx
34115568-aeb8-4130-8123-1f9bcd2ebb61,,tshirt,01-07-2025,2520,1460,,FALSE,,,241,33,3,0.0551,casual,metallics,all_season,0.4,like_new,,meesho
56dce8e0-5a38-443d-9bb1-d2e7ed345ad0,c4d55ab5-b4ca-4686-8daf-d3d6e766c5b2,activewear,18-04-2026,4900,3050,,FALSE,,,491,37,1,0.0621,athleisure,prints,all_season,0.7,good,0.55,olx
da621fbe-5383-4b2e-b959-0aced739dc45,60b0204a-25aa-4e04-952e-4daa6046452c,blazer,16-08-2025,5765,3540,3330,TRUE,104,0.5776,3014,92,4,0.1554,officewear,prints,all_season,0.45,good,0.62,olx
f7770ead-a086-4864-8f07-b6c146d356f1,83c8f0f3-9caa-4d33-aed8-eb3967591042,tshirt,03-10-2025,2520,900,770,TRUE,78,0.3056,1941,468,7,0.7813,casual,neutrals,all_season,0.4,poor,0.24,olx
36bb0efe-5afe-48bd-a220-6114f8342962,,dress,25-02-2026,5980,2880,,FALSE,,,291,27,3,0.0492,"casual,formal",pastels,all_season,0.425,like_new,,olx
df2f65ef-85b7-47c2-8511-47e9565fe8d9,,activewear,02-05-2026,4900,1730,1610,TRUE,66,0.3286,1740,411,10,0.6896,casual,metallics,monsoon,0.34,new_with_tags,,olx
9799f948-6ce3-4ba7-8ab3-ccbe1659eb36,689015e4-5c3f-4a03-a3eb-ca717af14421,saree,16-10-2025,14100,2850,2460,TRUE,94,0.1745,695,252,12,0.42,ethnic,prints,festive,0.8625,good,0.7,olx
ec6e78f6-3738-4e2c-98c0-5d3144f1c1ca,,trousers,14-07-2025,5970,3380,,FALSE,,,41,5,3,0.0085,casual,brights,all_season,0.4,good,,olx
597a9689-6bbf-4894-9e29-933e102cf1ad,c4d6e707-291a-4380-8c30-b41ba0252949,jacket,15-09-2025,2850,1840,,FALSE,,,280,29,2,0.0483,casual,prints,all_season,0.4,like_new,0.83,olx
0a31462b-97c7-46c9-a5ed-33a06d9fe72b,0cd9717f-78b4-4fb7-989e-63f94622ee75,skirt,10-11-2025,2985,610,560,TRUE,1,0.1876,5164,111,13,0.185,boho,brights,all_season,0.5,like_new,0.81,olx
d566575a-e688-4a22-8140-e3a8872a4a77,,blazer,18-01-2026,5765,850,740,TRUE,106,0.1284,7008,151,12,0.2551,officewear,brights,all_season,0.45,good,,olx
65567c94-038f-4cb4-be4c-79185c3be6ee,75e7942f-8b06-463f-9e9f-008aab253f87,coat,27-05-2026,9620,3140,2770,TRUE,50,0.2879,2528,571,2,1,casual,brights,winter,0.42,new_with_tags,0.9,olx
9930dc30-c4c8-4f73-9d38-186b12fa77fc,da670bbc-8ab7-419e-a7e8-4ac2950a526c,tshirt,10-08-2025,2520,350,350,TRUE,102,0.1389,4746,470,15,0.7846,athleisure,neutrals,all_season,0.7,poor,0.2,olx
ffae6161-1c03-4da3-b904-25d28b84c684,8f52f0b3-13d5-4e78-8c58-76ee79bf9840,shirt,02-10-2025,2670,2210,1980,TRUE,14,0.7416,2593,218,13,0.3664,casual,brights,all_season,0.4,good,0.6,olx
a8aec895-f0da-45f0-b64b-f27e0e22f5f5,,shorts,29-11-2025,1890,1460,1440,TRUE,32,0.7619,5624,389,5,0.6483,athleisure,pastels,summer,0.665,new_with_tags,,olx
6a42d4f7-4c50-4b4a-a52f-fe74c39df07f,,tshirt,20-09-2025,3750,2340,,FALSE,,,33,30,1,0.0501,casual,neutrals,all_season,0.4,like_new,,olx
f4cac855-ada0-4b6d-ab79-97aea4693629,,activewear,11-02-2026,4900,2640,2620,TRUE,107,0.5347,3975,416,7,0.698,athleisure,brights,all_season,0.7,like_new,,olx
fb65171f-e2d5-45c6-8c78-85f3d202d631,,activewear,15-07-2025,4900,1530,,FALSE,,,101,1,3,0.0017,athleisure,metallics,all_season,0.7,new_with_tags,,olx
9709d1eb-325b-4d99-ae70-143c861bd072,,lehenga,06-11-2025,96650,35600,31140,TRUE,88,0.3222,2299,51,13,0.0854,bridal,neutrals,festive,0.9775,fair,,meesho
caddd66d-ff0d-43e6-ad17-b97e595753a2,c5552348-637b-46a3-aeb3-d43152011e74,formal_shirt,02-05-2026,5820,4820,4740,TRUE,23,0.8144,1552,211,3,0.3613,formal,brights,all_season,0.45,good,0.67,olx
5c76c772-5625-4c12-bc3c-43b1327f765a,8dad8909-3a34-4350-8b6c-954ed149bbed,anarkali,28-02-2026,5545,3300,2980,TRUE,60,0.5374,5232,447,2,0.7694,ethnic,metallics,festive,0.8625,poor,0.34,olx
70f99d3b-df33-4275-b950-628184ff0dcf,,formal_shirt,10-03-2026,5820,3050,2870,TRUE,69,0.4931,604,551,5,0.9435,"officewear,formal",brights,all_season,0.45,like_new,,olx
0813a53e-f8b5-49a0-8037-d0f396d1a2cb,fe59a13c-efee-4e5a-a9f7-574c0f04798e,dress,02-09-2025,5980,2720,,FALSE,,,28,25,1,0.0455,minimal,prints,all_season,0.55,good,0.64,olx
921aed84-6656-4b64-a7cf-7253f0887b2a,,skirt,25-08-2025,2985,480,,FALSE,,,467,18,2,0.03,casual,neutrals,all_season,0.4,poor,,olx
2ddc4a05-3cb4-4d72-9476-9b1456899320,9dffed17-6145-4466-866f-3b666bbfd3f5,jeans,07-02-2026,2480,1280,,FALSE,,,223,25,1,0.0418,streetwear,pastels,all_season,0.65,like_new,0.8,olx
8a4bfe91-0e71-4513-889a-4904b4be05ba,,other,03-05-2026,1820,1260,,FALSE,,,499,41,0,0.0684,casual,darks,all_season,0.4,like_new,,olx
02b61709-fa95-4c45-8ac3-2a566689ec03,,jeans,23-07-2025,4980,2170,,FALSE,,,365,3,3,0.005,streetwear,darks,all_season,0.65,good,,olx
05d3a337-b4ca-4952-b9fe-3dd0a2104f51,c6cbb63f-c921-4a59-9fb0-2d1e7b7bb332,lehenga,21-11-2025,9470,9470,,FALSE,,,138,10,2,0.0168,bridal,metallics,festive,0.9775,new_with_tags,0.91,olx
1bf26b41-7a92-4d5c-ad92-8287ae38f73b,,tshirt,11-11-2025,4800,2000,,FALSE,,,270,4,0,0.0067,athleisure,metallics,all_season,0.7,good,,manual
efb3a8aa-9b72-4b7b-8c2e-53967403f54a,c87b3c4f-4ad4-4dfe-99bf-27785cde2521,tshirt,18-12-2025,2520,1770,1630,TRUE,119,0.6468,7752,482,15,0.8047,athleisure,brights,all_season,0.7,like_new,0.79,olx
394ed7a3-658d-442e-827e-072bb372d416,,kurta,09-10-2025,7060,2080,2030,TRUE,27,0.2875,739,422,10,0.7057,ethnic,metallics,all_season,0.75,like_new,,olx
29073ada-1a3e-4fce-afd0-f8677b5e8665,,trousers,04-03-2026,14740,4330,3880,TRUE,68,0.2632,6429,106,8,0.18,formal,brights,all_season,0.45,poor,,olx
a335943c-0510-4754-938b-f7b4ba5a99ea,f0437e5a-8ef2-4d08-9113-8971956f64de,kurta,11-01-2026,14460,3790,,FALSE,,,8,7,2,0.0117,ethnic,metallics,all_season,0.75,fair,0.38,olx
f7ec5b3d-0460-40a2-88c8-a90d5b7b06d8,,jeans,01-07-2025,1200,630,,FALSE,,,91,35,0,0.0585,casual,prints,all_season,0.4,like_new,,olx
4ebb462d-a43f-4127-9ac1-8fb19d09d074,99a9a77b-e7bf-4476-aca2-eca3f226dddd,coat,26-09-2025,9620,1380,1360,TRUE,83,0.1414,6711,464,7,0.8126,officewear,pastels,winter,0.4725,fair,0.4,meesho
b5cf496b-0a0f-446c-9fd2-561048c566e8,,saree,15-06-2025,14100,5500,,FALSE,,,390,42,3,0.07,ethnic,darks,festive,0.8625,like_new,,olx
6a0cdedf-1213-4f59-9fa8-ba50757b10f6,,shorts,05-06-2025,2690,510,460,TRUE,93,0.171,5314,103,15,0.1717,athleisure,darks,summer,0.665,good,,olx
5b64b95a-af52-483c-9cd0-67246c9a87d9,,skirt,10-10-2025,2985,1260,,FALSE,,,11,44,1,0.0733,boho,brights,all_season,0.5,fair,,olx
5bc1e7cb-fcf5-48eb-8a43-1a2ea2d164c6,2b6ae887-06d2-4db2-9324-bb1e48f6e539,other,27-03-2026,3160,920,810,TRUE,32,0.2563,4787,410,14,0.6845,casual,neutrals,all_season,0.4,new_with_tags,0.9,olx
104454d0-1bd1-4899-9c8c-a75ded51f5e4,,kurta,27-01-2026,7060,5070,4360,TRUE,2,0.6176,3798,326,6,0.5452,ethnic,neutrals,all_season,0.75,good,,olx
d516931f-c5be-471e-82b8-bfb93cd93f27,829fdbac-2634-4c6c-840a-169750c0a9cd,saree,15-12-2025,14100,14100,,FALSE,,,433,8,3,0.0133,bridal,darks,festive,0.9775,like_new,0.76,olx
32606ec3-998e-453c-87c1-d244d4172c66,,saree,30-06-2025,11900,6000,,FALSE,,,319,33,3,0.055,bridal,brights,festive,0.9775,good,,olx
3dc8dccc-3fbd-4470-9046-eaa02c2fa756,,blouse,28-03-2026,7880,4410,,FALSE,,,407,42,1,0.0704,bridal,pastels,festive,0.9775,like_new,,olx
1481b04c-a2f2-4731-b713-9948bff733dd,b0544870-4507-4f8c-ac45-b2404abace37,dupatta,10-01-2026,4940,3490,3140,TRUE,22,0.6356,4791,213,2,0.3556,ethnic,prints,festive,0.8625,like_new,0.83,olx
0bbfe355-4390-4b6b-b1b9-63f652390224,0c44f787-7fad-4655-935d-6262118cce8d,tshirt,14-06-2025,4570,2230,,FALSE,,,307,31,2,0.0518,casual,pastels,all_season,0.4,good,0.6,manual
7536d957-9b77-416a-86bc-07e02373317e,f177568a-accc-460f-b2a8-155a03ade7be,trousers,12-08-2025,31040,3450,,FALSE,,,435,35,3,0.0594,formal,darks,all_season,0.45,poor,0.28,olx
adbd1b75-b7f4-4e0e-91c6-840f438b5722,a140f948-157d-44dd-a0ae-9df19873166b,dupatta,16-04-2026,17720,5710,,FALSE,,,402,27,2,0.0451,ethnic,metallics,festive,0.8625,fair,0.44,olx
a3267a62-1cb9-485e-b82a-81e2cc176fbb,,kurta,26-04-2026,4250,3460,3030,TRUE,111,0.7129,6508,455,3,0.7609,fusion,prints,all_season,0.8,new_with_tags,,olx
46189727-1aa6-43a0-8b85-e21024f202de,,activewear,05-01-2026,4900,2220,2190,TRUE,105,0.4469,4630,203,8,0.3406,athleisure,neutrals,all_season,0.7,like_new,,olx
12b698a0-5707-4b61-9556-88ef13f0dc92,204b4036-11b2-4460-9a66-3daeb7a8a1b1,kurta,19-02-2026,3290,2730,,FALSE,,,121,36,2,0.0602,fusion,prints,all_season,0.8,new_with_tags,0.96,olx
3f5e5d11-2ee4-4ac3-b3bc-a8d975390d80,,jeans,25-11-2025,2480,1850,,FALSE,,,305,27,1,0.0452,casual,neutrals,all_season,0.4,new_with_tags,,olx
434278a3-7dc4-4b2f-ace4-b6acf2a9aa6d,,shirt,30-03-2026,1080,310,300,TRUE,102,0.2778,4396,550,6,0.9244,minimal,metallics,all_season,0.55,poor,,olx
68d0f4a4-fad8-4711-aa54-011a83725961,d8bd8a68-7d64-469a-ba04-bb6813c65de5,activewear,08-12-2025,4900,2520,2380,TRUE,34,0.4857,5826,328,14,0.5503,athleisure,metallics,all_season,0.7,poor,0.13,kaphor
17274a94-c169-4302-a69f-40008cbad51b,,coat,13-04-2026,9620,3810,,FALSE,,,149,39,0,0.0683,casual,darks,winter,0.42,good,,olx
ca075ecb-48ee-4bf2-b38c-d3cc089eef20,,activewear,02-11-2025,4900,1660,1640,TRUE,48,0.3347,5822,211,1,0.354,casual,neutrals,all_season,0.4,good,,olx
98771988-8237-46c3-9470-acc9ead05dc0,,tshirt,11-10-2025,2410,1190,,FALSE,,,195,2,2,0.0033,casual,metallics,all_season,0.4,good,,olx
14bc3377-2f3a-43e7-ad9c-e207c9ecf38c,,shorts,23-03-2026,2690,2130,,FALSE,,,488,0,3,0,athleisure,brights,summer,0.665,good,,olx
6ebc2ee9-62e7-4cbe-ae15-a59a4baeeac6,,jeans,11-05-2026,3190,1080,990,TRUE,4,0.3103,384,271,12,0.4532,minimal,brights,all_season,0.55,fair,,olx
fd143bd2-aee1-4183-a620-a403130aa755,f15f1332-ad7b-4aad-86b6-7d2ee33bc409,jacket,20-05-2026,8460,3880,,FALSE,,,364,0,0,0,casual,neutrals,winter,0.42,good,0.63,olx
0f5e83b2-47d3-4822-8505-3144b372f89d,,tshirt,07-09-2025,2520,330,310,TRUE,119,0.123,2430,462,12,0.7713,casual,neutrals,all_season,0.4,fair,,olx
e0c51e75-5425-46b1-b434-703141d3ab7d,,skirt,09-07-2025,2985,1670,1590,TRUE,71,0.5327,4975,290,10,0.4833,boho,neutrals,all_season,0.5,new_with_tags,,olx
e89ae1a2-39ee-435d-ac23-cde48e38c70f,b2f81057-51d2-448f-a5cd-7148a24d64f8,saree,22-10-2025,19980,13200,,FALSE,,,407,18,1,0.03,casual,neutrals,festive,0.46,like_new,0.88,olx
c7f45a6d-ed04-4c4b-abb9-214cb6159856,604179d4-6b50-4aa4-ba84-1e9266bc4f45,other,24-04-2026,3160,1380,,FALSE,,,295,27,2,0.0451,casual,pastels,all_season,0.4,new_with_tags,0.94,olx
0b90bbb4-9f7d-4976-b206-c3b78043cfb0,,shorts,14-09-2025,2100,1230,,FALSE,,,151,28,0,0.0467,casual,brights,summer,0.38,good,,manual
e070d033-6676-4b9a-808f-31b81d8c7d72,,lehenga,23-09-2025,9470,9470,,FALSE,,,477,45,2,0.0754,bridal,neutrals,festive,0.9775,fair,,olx
b8d1ed05-869c-4e69-8609-41f1be7a6a5b,,dress,15-11-2025,8860,4850,4720,TRUE,60,0.5327,4258,306,14,0.5574,"casual,formal",metallics,all_season,0.425,like_new,,olx
3303e49f-5fa3-4c07-9b03-96cd3fd6eeda,,shirt,10-08-2025,2670,1180,1160,TRUE,98,0.4345,1593,583,9,0.9798,casual,brights,all_season,0.4,new_with_tags,,olx
faa2e7d9-86e0-47a6-b479-5d617efaab70,,activewear,23-04-2026,4900,880,840,TRUE,53,0.1714,2114,56,6,0.094,athleisure,neutrals,all_season,0.7,like_new,,olx
73b9a0c2-b2ec-41b4-9090-13e95426aa8d,93f38374-1fc7-4951-8b83-d5bbd8bd3386,jeans,02-01-2026,2480,870,760,TRUE,80,0.3065,3289,229,6,0.3829,casual,pastels,all_season,0.4,good,0.57,olx
faf07ece-5843-4d94-b54b-a45c28e8f20a,2dc04413-3ecd-4043-af8e-9a7e41427756,anarkali,10-07-2025,5545,5350,,FALSE,,,143,35,1,0.0602,casual,darks,festive,0.46,good,0.64,olx
50407b6c-52b8-490d-9b0f-60f83349ca14,,formal_shirt,24-12-2025,2230,1520,,FALSE,,,91,9,0,0.0154,"officewear,formal",brights,all_season,0.45,like_new,,meesho
18e58bae-d6a9-48d6-930b-329fc2126ac0,c4cfba39-61d9-474f-88bb-a0204727cc22,shorts,11-01-2026,2690,2380,2170,TRUE,5,0.8067,2758,82,2,0.1367,casual,neutrals,summer,0.38,good,0.73,olx
2da0257d-649c-4132-bfba-a61d50fcb865,,other,18-02-2026,3160,1150,1100,TRUE,11,0.3481,6386,18,15,0.0301,casual,metallics,all_season,0.4,good,,olx
09dbe85b-13ff-4600-9a9e-20e3238d3f73,,trousers,14-12-2025,5970,850,760,TRUE,71,0.1273,4529,24,1,0.0407,formal,brights,all_season,0.45,poor,,kaphor
f0d31171-1c57-4e5d-9b60-4b8c23d437b9,ceca9997-68d2-456d-9eb0-017a4284791c,trousers,29-11-2025,5970,2160,,FALSE,,,346,22,3,0.0374,officewear,metallics,all_season,0.45,good,0.66,olx
ed730333-290c-49db-8aca-39818c122c84,d0cafd38-f86d-4e27-81d3-12c37e0ff00a,tshirt,10-07-2025,2520,1450,1450,TRUE,21,0.5754,6651,393,8,0.6561,casual,pastels,all_season,0.4,good,0.66,manual
418f0006-f491-4262-a504-8af9d34a04b1,,lehenga,04-06-2025,9470,9470,,FALSE,,,117,19,1,0.0318,bridal,pastels,festive,0.9775,new_with_tags,,olx
99384759-d541-47b0-a7f0-156f33bc9d32,2b428173-71f8-4d73-95fa-19072640885a,jacket,10-01-2026,12500,3880,3830,TRUE,99,0.3064,839,428,4,0.7133,casual,prints,winter,0.42,fair,0.47,olx
26cea139-5a69-4160-bbc1-20dfeba11ace,05a227b7-de1c-474b-b6cf-b484f06b7b9d,skirt,21-11-2025,2980,1640,,FALSE,,,310,31,1,0.0517,casual,pastels,all_season,0.4,like_new,0.86,olx
8d610df8-6b64-4658-abb1-5e985167b488,583b8206-8168-4773-aef6-1fdd9b85182a,formal_shirt,26-08-2025,5820,2710,,FALSE,,,230,33,2,0.0565,"casual,formal",prints,all_season,0.425,like_new,0.75,olx
7ee663d8-a5bc-4f26-bb3c-da9a38832121,bd672c2f-6552-4c2f-8159-b3f07d85c8ba,blazer,24-11-2025,5765,1410,,FALSE,,,386,1,1,0.0017,formal,darks,all_season,0.45,like_new,0.76,olx
93f169ce-4249-41f8-9612-bcc256bb5c51,39b1a139-c761-4226-be2a-7200c06231b1,anarkali,07-10-2025,5545,5110,5060,TRUE,48,0.9125,4475,27,15,0.0465,ethnic,darks,festive,0.8625,poor,0.33,olx
dad8bba0-657d-41dd-8322-eee4bb511627,e3efbdf4-ee3e-4026-a227-ca2c30a91f68,saree,21-03-2026,14100,2400,2240,TRUE,100,0.1589,4427,128,15,0.2133,ethnic,pastels,festive,0.8625,new_with_tags,0.94,olx
42a35262-ebf8-4938-9fc4-378e96fdef30,72ffcd41-c422-401f-a3af-e2a4558b18a2,kurta,17-06-2025,7060,4740,4410,TRUE,72,0.6246,3767,265,3,0.4431,casual,darks,all_season,0.4,like_new,0.83,olx
8b663be1-bc3d-4d76-a9fb-3ac1b667c9e0,,kurta,05-02-2026,7060,4500,4140,TRUE,113,0.5864,4225,306,7,0.5117,fusion,brights,all_season,0.8,like_new,,meesho
c49af03d-5ec4-4b52-ba45-9660e70c503b,1ff9c032-6019-449e-8fdd-5b2c63ed168f,saree,23-10-2025,14620,5270,4660,TRUE,70,0.3187,3226,58,3,0.0967,casual,darks,festive,0.46,fair,0.44,olx
e08a71d9-299d-4c03-b46a-5961b2feb11f,,skirt,07-07-2025,2985,670,,FALSE,,,5,8,2,0.0133,casual,darks,all_season,0.4,like_new,,olx
3f2782d5-eff3-4848-8bfb-7d5726673d56,,sweater,27-04-2026,11165,5060,,FALSE,,,172,37,2,0.062,casual,metallics,winter,0.42,poor,,kaphor
ded3f0f3-37a2-477b-9f54-0353c30e7c88,3b328519-a4aa-4242-a3bf-5571d10c7554,lehenga,09-09-2025,1930,1000,,FALSE,,,58,21,2,0.0352,ethnic,brights,festive,0.8625,good,0.61,manual
fa27da7f-e3a9-4d18-9cbd-f76462d4432a,,activewear,22-09-2025,4900,1680,,FALSE,,,374,13,2,0.0218,athleisure,neutrals,all_season,0.7,good,,olx
89b101a8-546b-48fc-af3d-eacf6c09d60c,,saree,24-11-2025,14100,14100,,FALSE,,,100,5,3,0.0083,bridal,brights,festive,0.9775,like_new,,olx
eeeee82a-483a-4bb6-9484-85d067ccf215,2580c800-dbb9-4e5b-a8b7-13266fe6c4cb,formal_shirt,18-12-2025,5820,3540,,FALSE,,,70,37,1,0.0634,"casual,formal",neutrals,all_season,0.425,good,0.68,meesho
4fc29e4b-6220-467d-a997-ae98716ddf42,,blouse,25-10-2025,7880,4490,,FALSE,,,84,11,2,0.0184,ethnic,prints,festive,0.8625,fair,,olx
2ae51bd1-2a55-471e-99bc-9580e9a0b687,6c67b5ee-af5d-4177-a633-01987e0cc68d,kurta,23-02-2026,7060,2600,2510,TRUE,58,0.3555,4818,360,7,0.602,fusion,brights,all_season,0.8,like_new,0.85,olx
829a7150-1699-456a-a00e-703fa9bebac5,1fa70d23-948e-4272-9fd6-ab45bb440588,lehenga,16-02-2026,2970,2530,2430,TRUE,8,0.8182,2454,80,1,0.134,ethnic,prints,festive,0.8625,new_with_tags,0.92,olx
fdfb6bc9-958a-444e-b642-f630ef20fc60,,anarkali,18-09-2025,3680,2480,2310,TRUE,41,0.6277,3290,110,2,0.1893,bridal,pastels,festive,0.9775,like_new,,olx
2509be0e-f87d-4b42-9737-cfc6420a96da,b0156f42-f514-4f77-954d-c2d314fbee4e,formal_shirt,26-07-2025,5820,2130,,FALSE,,,196,27,1,0.0462,formal,pastels,all_season,0.45,good,0.69,meesho
33880a15-f8fa-4913-b997-56eec4a488e0,9eeff30f-2948-4874-860f-1acb327fe40e,other,18-03-2026,3510,1970,,FALSE,,,15,44,1,0.0735,casual,darks,all_season,0.4,good,0.73,olx
c4504890-fd22-4fe4-887f-63ad6182b432,191f485f-03df-4335-9167-d2209b786979,shirt,24-11-2025,2670,1080,,FALSE,,,322,3,3,0.005,streetwear,brights,all_season,0.65,like_new,0.83,olx
6911619e-fa24-419c-918a-1c5713cca971,ec5c528f-6d0c-4e45-a4ac-4b98185ecb0e,other,05-09-2025,3160,1890,1730,TRUE,39,0.5475,137,103,3,0.172,casual,neutrals,all_season,0.4,new_with_tags,0.93,olx
dce46513-f2f4-4a68-88a3-f84316d3ab86,,activewear,07-04-2026,4900,1400,,FALSE,,,160,42,3,0.0705,casual,darks,all_season,0.4,good,,olx
37d1fd62-c3c5-4859-b6ed-82c2b38ec92c,4b460c2d-2307-456f-a1a6-87d3c6b2d8a1,jeans,17-10-2025,2480,1460,,FALSE,,,181,24,2,0.0401,streetwear,darks,all_season,0.65,fair,0.44,olx
4b8b7a27-64bc-4086-85d5-41b69b159f61,,dress,18-05-2026,5980,2880,2740,TRUE,46,0.4582,1185,250,6,0.4554,formal,neutrals,all_season,0.45,new_with_tags,,kaphor
04ab5ab0-d833-4063-8363-df124173b464,,saree,12-03-2026,14100,5760,,FALSE,,,389,30,3,0.05,ethnic,darks,festive,0.8625,new_with_tags,,olx
bd895c20-4863-4482-b2a5-8a4dabd056f6,,shirt,20-08-2025,2670,1390,1190,TRUE,106,0.4457,5648,468,15,0.7866,casual,darks,all_season,0.4,fair,,olx
9a6174ec-bbfa-4e84-83a2-6f0b9fe313ab,,coat,20-02-2026,9620,2020,,FALSE,,,169,15,3,0.0263,casual,neutrals,winter,0.42,like_new,,olx
a3de9072-e7cb-4edd-92e0-bf2155ad8f81,,activewear,17-09-2025,4900,940,,FALSE,,,215,0,0,0,casual,neutrals,all_season,0.4,poor,,olx
5f231210-31df-41cc-9197-130f37ee367d,,dupatta,15-09-2025,6070,990,970,TRUE,84,0.1598,2312,61,14,0.1018,ethnic,metallics,festive,0.8625,new_with_tags,,olx
092f8b7c-3c58-4819-8e0c-0d1a0f63cd9b,,lehenga,16-04-2026,9470,6500,6300,TRUE,80,0.6653,444,515,8,0.8626,bridal,metallics,festive,0.9775,fair,,olx
6871a841-65a0-451a-921b-0895ab4b6f03,,activewear,23-05-2026,4900,2240,,FALSE,,,435,38,0,0.0638,casual,metallics,monsoon,0.34,good,,olx
cf2f2a6b-0b2d-47ce-90b0-6edbee5a4e53,,formal_shirt,06-04-2026,5820,1510,,FALSE,,,258,31,0,0.0531,formal,pastels,all_season,0.45,fair,,olx
c10f8919-36a0-4c0c-b3d8-5958138e0b6a,,jeans,02-11-2025,2480,2080,,FALSE,,,29,31,3,0.0518,casual,neutrals,all_season,0.4,fair,,manual
e4bc4f27-bbb6-4c8f-b662-8a93bfc56142,,tshirt,23-07-2025,2520,1060,,FALSE,,,187,9,1,0.015,casual,metallics,all_season,0.4,new_with_tags,,olx
f66a9309-8cd7-44e4-b245-9aac0ec93e91,,sweater,25-05-2026,11165,6300,5670,TRUE,61,0.5078,2679,77,3,0.129,minimal,pastels,winter,0.5775,poor,,olx
d1f5f2a2-9b3b-4a09-a01f-02aee6a33438,8a1cd87e-ca6a-42a9-8013-06f5e28dcdf6,activewear,09-04-2026,4900,880,840,TRUE,61,0.1714,7558,302,15,0.5067,casual,prints,monsoon,0.34,new_with_tags,0.91,olx
e701e67d-6c97-4e22-b5df-0b03f9163550,4bf681ff-7a82-42bf-b768-2737be9656b9,skirt,25-02-2026,2985,2480,,FALSE,,,7,21,1,0.035,casual,prints,all_season,0.4,like_new,0.82,olx
865fc867-06ca-4702-90fc-273378982cf0,d0f0d45b-3c32-4cb7-a3fe-50092dd50081,anarkali,06-03-2026,5545,5300,,FALSE,,,467,1,0,0.0017,ethnic,brights,festive,0.8625,fair,0.49,olx
5bfc7d1b-63b3-400b-a3cd-e4f531a533ae,8402a69a-1037-4e33-af2b-732195911aa0,dupatta,05-08-2025,6070,1420,1330,TRUE,20,0.2191,3583,238,12,0.3973,ethnic,brights,festive,0.8625,good,0.56,kaphor
4e3834a1-8bb9-4a4c-85a7-d7fd94ae5e87,a63bd1aa-85e7-4fed-9309-f6c2699467e5,anarkali,14-07-2025,5545,1440,1400,TRUE,97,0.2525,832,66,6,0.1136,ethnic,metallics,festive,0.8625,fair,0.42,olx
42e08a2b-5b1a-4500-bb60-ef3ed9112740,,blouse,02-03-2026,7880,5020,4780,TRUE,79,0.6066,6385,439,14,0.7353,ethnic,neutrals,festive,0.8625,like_new,,kaphor
3a527d67-af87-43c3-b07f-2624ff812c8e,3a2e7b33-5c11-4029-9c62-f9ea03d35f50,kurta,23-06-2025,3120,1620,1590,TRUE,48,0.5096,5488,407,8,0.6806,fusion,pastels,all_season,0.8,like_new,0.86,olx
3843ac5f-c1c4-4103-90c3-3bebe6bd1f57,,coat,28-03-2026,9620,2540,,FALSE,,,56,24,1,0.042,casual,neutrals,winter,0.42,poor,,kaphor
05343ab5-9e2c-4658-b18f-fc6438b7f7c2,2e4011cc-b68d-4e3e-b335-fa7a3794102a,jeans,28-03-2026,370,320,,FALSE,,,352,36,3,0.0602,streetwear,pastels,all_season,0.65,new_with_tags,1,olx
78bbafac-a37a-42ab-aeae-db529c66cd6c,da9ea4c5-6200-41c3-90fa-912159371be1,tshirt,13-11-2025,2520,1950,1660,TRUE,117,0.6587,4390,279,7,0.4658,casual,pastels,all_season,0.4,like_new,0.85,manual
c4d29ed8-3c2f-4e9d-993d-2f3f8cff1a4d,a0dbeed6-f4a3-4cfc-94a8-402bb80f1e3e,shirt,02-07-2025,2670,1660,,FALSE,,,139,9,3,0.0151,streetwear,neutrals,all_season,0.65,new_with_tags,0.96,meesho
175e44c0-3392-46f0-8b94-79963745cd8b,,trousers,14-09-2025,5970,1920,1780,TRUE,120,0.2982,6727,512,5,0.8693,casual,brights,all_season,0.4,new_with_tags,,olx
36803a33-37e2-4564-b629-06fdc0144504,9be04c12-338e-4ecb-a499-5428f63ca666,jeans,27-06-2025,2480,580,,FALSE,,,374,22,1,0.0368,streetwear,neutrals,all_season,0.65,poor,0.3,kaphor
63c41df0-8581-4927-adec-5b61d3bbb4fb,,saree,10-06-2025,14100,14100,,FALSE,,,257,28,3,0.0467,bridal,prints,festive,0.9775,poor,,olx
f8662a5c-90d7-4d63-9701-050088ecc6f9,8f9bb95a-4779-441a-9943-4f7de04881e8,kurta,13-04-2026,7060,5390,,FALSE,,,446,8,0,0.0134,ethnic,darks,all_season,0.75,poor,0.2,olx
8c4d16aa-ae8c-4730-ba37-24a9e612e6ba,,blouse,03-11-2025,5510,4130,,FALSE,,,370,21,3,0.0352,bridal,pastels,festive,0.9775,like_new,,olx
5ccd5815-d2a1-40c1-8673-824f217c671a,329ba04f-9960-456b-b7dc-1a83ee2d1df4,dupatta,28-10-2025,6070,1160,1070,TRUE,86,0.1763,5285,277,15,0.4624,ethnic,darks,festive,0.8625,new_with_tags,0.99,olx
60f6f78e-d125-46b2-988c-40d269a25732,,other,07-05-2026,3160,1830,1620,TRUE,40,0.5127,1434,250,8,0.4174,casual,brights,all_season,0.4,good,,meesho
7c40c3c8-476d-4d0b-a170-a753dc53d501,,tshirt,06-07-2025,2520,430,,FALSE,,,301,27,3,0.0451,athleisure,metallics,all_season,0.7,good,,meesho
ac31d918-e583-4aaa-bf93-52024ba79d5d,9806f803-3eb3-46c4-8aaa-e7d72466c823,sweater,25-08-2025,11165,4510,,FALSE,,,414,8,0,0.0134,casual,prints,winter,0.42,new_with_tags,0.98,olx
437cf925-47cc-49ca-82d5-641060cafcea,,kurta,06-05-2026,9570,4290,4040,TRUE,58,0.4222,2251,229,4,0.3829,ethnic,prints,all_season,0.75,fair,,kaphor
36e8f7b5-3d90-4bf0-acbd-aed7df053a32,067d90b4-f3e2-4647-943d-97cea6f9a4b1,saree,20-10-2025,14100,1160,1140,TRUE,114,0.0809,1747,22,13,0.0367,ethnic,prints,festive,0.8625,good,0.58,olx
69303cac-dfef-42a6-a2f4-345c0f60c430,e9eebd3a-6441-4708-899f-75da74a3ce2a,jeans,17-02-2026,2480,1160,,FALSE,,,257,38,0,0.0635,streetwear,neutrals,all_season,0.65,new_with_tags,0.92,olx
b51c3f56-8305-4630-bdff-9b5c44238f0a,02837c70-d494-44f5-bd7a-d1425b0facb9,anarkali,08-03-2026,4590,2750,,FALSE,,,320,7,3,0.012,casual,darks,festive,0.46,good,0.71,olx
cf3362f3-7f63-47ff-a7dc-1cbac480f126,,kurta,15-12-2025,6440,1760,,FALSE,,,204,17,1,0.0284,casual,darks,all_season,0.4,fair,,olx
33478b48-54b9-4bc0-b5f1-7bd335592ca4,21c995a9-5e2f-43fd-ad97-aaccd41e353d,lehenga,02-09-2025,9470,2200,,FALSE,,,382,44,3,0.0737,ethnic,darks,festive,0.8625,fair,0.5,olx
d47fe950-4e5a-4f5d-9ef8-4b87827f8d09,4ae1767d-0f8f-4f19-b059-9acb59064c51,saree,02-07-2025,14100,14100,13240,TRUE,118,0.939,5933,329,13,0.5483,bridal,darks,festive,0.9775,new_with_tags,0.97,olx
717f0d69-099b-43d2-845c-1a64ad084129,,jeans,09-05-2026,2480,860,,FALSE,,,60,12,1,0.0201,casual,prints,all_season,0.4,like_new,,olx
68aa59f0-32ee-4e64-9ebc-0d25d455d822,,jeans,23-01-2026,2480,1380,,FALSE,,,341,32,2,0.0535,streetwear,neutrals,all_season,0.65,like_new,,olx
8ad229de-932a-4634-9dc9-f615dc65ab93,,other,12-04-2026,3160,2180,,FALSE,,,490,45,1,0.0751,casual,metallics,all_season,0.4,good,,olx
c7bbb637-af55-421b-ad2c-da4619c4e108,5a9567c9-6eb9-4ec8-9089-72de9ccb232e,shirt,18-05-2026,590,310,300,TRUE,86,0.5085,7510,245,1,0.4118,officewear,darks,all_season,0.45,like_new,0.84,kaphor
c65a525a-5957-4fd4-9d66-c96354211ac4,,dupatta,25-12-2025,6810,5370,,FALSE,,,479,21,3,0.0351,fusion,darks,festive,0.92,new_with_tags,,manual
740a6507-a151-4a43-a041-ca60a910ad98,,saree,31-03-2026,14100,5440,4910,TRUE,118,0.3482,7886,255,1,0.425,ethnic,pastels,festive,0.8625,fair,,olx
4d6db5c6-9e87-4fd2-ad25-53f8c9402246,,activewear,12-02-2026,4900,1070,1040,TRUE,20,0.2122,6585,380,3,0.6376,athleisure,metallics,all_season,0.7,poor,,olx
160c27cc-45eb-43db-af79-7b39f8c75e9f,,jeans,22-05-2026,2480,2360,2170,TRUE,105,0.875,4249,492,15,0.8227,streetwear,neutrals,all_season,0.65,good,,olx
4eb4a6c6-02d0-4f36-877d-32dbc26bc6eb,c74bcd1c-eede-4439-a25c-ad9976411c37,coat,29-01-2026,9200,6660,,FALSE,,,494,41,2,0.0718,casual,pastels,winter,0.42,new_with_tags,0.91,olx
164d6939-0229-4e3c-b249-63588917eec5,,tshirt,05-03-2026,2520,650,,FALSE,,,290,32,3,0.0534,minimal,prints,all_season,0.55,good,,olx
a5ebfd7e-9f21-4bfe-a63f-2b8b250377b9,,shorts,25-09-2025,2690,510,450,TRUE,98,0.1673,4903,85,14,0.1417,casual,neutrals,summer,0.38,like_new,,olx
5d9d603d-8363-476b-aee7-75f666687dde,,kurta,13-03-2026,7060,4150,,FALSE,,,489,7,3,0.0117,casual,darks,all_season,0.4,like_new,,olx
d9c568ac-b0c3-4b95-b6c7-79265e100529,2b490f1d-cb31-4bc6-bca0-2a2b12e518a1,kurta,15-01-2026,7060,2880,,FALSE,,,307,18,2,0.0301,casual,brights,all_season,0.4,like_new,0.86,olx
2b21511a-39f9-4ca1-908c-3398abccb65b,496380fc-7b11-4b9b-baee-55500922314e,formal_shirt,11-09-2025,5820,1850,,FALSE,,,346,17,3,0.0291,"casual,formal",prints,all_season,0.425,poor,0.14,olx
48d41dc5-1462-4f60-ac0a-0b8530809fbe,,sweater,30-10-2025,11165,6660,,FALSE,,,22,13,3,0.0218,minimal,neutrals,winter,0.5775,good,,olx
7cc28f93-41f5-45fd-807e-7444d487a584,590254c8-a281-4031-a8c7-925b31c25561,saree,06-09-2025,14100,7500,7380,TRUE,6,0.5234,4077,308,6,0.5133,ethnic,metallics,festive,0.8625,poor,0.11,manual
b25cfa6a-310c-4955-b6f9-409f70930b0e,8d900bb1-0597-4ae3-b4cb-4683b944768f,shirt,27-12-2025,2670,2200,1960,TRUE,54,0.7341,1609,561,13,0.9429,casual,brights,all_season,0.4,like_new,0.76,olx
ba6fb4a1-2c45-49d4-b1ec-7a4cdfa76b74,605e6850-3e7c-4b26-b1ab-c6f3c12a9a72,formal_shirt,22-02-2026,5820,1360,,FALSE,,,441,15,0,0.0257,"casual,formal",metallics,all_season,0.425,new_with_tags,1,olx
fe95de34-6596-4f06-a6e8-5b35fd7a15ac,,jacket,05-12-2025,8050,3190,,FALSE,,,456,32,3,0.0533,casual,neutrals,all_season,0.4,good,,olx
756f8d73-fe11-495d-8f4c-20fd8f01aa0d,,jacket,06-05-2026,8050,6600,,FALSE,,,142,20,0,0.0333,casual,metallics,all_season,0.4,new_with_tags,,olx
d39b90fd-4f2b-4ac2-a0fe-6afd3fccd0b3,,dress,04-03-2026,6440,3700,3260,TRUE,18,0.5062,7035,126,14,0.2295,minimal,metallics,all_season,0.55,good,,olx
2c89cd3e-87e4-4018-80c2-cac4dfefa1a8,a1f4a03c-3636-4a56-8285-2fbc3cc50ed3,dupatta,23-11-2025,6070,4990,,FALSE,,,429,27,1,0.0451,fusion,prints,festive,0.92,fair,0.4,olx
d9d4c6a9-e9ca-4855-8408-7fb6127baded,,jacket,09-01-2026,5840,3800,,FALSE,,,123,6,3,0.01,casual,prints,all_season,0.4,like_new,,olx
e84f874e-96d0-44da-96eb-d6c1d6b0f749,,jacket,11-08-2025,8050,3140,,FALSE,,,119,7,0,0.0117,casual,brights,winter,0.42,good,,meesho
d22551bd-7954-4091-bb13-5de120784ad2,,shirt,22-05-2026,1680,680,580,TRUE,57,0.3452,1483,515,10,0.8655,casual,pastels,all_season,0.4,good,,olx
b456fd46-56dc-4729-b859-dcb9bc296cb5,,jeans,08-04-2026,2480,2160,2010,TRUE,112,0.8105,1502,544,3,0.9097,casual,brights,all_season,0.4,like_new,,olx
ec986b0a-4235-41cb-8df8-6d832af0284c,2ecd254a-e83d-4870-af73-f898684e600f,sweater,03-09-2025,11165,4160,,FALSE,,,242,12,2,0.0201,casual,neutrals,winter,0.42,like_new,0.87,olx
e9b40f3d-438c-48e0-a54d-8bf438221004,,saree,19-07-2025,129290,19400,,FALSE,,,320,6,0,0.01,bridal,brights,festive,0.9775,poor,,olx
e2ccb6da-1980-457f-a784-af8e75918493,,shorts,31-10-2025,2070,1850,,FALSE,,,222,38,0,0.0633,casual,prints,summer,0.38,new_with_tags,,olx
236ebf4c-bba3-497c-ace9-83277eb5811c,,shirt,06-03-2026,2670,620,570,TRUE,31,0.2135,6880,343,7,0.5765,minimal,neutrals,all_season,0.55,good,,olx
abad7b27-c19f-44d2-9c2e-fce4f82f09f9,dd19211d-05c9-4f9f-b0c5-14f146f0b3f9,sweater,18-08-2025,11165,7900,,FALSE,,,443,7,2,0.0117,casual,brights,winter,0.42,poor,0.11,olx
3f6d5e12-3da9-4680-a117-76b8935fd78c,,saree,05-01-2026,14100,920,,FALSE,,,105,1,3,0.0017,ethnic,darks,festive,0.8625,like_new,,kaphor
8aa25c54-e5f4-4ae3-abe7-cbee4e22d1c3,53d20561-92b1-465b-85d6-05db55a173ce,formal_shirt,31-08-2025,4870,3500,,FALSE,,,289,33,2,0.0565,"officewear,formal",neutrals,all_season,0.45,like_new,0.78,olx
1bc124a5-2963-46e9-bc55-e33265d2e76f,,skirt,08-12-2025,2985,530,,FALSE,,,283,3,0,0.005,fusion,brights,all_season,0.8,like_new,,olx
df69e44c-efce-41b6-8a0c-d2cb4e6b4d24,,dress,27-05-2026,5980,3560,,FALSE,,,394,21,3,0.0383,casual,pastels,all_season,0.4,good,,olx
e45a6e2e-bd41-449c-9fd4-d7d477791594,,saree,13-09-2025,14100,2700,,FALSE,,,104,4,1,0.0067,casual,prints,festive,0.46,good,,olx
aecd5755-3eb2-46da-9fc5-6a81b82ee018,ec9e0a46-6dff-48f6-b3ff-0b64ae91adad,jeans,21-04-2026,3380,1480,,FALSE,,,227,10,2,0.0167,casual,darks,all_season,0.4,good,0.59,olx
4e328d69-03b9-47cb-8002-c1facd933494,,trousers,23-12-2025,5970,740,,FALSE,,,362,44,0,0.0747,officewear,metallics,all_season,0.45,poor,,kaphor
cbaf713a-e37d-4148-ae3a-d3de2f493776,5a9eca3f-9b0d-4b27-b707-a4052fc830e4,dress,21-05-2026,5980,1970,,FALSE,,,356,0,1,0,casual,prints,all_season,0.4,like_new,0.82,olx
b75c3f1c-470d-48c7-abbd-e8556db5cec7,ae8ccca4-35e0-458f-befe-f4cd7e63e2a6,sweater,21-06-2025,16460,6060,,FALSE,,,384,13,1,0.0218,casual,metallics,winter,0.42,fair,0.36,olx
a7816549-8c78-4a12-9220-22ac9061b75b,,blazer,15-05-2026,5765,4450,4070,TRUE,24,0.706,536,106,9,0.1791,officewear,prints,all_season,0.45,good,,olx
85c075af-d809-490f-a6d7-29fa61614b1b,2c5a15e1-a9f1-49d8-87fb-0ae29fd55374,shorts,16-03-2026,580,470,450,TRUE,48,0.7759,3028,94,15,0.1567,athleisure,brights,summer,0.665,new_with_tags,0.92,meesho
903967ac-974d-4d7c-a48f-e833e1888648,e1a326a0-217e-4126-a810-eaf78204c6d0,tshirt,21-11-2025,2520,820,,FALSE,,,44,20,1,0.0334,minimal,pastels,all_season,0.55,like_new,0.76,olx
897acafd-b325-4861-82c1-b0a8e24d3f7f,,saree,24-04-2026,14100,14100,,FALSE,,,27,19,2,0.0317,casual,brights,festive,0.46,like_new,,olx
e5cdd6c4-b90c-4abf-bfcf-5162def68d15,,dupatta,03-01-2026,6070,5490,5210,TRUE,20,0.8583,720,53,8,0.0885,casual,prints,festive,0.46,like_new,,olx
cf6606f1-c9a3-45ea-b1f6-c79fb69dfbeb,f268bf4f-e0a4-404a-95dc-0eb9aeeeefc0,blouse,15-11-2025,7880,4460,4180,TRUE,84,0.5305,370,409,9,0.6851,bridal,neutrals,festive,0.9775,like_new,0.81,olx
e790d853-d3c6-433d-a535-9e756cc7accd,,shirt,14-09-2025,2670,1850,,FALSE,,,211,41,2,0.0689,casual,pastels,all_season,0.4,new_with_tags,,olx
6fd01edc-7c4f-412b-978f-feb93b77538e,781297a9-a025-4e86-8832-739fff72dedf,dupatta,20-02-2026,6070,5310,,FALSE,,,221,45,1,0.0751,casual,brights,festive,0.46,good,0.65,olx
f3aa59bd-5c4b-4ebe-a847-6e8f7f6fabfd,5be4f199-a049-4f74-b2bd-3bf4ae1a060b,saree,26-02-2026,14100,10200,,FALSE,,,298,19,1,0.0317,casual,pastels,festive,0.46,like_new,0.84,olx
a41e3a37-7c62-41e6-ac2c-4b53b0de3f8c,,other,09-11-2025,3160,610,590,TRUE,52,0.1867,5969,85,1,0.1419,casual,neutrals,all_season,0.4,fair,,olx
f5e591c9-e0a5-4029-8dd5-cdaa88414484,,lehenga,11-06-2025,33560,20000,17180,TRUE,56,0.5119,3736,423,14,0.7085,bridal,prints,festive,0.9775,good,,olx
b19a5c39-33a5-4692-919f-d8b24218c2d2,,blazer,25-05-2026,7660,4560,4480,TRUE,5,0.5849,3350,457,9,0.772,officewear,brights,all_season,0.45,like_new,,olx
5c46c159-9f79-4511-b3d0-d38cdc09c6a2,,other,17-07-2025,5260,2210,2130,TRUE,3,0.4049,1787,313,5,0.5225,casual,neutrals,all_season,0.4,good,,meesho
53034247-50c7-4363-95ab-5154a00acbd9,f6750404-1a94-42ed-bd60-67da79d81d37,formal_shirt,31-01-2026,5820,4450,4060,TRUE,93,0.6976,347,321,4,0.5497,"casual,formal",metallics,all_season,0.425,poor,0.33,olx
74ec7135-26ca-4ccd-8853-b477829e91d2,,jacket,19-07-2025,8050,5030,,FALSE,,,137,6,3,0.01,streetwear,brights,winter,0.6825,like_new,,manual
77ef245b-47f2-45e9-b571-d70082b8a66c,1d0caa50-c848-4002-b54b-98510dd6228f,saree,17-11-2025,14100,1730,,FALSE,,,22,10,2,0.0167,casual,neutrals,festive,0.46,like_new,0.84,olx
7e3c063e-b792-4da8-a42b-e96402487512,,kurta,23-08-2025,7250,4000,4000,TRUE,63,0.5517,7621,415,12,0.694,fusion,brights,all_season,0.8,like_new,,olx
03ad504e-37e4-43c2-ba57-c40c727185a1,,jeans,12-04-2026,2480,1530,1380,TRUE,117,0.5565,7648,92,6,0.1538,streetwear,brights,all_season,0.65,like_new,,olx
3ee1c957-6d0a-4c47-8efe-99e6248eb09b,41240775-5ac2-4379-a5c7-c0f60faf5a12,skirt,04-01-2026,2985,1860,1650,TRUE,113,0.5528,4448,488,13,0.8133,fusion,metallics,all_season,0.8,new_with_tags,1,meesho
b9835970-3b5d-49ca-a3cc-832cec3e6845,1c7f2daa-b7a1-4558-a235-cd0e0ffc8fc5,kurta,19-01-2026,8820,5850,5770,TRUE,79,0.6542,3617,358,7,0.5987,ethnic,metallics,all_season,0.75,like_new,0.79,manual
638770ec-1ac3-4215-95b3-a7c257e6d391,57131a55-af51-430a-83e3-ed27f12c32eb,jeans,19-05-2026,2480,1060,1040,TRUE,3,0.4194,3033,472,9,0.7893,casual,pastels,all_season,0.4,fair,0.48,olx
2ed69bf0-94d9-4a1b-ac06-21ebc0fc6986,,kurta,20-09-2025,3320,2410,,FALSE,,,383,7,3,0.0117,casual,brights,festive,0.46,like_new,,olx
ce933388-e15f-45f8-8e04-2d918d0f57fa,,saree,26-03-2026,5040,2160,,FALSE,,,384,29,2,0.0483,casual,metallics,festive,0.46,good,,olx
99bab5d0-26bf-4de4-8002-7be3f9c2f965,,kurta,15-09-2025,7060,2630,,FALSE,,,469,42,3,0.0702,fusion,neutrals,all_season,0.8,good,,olx
17d7e86b-9b5e-4b82-a632-69dde5890aff,,kurta,05-03-2026,1570,1260,,FALSE,,,20,20,2,0.0334,casual,brights,all_season,0.4,new_with_tags,,olx
da3c6b0d-e016-4e35-990b-aa0a44f39fc7,a8101314-e521-4607-8854-170cf2d129db,skirt,14-04-2026,2985,850,790,TRUE,108,0.2647,2842,302,3,0.5033,casual,brights,all_season,0.4,fair,0.49,olx
88780210-3942-43a8-8a25-fe1d0e6cff51,901e8671-8689-4bad-9624-f74c3b6a003b,jeans,11-08-2025,2480,1990,1890,TRUE,110,0.7621,5368,296,11,0.495,casual,pastels,all_season,0.4,new_with_tags,0.97,kaphor
e198c365-78d3-424c-a71d-fbdbf3551de2,b7fa37bd-0965-4eff-b208-745bbab9c52f,formal_shirt,09-06-2025,9370,4950,,FALSE,,,43,0,0,0,formal,darks,all_season,0.45,good,0.66,olx
12c0d755-1e9e-47a0-9737-9dd8a333ffb7,,dupatta,23-11-2025,6070,3110,,FALSE,,,385,36,1,0.0601,fusion,neutrals,festive,0.92,good,,olx
114b6991-7578-4186-be04-248970a7425b,40250f95-b9eb-47ca-bded-6ad52e6b085b,blouse,27-11-2025,18430,5990,5420,TRUE,117,0.2941,6175,300,2,0.5025,ethnic,darks,festive,0.8625,fair,0.47,olx
021c2c78-23cb-4e86-b8b4-f192c41a0e65,c67ee84d-a32a-4667-8d5e-688fd23437d8,shirt,20-11-2025,3200,1840,,FALSE,,,303,15,1,0.0252,streetwear,prints,all_season,0.65,good,0.59,olx
43258e11-86d1-4b3d-be5a-da4188cd8960,,trousers,05-02-2026,7100,2800,2720,TRUE,87,0.3831,5264,578,3,0.9813,formal,brights,all_season,0.45,fair,,olx
6bfa9f97-8b08-4925-8961-15afdef1e5f8,640fbf84-c245-4489-a7af-f979f19f5726,formal_shirt,08-11-2025,5820,2860,,FALSE,,,268,25,1,0.0428,formal,pastels,all_season,0.45,new_with_tags,0.93,olx
119fc9f0-f332-4ff7-9692-57a1fd211ff1,eb1dbfae-d55a-452d-9f8e-b03a46eec53b,trousers,30-04-2026,5970,3090,,FALSE,,,400,10,3,0.017,formal,brights,all_season,0.45,like_new,0.79,olx
1049d14a-f606-4d76-8b13-5419b5229fc7,61d7c096-a631-4e2d-9e4d-b54ac86d37ea,kurta,12-08-2025,7060,5930,,FALSE,,,340,27,3,0.0452,fusion,neutrals,all_season,0.8,fair,0.4,olx
fa4bd8a3-d9be-4c97-aa18-63c065ce2712,,formal_shirt,27-03-2026,5820,2220,,FALSE,,,43,31,1,0.0531,formal,brights,all_season,0.45,good,,olx
52b3256f-e2c1-46b3-b3bc-e2dc9b3f3a9f,,blazer,16-03-2026,5765,3000,,FALSE,,,495,25,1,0.0422,casual,prints,all_season,0.4,like_new,,olx
355b9f65-08ad-45fc-92a8-42cc8e54862b,b40affae-27d8-4aee-b537-7875bae2a4cb,blouse,13-04-2026,7880,5030,,FALSE,,,222,23,0,0.0385,ethnic,neutrals,festive,0.8625,like_new,0.81,olx
6bfac837-1040-4184-9e9a-018489702d38,,saree,03-09-2025,14100,1500,1320,TRUE,12,0.0936,4658,548,12,0.9133,ethnic,metallics,festive,0.8625,new_with_tags,,meesho
8eaac73f-df4d-42d5-9334-efbe3ead6612,,tshirt,16-02-2026,2520,890,770,TRUE,55,0.3056,1018,152,8,0.2538,casual,pastels,all_season,0.4,new_with_tags,,olx
d0752801-20c0-4c0b-956d-d44b378f604b,,shirt,02-01-2026,2670,1690,1490,TRUE,12,0.5581,6941,134,13,0.2252,casual,neutrals,all_season,0.4,like_new,,olx
7656390a-aeac-4901-8d9d-bb163227c0aa,,jeans,28-04-2026,1410,1130,1010,TRUE,56,0.7163,5799,37,10,0.0619,streetwear,neutrals,all_season,0.65,new_with_tags,,olx
c74026ba-5108-4ed0-be32-7a1f3912aff0,4b524d21-7cf7-4388-b032-40639e6cc64b,jacket,17-10-2025,6530,4580,,FALSE,,,311,5,1,0.0083,casual,pastels,winter,0.42,new_with_tags,0.92,olx
aa855731-1c37-420f-8f74-4c07be0452c9,,activewear,10-07-2025,7500,3230,,FALSE,,,93,32,2,0.0537,athleisure,pastels,all_season,0.7,fair,,olx
22cc41a6-871f-40ee-accd-204b833b6cbf,6a800c23-4bc2-4e13-94f3-d1406311b2ec,shirt,27-05-2026,2670,1060,1000,TRUE,56,0.3745,3057,459,7,0.7714,casual,prints,all_season,0.4,new_with_tags,1,olx
49150161-38db-4bc6-8133-cdcae19e4fa6,,other,18-03-2026,3160,570,,FALSE,,,131,13,2,0.0217,casual,neutrals,all_season,0.4,poor,,olx
65dad9fb-30d3-4b0d-afa7-69032f676002,,shirt,19-02-2026,2670,1390,,FALSE,,,139,43,0,0.0723,casual,metallics,all_season,0.4,fair,,olx
57ecc14f-8c50-4b70-a1cb-1d106cced94d,38310130-cdc2-40f6-88da-adbd96454b62,blouse,12-02-2026,9580,5430,,FALSE,,,35,35,3,0.0586,casual,pastels,festive,0.46,like_new,0.84,olx
74c29c58-70f2-433f-82a2-d7047449283c,,kurta,08-05-2026,7060,3410,,FALSE,,,359,21,1,0.0351,ethnic,metallics,all_season,0.75,good,,olx
2e40bfa0-9ea3-4342-9273-b383a3ff7417,,shorts,14-11-2025,2690,2060,,FALSE,,,273,24,3,0.04,casual,darks,summer,0.38,new_with_tags,,olx
91d398f9-f47a-461b-9576-bb26bb99699f,33cabb20-b16e-496a-9dcc-d344ff312e9c,kurta,23-07-2025,7060,3000,,FALSE,,,37,38,3,0.0635,casual,metallics,festive,0.46,good,0.62,meesho
bf611522-b570-4561-acd7-5b37d18271d3,1f5f8f7b-7137-4d7e-82c3-893056ca9e2e,dupatta,18-12-2025,11480,3130,,FALSE,,,341,7,1,0.0117,ethnic,prints,festive,0.8625,fair,0.45,olx
424d0245-d86e-43ba-a607-3f4339f374d3,,tshirt,06-12-2025,2520,2250,,FALSE,,,197,41,1,0.0684,casual,prints,all_season,0.4,new_with_tags,,olx
04841467-da6d-45f8-a48f-9ca0621cca47,,formal_shirt,25-03-2026,6120,4640,,FALSE,,,133,42,1,0.0719,"casual,formal",metallics,all_season,0.425,new_with_tags,,olx
1b0d54e4-1662-4483-a2dc-1acddfbcf12e,997190b0-17de-43c8-b89f-b15acc267aa0,saree,03-01-2026,14100,3020,2810,TRUE,86,0.1993,3716,388,7,0.6467,ethnic,prints,festive,0.8625,poor,0.29,olx
e38f6ad5-4aa5-45a1-862d-82eeffbd4a5d,eab2fa40-8349-44dd-9ba0-582282f88d1e,formal_shirt,12-10-2025,5820,3830,,FALSE,,,219,5,1,0.0086,formal,brights,all_season,0.45,like_new,0.8,olx
b75e6eab-f44a-4d8a-beae-e9d615bfc08e,39ab8a4f-ae16-455b-ad69-c49d7ec9634e,saree,31-08-2025,28570,21100,18050,TRUE,109,0.6318,7632,546,14,0.91,casual,brights,festive,0.46,like_new,0.82,olx
2b4a4505-305e-4d41-bef5-38fb1286e607,61e5916c-3524-4d1a-8943-f2f16699cede,blazer,19-01-2026,9270,4670,4060,TRUE,71,0.438,4448,395,12,0.6672,casual,brights,all_season,0.4,good,0.66,olx
893f5e36-52a8-4bee-a323-ec749fb6ad37,,jeans,05-07-2025,2480,1540,1440,TRUE,20,0.5806,7259,10,5,0.0167,minimal,darks,all_season,0.55,poor,,olx
06bf294b-05e2-44e4-9526-8bbf8787f3f4,8f5e52fa-7496-4c9d-b697-886be3c03ae0,jacket,08-02-2026,3030,2250,,FALSE,,,477,9,0,0.015,casual,brights,all_season,0.4,new_with_tags,0.91,meesho
f0495025-ab83-4636-a322-41f6c4021719,,kurta,06-10-2025,9250,3850,3590,TRUE,10,0.3881,2894,203,9,0.3395,fusion,darks,all_season,0.8,good,,meesho
91ed4675-a2cc-40ed-9825-9649e16216f1,,other,19-02-2026,3160,350,310,TRUE,54,0.0981,5512,599,15,1,casual,brights,all_season,0.4,good,,olx
5ccee5c3-fd6b-4a61-b47d-47ca15c46a89,,jeans,23-10-2025,2330,1230,1130,TRUE,98,0.485,2334,269,15,0.4498,casual,brights,all_season,0.4,good,,olx
df4e510f-e000-4c61-923e-187b5bc78c43,2f6a827b-b570-4136-a13a-2731ee64fd43,shorts,27-07-2025,2970,1320,,FALSE,,,259,6,2,0.01,casual,prints,summer,0.38,fair,0.41,olx
13527a3c-13bd-4155-babd-e846725e9dbe,,jeans,30-11-2025,2480,1610,1400,TRUE,50,0.5645,4846,204,8,0.3411,streetwear,metallics,all_season,0.65,good,,kaphor
f53f23f9-a6b5-4e41-a17e-89467033df8d,,dupatta,11-09-2025,18650,5040,,FALSE,,,109,2,2,0.0033,fusion,darks,festive,0.92,fair,,olx
c070a698-f9ec-484d-973f-330a95769714,da67771e-a85b-48a8-8127-5717c5f3c881,formal_shirt,19-06-2025,5820,3540,3380,TRUE,61,0.5808,3412,391,1,0.6695,formal,darks,all_season,0.45,good,0.58,olx
38d053d4-2361-41d4-8794-80c62fbcf701,,jacket,16-07-2025,5770,4830,,FALSE,,,240,32,1,0.0533,casual,metallics,all_season,0.4,new_with_tags,,olx
88875114-e8a4-4f12-a860-9e7ee4d5dd3d,bd557ee3-7a72-4eb8-94ac-9c50aaafcdc8,shirt,21-03-2026,2670,1100,,FALSE,,,87,5,2,0.0084,casual,metallics,all_season,0.4,new_with_tags,0.97,olx
bb356315-769f-49f8-af34-9a3eac501507,e2194185-0bfc-4a00-84ed-0606635bb9a1,jacket,12-02-2026,8050,1080,,FALSE,,,254,28,0,0.0467,casual,darks,all_season,0.4,new_with_tags,0.98,olx
7e89c872-44f6-4c91-8e49-dc04eb9c547e,,other,23-12-2025,660,530,,FALSE,,,460,40,0,0.0668,casual,prints,all_season,0.4,new_with_tags,,olx
a05ca90c-2ff7-4e11-8d69-f55e6793161a,2d19ab73-b497-4a86-ac86-eeaf9a76a70f,shorts,04-01-2026,2690,2440,2300,TRUE,109,0.855,3545,418,13,0.6967,athleisure,darks,summer,0.665,good,0.58,olx
f52692c7-4786-421f-a6f4-f27d8191db92,,trousers,07-08-2025,5970,1000,,FALSE,,,42,14,3,0.0238,minimal,brights,all_season,0.55,like_new,,meesho
2d59950e-ec7b-4c1b-8b67-4feb65549426,,lehenga,07-10-2025,9470,2770,,FALSE,,,311,18,1,0.0302,ethnic,darks,festive,0.8625,new_with_tags,,olx
c12f912a-9dcd-4185-9a52-db543ce392ae,d1c124d8-6f3b-4195-bdf4-42200e8848a2,jeans,27-08-2025,2480,670,580,TRUE,118,0.2339,5641,104,11,0.1739,minimal,metallics,all_season,0.55,like_new,0.86,olx
4bc031f9-d99a-472d-b1d2-bdb47b6f291d,,blouse,05-07-2025,7880,4320,3810,TRUE,45,0.4835,2857,334,14,0.5595,casual,neutrals,festive,0.46,new_with_tags,,olx
a8444c95-b72f-4ad8-8990-3b2118f1be98,5b9944b8-f963-48a2-ae5a-6778ae8e4b0a,blouse,13-06-2025,8980,5100,,FALSE,,,493,18,2,0.0302,bridal,metallics,festive,0.9775,like_new,0.83,olx
c4f8b7cf-ff20-4829-bd4b-82c35d054775,,trousers,03-03-2026,5970,4920,,FALSE,,,370,30,1,0.0509,formal,pastels,all_season,0.45,poor,,olx
9cc902f0-8736-46dc-8472-b25abf718ecc,8985fdee-e86c-409c-b246-fc4971633968,kurta,06-10-2025,7060,4910,4560,TRUE,68,0.6459,4091,24,5,0.0401,ethnic,darks,all_season,0.75,fair,0.4,olx
4926ad70-3b71-4598-8ad9-4881481adb22,,lehenga,18-11-2025,9470,9470,9030,TRUE,17,0.9535,3773,308,6,0.5159,bridal,neutrals,festive,0.9775,poor,,olx
4801901c-75c7-45ea-935b-7c951d18b3f0,494fcf5b-3912-487f-8e61-5bc741ab1d40,trousers,19-09-2025,5970,2460,,FALSE,,,77,17,2,0.0289,casual,pastels,all_season,0.4,new_with_tags,1,olx
0750eb8d-9011-41df-a235-75f90e0c629d,,jacket,10-07-2025,5490,3360,,FALSE,,,351,40,3,0.0667,casual,neutrals,all_season,0.4,like_new,,meesho
efc6316a-39a5-4976-9b7a-82b6972d67bb,4adc1053-340b-4355-a097-6ad8a494cee1,other,01-07-2025,3160,2060,1960,TRUE,86,0.6203,5679,10,3,0.0167,casual,neutrals,all_season,0.4,poor,0.14,olx
84c63b8b-3e89-4a43-8373-e2debea94981,,trousers,05-01-2026,10970,4890,,FALSE,,,440,23,0,0.039,casual,prints,all_season,0.4,good,,manual
d5d8de8c-0d91-482b-972a-45079a8290d2,,anarkali,01-04-2026,5545,3470,,FALSE,,,498,21,3,0.0361,bridal,metallics,festive,0.9775,poor,,kaphor
6be46dd3-a3d4-4abe-b98e-908ec2c1177f,c2a0de1a-7946-4c60-9f12-cb5fef59009e,blouse,31-07-2025,7880,1200,1110,TRUE,23,0.1409,3696,150,13,0.2513,bridal,prints,festive,0.9775,like_new,0.88,olx
3409a11a-6070-47d0-82bf-5fa829599b27,,other,26-05-2026,3160,1630,1530,TRUE,45,0.4842,3925,401,6,0.6694,casual,brights,all_season,0.4,like_new,,olx
f44597fb-6ed0-4c04-a015-3d765f9a4f4f,,anarkali,10-02-2026,3320,2130,,FALSE,,,51,31,0,0.0534,ethnic,pastels,festive,0.8625,like_new,,olx
38e2cda5-d0a8-4e4c-80e5-22f069c6e03b,,activewear,22-03-2026,4900,2380,,FALSE,,,118,8,2,0.0134,casual,neutrals,monsoon,0.34,good,,olx
50ca9c5b-5c65-43fa-b4ff-e275fa7dbd5c,03a69ecf-a0a1-4e78-af65-56ab154f0a6c,jacket,25-09-2025,8050,1990,1940,TRUE,14,0.241,6256,409,4,0.6817,streetwear,prints,winter,0.6825,good,0.65,olx
c3357c12-919c-450d-916d-50d838a2c860,,blouse,29-01-2026,7880,2110,2060,TRUE,73,0.2614,6201,317,3,0.531,ethnic,neutrals,festive,0.8625,good,,manual
91e16055-1267-4dec-97db-c14f195c0f4f,489d45cf-7d1a-4312-8aec-e26be0d37a68,jacket,19-12-2025,8050,2830,,FALSE,,,427,39,2,0.065,casual,neutrals,winter,0.42,like_new,0.76,olx
5cecee19-fcc8-47cf-9b71-50a932527684,8006b55a-791c-4119-8f16-79f0f3328528,trousers,10-10-2025,7500,3990,,FALSE,,,444,8,2,0.0136,casual,darks,all_season,0.4,good,0.59,olx
729e5113-e2eb-49e8-9f2a-955eb144aed5,,lehenga,08-09-2025,9470,1810,,FALSE,,,283,27,0,0.0452,casual,darks,festive,0.46,like_new,,manual
9e529ca3-da11-40bc-b6ca-75f1b0145661,71200e7c-d5ab-425b-87b2-71966605de4e,activewear,04-04-2026,4900,1750,,FALSE,,,332,2,2,0.0034,athleisure,metallics,all_season,0.7,new_with_tags,0.9,olx
8ab25c7e-4385-427c-b459-811a2850792c,c0fbba40-13de-47bd-b310-6956e53c453a,lehenga,28-07-2025,37740,19800,17590,TRUE,64,0.4661,3579,12,9,0.0201,bridal,pastels,festive,0.9775,good,0.58,meesho
68870225-7576-4f33-a461-cd7af803365a,0f3d6aae-e41c-48c0-b7ac-cad3379c9e41,shorts,21-08-2025,2690,2050,,FALSE,,,61,26,1,0.0433,casual,neutrals,summer,0.38,good,0.71,meesho
a98fe16e-30d1-407d-ace1-a24181311591,1004d13c-3be6-4da8-9e83-c897f5c11edc,activewear,18-11-2025,13920,2860,2700,TRUE,109,0.194,786,494,11,0.8289,casual,darks,monsoon,0.34,poor,0.14,meesho
517a60f7-aedd-4a9b-b35e-ed7ac1ee2e82,,formal_shirt,27-06-2025,5820,1170,,FALSE,,,141,26,0,0.0445,formal,pastels,all_season,0.45,fair,,olx
db9a6b50-c36c-4439-b785-a66fb2cb777a,,jacket,05-06-2025,8050,7360,6320,TRUE,43,0.7851,7932,567,9,0.945,casual,neutrals,winter,0.42,new_with_tags,,olx
a7e59618-aeab-4f96-9a48-6e08c5540f8f,,jacket,08-05-2026,8050,4450,,FALSE,,,489,32,0,0.0533,casual,brights,winter,0.42,fair,,olx
7bab3536-5d2b-4e29-a62a-0bd441901da0,c1f0c9f3-107d-4905-8207-d12d9cc63823,jeans,25-10-2025,1770,740,,FALSE,,,137,16,2,0.0268,streetwear,brights,all_season,0.65,good,0.58,meesho
fc084ca1-0be9-4334-ab7f-398575dfa1b7,38f5e6a6-418e-4ec4-9e5a-b697f911b949,activewear,22-08-2025,4530,3150,,FALSE,,,272,44,0,0.0738,athleisure,pastels,all_season,0.7,like_new,0.86,olx
89a0230e-3492-4e5a-b5a4-469adba378b1,289caaaf-83cc-4799-96dd-955142d9b9f4,lehenga,19-08-2025,9470,3300,3280,TRUE,114,0.3464,3969,409,3,0.6851,ethnic,brights,festive,0.8625,fair,0.47,olx
ff449ac0-dd6d-4811-9be7-16ee98e93564,,sweater,07-03-2026,11165,4980,,FALSE,,,446,39,2,0.0653,casual,darks,winter,0.42,good,,olx
017e2ccf-c021-4410-b353-80f809823cca,,jeans,16-01-2026,2480,2320,,FALSE,,,95,38,1,0.0635,casual,prints,all_season,0.4,new_with_tags,,olx
0740c83a-6dda-46b6-860e-aa64dd62f210,d7498413-4305-41e6-b5c1-86ae76861c6d,tshirt,15-05-2026,2520,1380,,FALSE,,,450,0,3,0,casual,neutrals,all_season,0.4,good,0.66,kaphor
6773c330-c32b-4ec9-aab1-ddf07fc41482,f91caeee-ea8c-4dad-9954-2f95f53fac78,jeans,17-11-2025,2480,1390,1300,TRUE,50,0.5242,5052,485,6,0.811,streetwear,prints,all_season,0.65,like_new,0.76,olx
ce99c975-3e63-4e23-b82e-a10bbd67f517,a5bd4e3c-fa76-496f-aa02-0ebfbfe95b89,shirt,06-04-2026,2670,520,,FALSE,,,396,22,1,0.037,minimal,brights,all_season,0.55,poor,0.23,olx
5f9970a7-c6f3-4192-b302-08e12c682783,3f6fcbbc-6b4f-4706-8e05-991091a775bc,jeans,31-03-2026,2480,1710,1600,TRUE,62,0.6452,5412,62,1,0.1037,casual,pastels,all_season,0.4,good,0.73,olx
eeddbdd4-4b33-41fc-b971-208f5fe522e1,,jeans,15-07-2025,2480,2480,,FALSE,,,218,1,2,0.0017,minimal,brights,all_season,0.55,good,,olx
779eef43-6ade-4d46-9cd5-567b0a90a4f9,1fb10479-4b15-401c-af25-246b18919a40,activewear,27-11-2025,4900,510,490,TRUE,120,0.1,3452,503,3,0.844,casual,darks,all_season,0.4,poor,0.11,olx
f87a9fe4-09e2-4173-af01-bf69647c6db9,,coat,23-07-2025,9620,5520,4880,TRUE,65,0.5073,5120,269,1,0.4711,casual,brights,winter,0.42,like_new,,olx
2b46b14d-2db8-49ce-a213-4fd441246eaf,,kurta,22-06-2025,7060,3330,,FALSE,,,155,39,2,0.0652,casual,darks,all_season,0.4,good,,olx
dbf0d3f2-2d57-47c0-a12e-ea4226bf4c71,,jacket,27-05-2026,4870,2090,1930,TRUE,73,0.3963,5230,387,4,0.645,casual,prints,all_season,0.4,good,,olx
3318cf71-7c6f-46d7-9d67-5efac9269440,4ea85692-62db-4996-afaa-9cea1b9520cb,coat,19-01-2026,7440,5710,,FALSE,,,21,23,3,0.0403,casual,darks,winter,0.42,new_with_tags,0.91,olx
96d45fb6-c41a-4582-accd-f7cb33e5edca,83e82756-dd36-45aa-a44f-228d9aa7ff02,shirt,16-05-2026,2670,770,,FALSE,,,119,3,1,0.005,minimal,neutrals,all_season,0.55,new_with_tags,0.98,olx
740c9224-7b57-4f78-8c82-250639bef4db,,saree,17-04-2026,14100,14100,,FALSE,,,291,23,0,0.0383,bridal,metallics,festive,0.9775,fair,,kaphor
b084d5b2-4b48-4ff0-ba6e-859843d7f723,,saree,29-08-2025,14100,1470,1360,TRUE,55,0.0965,7458,414,12,0.69,ethnic,neutrals,festive,0.8625,good,,olx
4c95490b-e5fa-4fa2-ac8c-998b9a1e298f,ba65d74e-f6d2-4a3a-a987-fa9618f32427,saree,23-12-2025,14100,14100,,FALSE,,,494,26,0,0.0433,ethnic,pastels,festive,0.8625,like_new,0.81,olx
7f179dba-a75b-4e98-97a2-06b619ce5ca9,6c82f812-b525-4058-b9eb-6c5e9615595c,other,08-10-2025,3160,2380,2330,TRUE,30,0.7373,3813,504,8,0.8414,casual,prints,all_season,0.4,poor,0.29,olx
3b8385ca-feb8-4552-a9f7-128455170eba,,activewear,28-06-2025,4900,1890,,FALSE,,,317,29,1,0.0487,athleisure,neutrals,all_season,0.7,new_with_tags,,kaphor
02d302a4-9124-47bf-b20b-5c84a712d54c,b34834cb-6c23-4ebb-95da-45a730851fd6,coat,28-06-2025,11520,4750,,FALSE,,,34,18,2,0.0315,casual,metallics,winter,0.42,good,0.6,kaphor
e3e50473-2875-4071-a3bc-388dc3897175,b6742e09-e66f-45d5-90aa-fa3bc599ac8c,activewear,05-11-2025,4900,1320,,FALSE,,,473,10,2,0.0168,athleisure,brights,all_season,0.7,like_new,0.87,olx
21a37a26-4a37-4111-ad61-8d8d94002f59,4bd530b0-7b7b-4b64-97d6-5e90a6b44ac4,formal_shirt,04-03-2026,5820,2090,,FALSE,,,142,7,2,0.012,formal,prints,all_season,0.45,like_new,0.81,olx
380cffac-f8de-48cc-abf5-803a3d639a15,35faeb6b-fe99-43cc-956a-1230be2d97d9,skirt,28-01-2026,2985,380,340,TRUE,102,0.1139,2492,110,3,0.1833,boho,prints,all_season,0.5,fair,0.4,olx
ddac8fd7-cb21-4cc1-b62f-adbbd729107c,a52ca34a-d9d0-4b74-9793-32cd304711d8,activewear,22-02-2026,4900,3300,3160,TRUE,103,0.6449,1241,371,10,0.6225,athleisure,neutrals,all_season,0.7,new_with_tags,0.96,olx
9bbfa8ba-a17a-4ec9-b2e5-d803c9294605,83cefa6b-34b7-4b8b-bc42-32452d4b3b14,shirt,23-01-2026,2670,890,890,TRUE,82,0.3333,2490,112,5,0.1882,minimal,neutrals,all_season,0.55,new_with_tags,0.92,meesho
6392f184-fa8a-4bfe-a492-612804c8deb2,,trousers,22-06-2025,5970,1170,,FALSE,,,361,6,1,0.0102,formal,pastels,all_season,0.45,good,,olx
c38b4b4f-a09b-447d-8270-9d93f377b393,,formal_shirt,14-02-2026,5820,3010,,FALSE,,,338,29,1,0.0497,formal,brights,all_season,0.45,fair,,kaphor
456670d5-8b09-4d83-94e0-0825c4e11610,8dcbdda9-850e-43dd-9d24-390dd288d71d,blazer,16-10-2025,5765,2370,2050,TRUE,109,0.3556,7860,535,1,0.9037,casual,brights,all_season,0.4,good,0.57,kaphor
44dee100-4adb-4602-accf-a58ee7062604,d553bdcf-2ac3-473d-b61e-afaff881d88b,kurta,08-08-2025,7060,990,,FALSE,,,391,13,1,0.0217,ethnic,darks,all_season,0.75,good,0.66,olx
25e1d73a-00e4-4b12-8a17-f8b3a1693d00,c07ea8fb-2022-43cb-b7a3-48e5863e9a7b,lehenga,04-05-2026,9470,9470,,FALSE,,,490,43,0,0.072,casual,darks,festive,0.46,good,0.63,kaphor
68ccda6b-919e-4e28-aa97-e61b21666fed,,other,23-12-2025,3160,920,810,TRUE,74,0.2563,5301,530,9,0.8848,casual,neutrals,all_season,0.4,fair,,olx
1275e81d-9a9e-48cd-809f-52a8efde00a8,3cef064b-2f70-4d57-b695-17fc9be8cc08,jeans,16-03-2026,2790,1390,,FALSE,,,441,40,2,0.0669,streetwear,darks,all_season,0.65,good,0.61,olx
601945f5-5497-4f3e-927d-a009ad322482,8ddc2881-ce5d-4273-ae29-c7ed9b3e88fc,dupatta,09-04-2026,6290,4260,4220,TRUE,17,0.6709,3392,505,10,0.8431,casual,brights,festive,0.46,like_new,0.86,meesho
c02a666f-9fa2-4bc8-bd58-780ad4d0ca23,d58778af-b87f-44c2-8db7-54608ad9cb3e,anarkali,21-11-2025,5545,990,,FALSE,,,321,30,0,0.0516,bridal,metallics,festive,0.9775,good,0.68,olx
eac303ec-f863-496e-a2b1-df0177be9840,63ffe6af-c181-49ab-b462-c6b61f6dc6af,blouse,05-06-2025,11350,3520,3410,TRUE,26,0.3004,3200,201,9,0.3367,ethnic,prints,festive,0.8625,fair,0.52,olx
7d0d2deb-b985-42e0-8a63-025a4f0d3990,d87d29a0-61a2-4163-b2bc-a7d9af1d24d6,jacket,08-11-2025,8050,2400,,FALSE,,,195,4,1,0.0067,streetwear,prints,winter,0.6825,good,0.6,olx
b2856f1c-10c6-4365-bf7a-1cc204733273,,jeans,17-11-2025,2480,1150,,FALSE,,,175,31,3,0.0518,streetwear,brights,all_season,0.65,new_with_tags,,olx
faac7e5c-5628-4ce1-b7a3-aa52b7f7c9da,732f9d03-54ed-4691-aeec-0a7bdf1d8106,formal_shirt,30-12-2025,5820,4280,,FALSE,,,357,40,2,0.0685,formal,neutrals,all_season,0.45,fair,0.44,olx
e9bc32e7-b5de-4369-8016-75ccd0d935c4,,other,19-06-2025,3160,2390,2250,TRUE,1,0.712,5081,408,11,0.6811,casual,neutrals,all_season,0.4,fair,,olx
0769409b-ef5e-4be3-b499-a434cf8530ef,ea40001a-8a39-4669-8695-ba98b67f6486,saree,17-11-2025,5710,4010,3690,TRUE,92,0.6462,4112,257,11,0.4283,casual,metallics,festive,0.46,new_with_tags,0.92,meesho
3601cc73-4520-4bb8-bf2a-e21efdb9424c,,activewear,10-02-2026,4900,570,490,TRUE,90,0.1,5121,504,8,0.8456,athleisure,pastels,all_season,0.7,new_with_tags,,olx
5fe594da-fc3b-49c1-b772-d01af0aefe4c,c5dfabf4-947c-4a43-9aea-5fd58b185f42,lehenga,26-07-2025,9470,5620,,FALSE,,,75,1,0,0.0017,ethnic,neutrals,festive,0.8625,fair,0.45,kaphor
76257abb-a50f-4366-a4d7-c5b1d79361c8,,formal_shirt,02-03-2026,5540,3000,,FALSE,,,83,14,1,0.024,"casual,formal",brights,all_season,0.425,like_new,,olx
ce96e725-da27-45a7-bb89-c77f313c7816,8dd4ae2b-535d-4adf-8623-de78b6cccae2,tshirt,15-12-2025,2520,1750,1520,TRUE,68,0.6032,1162,62,10,0.1035,casual,brights,all_season,0.4,poor,0.19,olx
7a4784d4-c6cd-44f1-a4eb-03b6d179241d,,kurta,07-10-2025,7060,1180,,FALSE,,,149,9,3,0.0151,casual,pastels,all_season,0.4,like_new,,meesho
d7fa7f3a-1407-4718-88a1-2da17004125d,,anarkali,15-01-2026,5545,1930,,FALSE,,,175,15,2,0.0258,casual,brights,festive,0.46,fair,,olx
32f15762-eb04-48c6-afd5-786ad7129b3f,,lehenga,26-05-2026,9470,9470,,FALSE,,,246,26,0,0.0436,bridal,prints,festive,0.9775,fair,,meesho
3b787835-051e-4017-b45c-4c074dc6c704,,kurta,12-05-2026,7060,4370,4260,TRUE,31,0.6034,4488,271,13,0.4532,ethnic,pastels,all_season,0.75,fair,,olx
2efabce3-ec4b-4ed1-aedc-3252d410340e,6ff02b2f-af92-417e-8802-a685471ef4f2,blouse,19-10-2025,4190,1140,,FALSE,,,314,9,3,0.0151,bridal,darks,festive,0.9775,poor,0.3,olx
2501fe38-a21b-4380-bcb0-d1d09a19d1cf,,jeans,13-12-2025,7290,1970,1860,TRUE,84,0.2551,7962,324,2,0.5418,streetwear,brights,all_season,0.65,fair,,olx
1b945054-dd82-46f1-9e60-93759640f540,b21b929c-ef93-4698-a037-8927f6e2a598,other,18-06-2025,3160,1640,1480,TRUE,5,0.4684,1653,45,3,0.0751,casual,prints,all_season,0.4,like_new,0.89,olx
f8c1f750-51a1-4a16-bd8d-6bb546520166,,dress,08-01-2026,5980,4750,4410,TRUE,97,0.7375,540,309,14,0.5628,formal,brights,all_season,0.45,good,,kaphor
267ac8cd-708c-4077-b8e4-5053a52e1386,0de08221-0a40-456d-9915-563193aaf677,jacket,27-09-2025,8050,3370,,FALSE,,,277,17,0,0.0283,casual,darks,winter,0.42,fair,0.39,meesho
1ccf0a1c-d164-4e54-b7f3-efdc6d50a983,,dupatta,13-08-2025,6070,3010,,FALSE,,,184,28,2,0.0467,ethnic,metallics,festive,0.8625,good,,meesho
edca252d-4d79-432f-89af-88d625724cc2,,saree,08-06-2025,14100,2160,,FALSE,,,156,35,0,0.0583,ethnic,pastels,festive,0.8625,good,,olx
1a58ce0e-e8a8-4606-9978-7547992a1368,,shirt,17-11-2025,2670,1570,1340,TRUE,97,0.5019,5870,271,13,0.4555,streetwear,neutrals,all_season,0.65,good,,olx
d8f36208-9912-40a0-933e-c90b7c683748,f7be3c41-a52c-47df-b86d-97ce1d053461,dress,07-08-2025,9180,4880,,FALSE,,,30,39,3,0.071,casual,darks,all_season,0.4,good,0.7,olx
754d344d-be6f-4616-ba77-b06742ea873d,7a6f7208-f6b6-41b9-abe4-dd2b754130c0,kurta,08-04-2026,7060,2520,,FALSE,,,84,13,3,0.0217,ethnic,metallics,all_season,0.75,fair,0.53,olx
ff744733-fef2-40f3-ab19-49893d39ec8a,b9c0eca1-b86e-499c-bf89-266693ada6ea,jeans,13-11-2025,2480,1600,,FALSE,,,412,30,3,0.0502,streetwear,darks,all_season,0.65,like_new,0.82,olx
41ed3a7a-8d72-45b5-a182-98340755e3ac,,anarkali,18-12-2025,5545,5170,4850,TRUE,27,0.8747,1782,294,5,0.506,bridal,metallics,festive,0.9775,like_new,,olx
5c27e8f6-9817-49a9-88fd-0324f930c66d,,lehenga,11-05-2026,11810,8600,,FALSE,,,215,27,3,0.0452,bridal,pastels,festive,0.9775,like_new,,olx
9c1c3539-cc6f-4f8c-905d-0e4d0a9abc45,,other,01-01-2026,3160,2260,,FALSE,,,235,30,2,0.0501,casual,pastels,all_season,0.4,new_with_tags,,olx
b5aa01fa-2cc0-4a5e-bd0e-5f63129e8b97,,jacket,15-09-2025,8050,5070,,FALSE,,,266,14,1,0.0233,casual,darks,all_season,0.4,like_new,,olx
fd019675-93cc-413f-b614-b405cd0d55ba,,other,20-12-2025,810,450,,FALSE,,,498,28,3,0.0467,casual,metallics,all_season,0.4,like_new,,kaphor
f12bd586-db2e-4239-ba45-19546bea2f7a,e1e13df0-58da-4bd9-9f16-202cc8c97740,saree,04-10-2025,14100,2170,1920,TRUE,102,0.1362,4756,317,12,0.5283,ethnic,metallics,festive,0.8625,fair,0.37,olx
292848fd-2bc2-48e9-85ae-5fc7bdcb6ca5,,jacket,14-08-2025,8050,2480,2230,TRUE,58,0.277,7338,416,1,0.6933,casual,neutrals,all_season,0.4,good,,olx
31431ae4-6682-4fc1-924c-a1fbc991bebf,,shirt,24-04-2026,2670,2390,,FALSE,,,336,19,1,0.0319,streetwear,pastels,all_season,0.65,good,,olx
02782117-46ff-4323-b256-f8ca37b57d4b,,other,28-07-2025,3160,1490,,FALSE,,,125,26,1,0.0434,casual,neutrals,all_season,0.4,new_with_tags,,olx
1a0b0c1e-5a46-44b0-b18e-6ec26cf42ad5,,saree,16-03-2026,14100,3190,2970,TRUE,119,0.2106,6556,512,3,0.8533,ethnic,prints,festive,0.8625,good,,olx
db48f093-5d07-4e33-9f25-11e8bf7a006e,,trousers,25-09-2025,5970,1970,,FALSE,,,170,38,1,0.0645,casual,brights,all_season,0.4,new_with_tags,,olx
bc7394f9-3863-4022-918e-bb54d3ee8772,3b1e5dfc-9529-4dc1-b330-2ea0dad60d96,skirt,19-04-2026,2985,950,,FALSE,,,368,45,0,0.075,boho,metallics,all_season,0.5,good,0.71,olx
68f59356-1f00-4dfa-be65-fc1d7a9582a9,,shirt,14-02-2026,4210,1330,,FALSE,,,207,32,3,0.0538,officewear,metallics,all_season,0.45,fair,,olx
7791d5c0-a492-459b-92fe-d9c6bc28a0e5,712df999-0664-41a0-b188-5d23b6d9236b,shirt,28-03-2026,2670,910,880,TRUE,13,0.3296,6774,159,11,0.2672,casual,metallics,all_season,0.4,new_with_tags,0.93,olx
6af6bdc0-d772-426e-8f33-a4eaec776bb2,,anarkali,21-11-2025,5545,4670,,FALSE,,,66,28,0,0.0482,casual,neutrals,festive,0.46,new_with_tags,,olx
63800c9e-6e6d-4df5-8f22-3f406c5b71ce,741645bc-f972-47ad-8c10-25a30a433ded,activewear,14-11-2025,4900,1350,,FALSE,,,67,27,1,0.0453,casual,prints,all_season,0.4,new_with_tags,0.94,olx
4f017b78-892f-40bc-ab3f-499cb0dacf63,db8e0c20-e857-43e7-8d97-0989663fab13,saree,09-12-2025,62420,27400,27020,TRUE,74,0.4329,659,562,14,0.9367,ethnic,prints,festive,0.8625,good,0.7,olx
41cc034e-8594-4dfc-99e4-ed100ba786ff,71a2d4ed-8af3-4e82-8c49-6a94f30896d5,lehenga,20-06-2025,9470,1770,1570,TRUE,10,0.1658,1921,594,5,0.995,casual,neutrals,festive,0.46,good,0.68,olx
42ea697a-c133-4ece-a57f-f38f0b5d9dbf,,trousers,14-12-2025,4770,3830,3270,TRUE,113,0.6855,7989,396,3,0.6723,formal,brights,all_season,0.45,new_with_tags,,olx
eebbbb3c-8a82-46cf-adcd-7d1749a600e6,6e94839c-7825-4997-95e8-328800541a7a,tshirt,05-06-2025,2520,1490,,FALSE,,,259,9,0,0.015,minimal,prints,all_season,0.55,like_new,0.86,olx
635256ff-6eaa-4370-b7e6-2cdcefe28113,78138889-eb40-475f-8898-a639f0037050,formal_shirt,04-02-2026,1960,1140,,FALSE,,,421,45,0,0.0771,formal,prints,all_season,0.45,like_new,0.86,olx
c795be2b-34f9-44df-a3d1-34e1cce93ac2,,tshirt,03-01-2026,2520,2170,,FALSE,,,316,22,2,0.0367,casual,neutrals,all_season,0.4,fair,,olx
1d5f3827-6e00-4d0c-b66e-01009618f7a8,7bb04614-b790-4ce5-af27-cca3883a88f3,dupatta,06-06-2025,6070,5060,,FALSE,,,7,23,1,0.0384,ethnic,neutrals,festive,0.8625,new_with_tags,0.96,meesho
a836dc8e-b780-4a1f-b2cd-31debdd0b3c2,,tshirt,13-11-2025,2520,2460,,FALSE,,,112,38,3,0.0634,casual,brights,all_season,0.4,new_with_tags,,olx
4dcb4ed0-58ba-4d8d-b46f-73dc7edcc3b8,11cc9a91-f523-4aeb-86f4-2f882b1ccc88,shorts,17-06-2025,2690,1120,,FALSE,,,122,12,0,0.02,casual,brights,summer,0.38,like_new,0.82,olx
cc7d0edd-4bdf-41e8-ab3e-49634ffaa238,515eee5b-e952-4d60-b0f7-7b27033e29a7,formal_shirt,20-10-2025,7990,4420,,FALSE,,,129,45,1,0.0771,formal,darks,all_season,0.45,like_new,0.76,olx
55ed20d7-0195-4515-be71-efdc7e691fc7,be4b97ef-a81d-426e-afec-a7980e539373,blazer,04-07-2025,5765,1920,,FALSE,,,49,27,1,0.0456,"casual,formal",metallics,all_season,0.425,like_new,0.8,olx
5152267a-2845-4242-ad68-9aaafd33faa5,,coat,05-08-2025,9620,2260,2010,TRUE,112,0.2089,1603,95,3,0.1664,casual,prints,winter,0.42,like_new,,olx
c5e526f2-017b-496b-a0ee-d135625d3658,,jeans,03-01-2026,1010,880,,FALSE,,,48,45,0,0.0753,streetwear,brights,all_season,0.65,new_with_tags,,olx
5fd60881-f785-4611-a335-dbedb2212cfc,,jeans,25-09-2025,2480,1830,,FALSE,,,286,21,1,0.0351,casual,neutrals,all_season,0.4,good,,meesho
0a1b0ae1-b620-432e-9cd6-999e302b1530,,jeans,29-12-2025,2480,1100,940,TRUE,5,0.379,7265,333,10,0.5569,streetwear,darks,all_season,0.65,new_with_tags,,kaphor
3cbd71c9-ee79-4b70-9e2d-624991e7782c,cc824efa-c843-4345-a663-1c69f83e22be,formal_shirt,20-11-2025,5820,2740,2390,TRUE,62,0.4107,1689,194,9,0.3322,formal,brights,all_season,0.45,like_new,0.88,kaphor
445fd69d-3588-438b-8c48-d2f1d34c5025,8f31aa1d-155e-4bd6-a86b-93a73cd0899f,activewear,18-02-2026,4900,2510,2390,TRUE,44,0.4878,7279,187,5,0.3138,casual,metallics,all_season,0.4,fair,0.46,olx
3fe68044-9ec2-46a8-aff2-6bf224583b5e,,other,09-08-2025,610,340,340,TRUE,93,0.5574,2148,585,7,0.9766,casual,neutrals,all_season,0.4,good,,manual
297009b7-24d3-4981-9a76-bab15f8e0ae7,3e0ef929-6e66-49a2-afa2-066fe6f9f88d,blouse,03-06-2025,7880,2370,,FALSE,,,397,7,3,0.0117,bridal,prints,festive,0.9775,like_new,0.83,manual
38936782-6c24-4c0f-941a-acbbb5146e31,,tshirt,02-05-2026,2520,860,,FALSE,,,154,5,2,0.0083,casual,pastels,all_season,0.4,fair,,olx
bc388f8e-55e0-47e1-955e-9bda23f48841,c1007f99-bbbe-4450-b58a-aecb752c7db5,anarkali,26-01-2026,5545,5070,,FALSE,,,153,9,2,0.0155,bridal,metallics,festive,0.9775,fair,0.39,olx
a305fa9d-39e5-452f-b2f3-3c6149bd597a,4aafc3a7-4ae4-4280-a542-1a9009dea558,activewear,10-10-2025,2840,1570,1380,TRUE,99,0.4859,2253,373,13,0.6258,casual,neutrals,monsoon,0.34,good,0.63,olx
b612f4e6-a3cd-4eab-8af7-b6fbfd78d743,,lehenga,13-07-2025,9470,9470,,FALSE,,,129,22,2,0.0369,bridal,neutrals,festive,0.9775,like_new,,olx
5ec35f5e-cf33-4de9-a521-5b5c6ad7cfa3,,jeans,15-03-2026,2480,1650,,FALSE,,,223,9,3,0.0151,casual,pastels,all_season,0.4,poor,,olx
6c302ad9-a92b-4466-8d5b-211f5cb7fd96,2ce94a2d-e225-44b5-bc33-650956099842,shirt,23-12-2025,2670,2330,2050,TRUE,95,0.7678,1985,314,13,0.5277,casual,darks,all_season,0.4,fair,0.39,olx
5332707d-26e7-4eb7-8470-d3b8768441d0,,shorts,13-05-2026,2690,1440,1280,TRUE,89,0.4758,7413,473,7,0.7883,athleisure,pastels,summer,0.665,new_with_tags,,olx
32f618b4-6b14-48b2-adee-2c3c12e78fe6,25359863-fa78-4c11-9640-1f32bbd76f07,shorts,01-10-2025,2690,320,320,TRUE,23,0.119,2622,578,11,0.9633,athleisure,brights,summer,0.665,like_new,0.83,olx
df5fd804-5422-4fc9-ad43-91e0d87c6561,29cc95b4-a45f-43d3-ae06-59948fd12214,shirt,30-07-2025,2670,1800,,FALSE,,,386,34,1,0.0571,streetwear,darks,all_season,0.65,poor,0.13,kaphor
b0da7765-7e17-4790-a677-77ad052129a5,,shirt,31-10-2025,2670,1380,,FALSE,,,134,42,0,0.0706,casual,metallics,all_season,0.4,good,,olx
329cfbdf-0bed-4900-95f2-d4c779cbcc88,,jeans,26-02-2026,2480,540,,FALSE,,,266,7,0,0.0117,minimal,brights,all_season,0.55,good,,meesho
41ab32f8-fd94-4aa0-8a91-0da17fa4a9e2,,jeans,05-01-2026,2480,1810,1710,TRUE,89,0.6895,6937,221,3,0.3696,casual,prints,all_season,0.4,good,,manual
2e2641c1-18c7-4275-b168-4426fa93ffa1,16800776-d120-4f6f-87bc-5a55ebe14ab8,formal_shirt,29-11-2025,48330,4950,4240,TRUE,39,0.0877,1218,493,7,0.8442,formal,darks,all_season,0.45,poor,0.33,kaphor
635d18d2-a4c9-4a9d-a117-eff7bd3c82fe,f3359c45-47fa-40cf-b0bf-56c49094306a,tshirt,16-06-2025,2520,810,,FALSE,,,155,20,2,0.0334,casual,prints,all_season,0.4,like_new,0.78,olx
ccc003b5-1ac8-4449-a086-29c079227776,,kurta,02-07-2025,4070,2640,2550,TRUE,24,0.6265,4297,221,2,0.3696,casual,brights,festive,0.46,like_new,,olx
44777231-303d-4953-b20c-0f2b67a0f676,1bd000bb-dc06-4d53-9c81-578a85e67bce,jacket,14-05-2026,8050,3870,3860,TRUE,89,0.4795,4715,573,10,0.955,casual,darks,winter,0.42,fair,0.52,olx
24ffefe8-b993-44ff-9755-5dd56f9c4c13,,anarkali,09-07-2025,5545,4680,,FALSE,,,297,34,3,0.0585,ethnic,prints,festive,0.8625,new_with_tags,,olx
2ce61f8a-32e6-4c3a-b2b3-fcb72a4546ab,231331a3-a65a-412a-ad0d-f6333bfcb903,trousers,20-08-2025,5970,3280,2920,TRUE,54,0.4891,6251,377,12,0.6401,casual,neutrals,all_season,0.4,new_with_tags,0.93,olx
7a5a7349-2391-4aa9-b7bb-0f378bc68d35,,dress,11-10-2025,5980,850,750,TRUE,98,0.1254,1792,141,3,0.2568,formal,brights,all_season,0.45,fair,,meesho
0d28c3c6-3c2f-4f2f-b3fa-7d515b4454e5,,coat,15-02-2026,9620,4510,3970,TRUE,65,0.4127,1182,289,10,0.5061,casual,prints,winter,0.42,poor,,olx
c02300da-c7b8-4738-87de-dacb3e283808,,coat,10-05-2026,12950,7020,,FALSE,,,263,25,3,0.0438,casual,pastels,winter,0.42,good,,meesho
a964e3cc-75bd-4995-b641-74e397b4e72f,d4a25de2-66f9-4ce6-a029-79228c04d85a,activewear,12-11-2025,4900,620,,FALSE,,,174,20,2,0.0336,casual,pastels,all_season,0.4,fair,0.5,olx
2da83072-50ef-419d-80fa-401acdb42a62,,dupatta,24-07-2025,6070,830,,FALSE,,,470,6,3,0.01,casual,prints,festive,0.46,fair,,olx
213f393b-662a-4784-a202-71133ebef969,,jeans,13-09-2025,2480,2370,,FALSE,,,61,43,0,0.0719,streetwear,pastels,all_season,0.65,like_new,,olx
bce7cfb8-a98f-45aa-a9ea-cbff83e68349,d75b5df5-7d47-4e3d-af52-975899861bdc,skirt,10-03-2026,2985,950,,FALSE,,,86,41,2,0.0683,casual,prints,all_season,0.4,good,0.71,olx
dff1b1b8-12ce-45dd-9479-2a3632e75fd1,,shirt,25-12-2025,2670,1700,1520,TRUE,63,0.5693,7501,245,9,0.4118,casual,pastels,all_season,0.4,like_new,,olx
f17d8ba5-f8d8-445e-9b6a-6d1bc7c4c98a,,tshirt,25-07-2025,8480,2030,,FALSE,,,486,26,2,0.0434,casual,metallics,all_season,0.4,poor,,manual
c6e7527c-6062-4225-b7e6-19b66011a8da,cc224a75-54a0-4be1-9b9a-606909c64083,coat,02-09-2025,9620,5380,,FALSE,,,191,43,3,0.0753,casual,prints,winter,0.42,new_with_tags,0.96,meesho
492fb601-87a8-46c2-b1b8-903f27d1dc62,5ea0bb94-e4fa-476a-9623-79c8e72f66e2,tshirt,22-11-2025,2520,1720,1690,TRUE,60,0.6706,2267,590,9,0.985,minimal,brights,all_season,0.55,good,0.63,olx
aad61e66-b829-4c3d-8425-c080e4b6d4c6,d2d57930-2bff-4982-9795-ccc8ae33cc0b,activewear,04-11-2025,4900,2740,2420,TRUE,31,0.4939,5429,290,11,0.4866,casual,pastels,all_season,0.4,new_with_tags,0.9,olx
f179e94d-39df-48dd-8e03-ca490bd7bb81,d06ddd72-aa22-48d3-bc44-598df6dddafd,sweater,14-05-2026,11165,6240,,FALSE,,,375,22,0,0.0369,minimal,metallics,winter,0.5775,like_new,0.78,meesho
df16cfb6-653b-415b-81db-4d41b71b2e69,,jeans,18-07-2025,2480,1510,1390,TRUE,93,0.5605,1440,342,2,0.5719,streetwear,darks,all_season,0.65,like_new,,manual
2579e294-e5e3-4db2-9ca9-2da389c599fa,86b907c6-ee21-40d3-9e28-f52ace1c02b0,tshirt,05-03-2026,2520,940,,FALSE,,,149,5,1,0.0083,casual,neutrals,all_season,0.4,fair,0.46,olx
d49f67e2-e020-46ef-805a-c7eac3001d4f,8e037faa-36a6-46d7-9286-08bfd51a8636,kurta,28-09-2025,7060,3610,3250,TRUE,33,0.4603,4006,592,14,0.99,ethnic,prints,all_season,0.75,fair,0.52,kaphor
f3e7830d-e810-4cc2-9dfb-e1513c41f4fa,,saree,13-11-2025,14100,1890,,FALSE,,,145,13,1,0.0217,casual,prints,festive,0.46,poor,,olx
b5e22ae3-9912-4d01-905a-1c276b5f1d58,,saree,28-02-2026,14100,14100,13010,TRUE,43,0.9227,798,61,5,0.1017,bridal,neutrals,festive,0.9775,fair,,kaphor
5b9b2700-71e1-46b2-b474-9533a109a363,,other,11-02-2026,1700,1460,1350,TRUE,63,0.7941,5312,570,3,0.9516,casual,darks,all_season,0.4,new_with_tags,,olx
8a6a4958-4708-4634-8b3e-2dccd74be509,,dress,26-09-2025,9550,4420,,FALSE,,,389,23,3,0.0419,boho,brights,all_season,0.5,good,,olx
2b54ae03-8da2-4c5b-a1c4-439eb4c921b0,787c2001-5822-4fcb-935c-9ac07661c958,activewear,28-04-2026,4900,2690,,FALSE,,,29,24,1,0.0403,casual,prints,all_season,0.4,like_new,0.85,olx
6df8ae76-0dfe-40a9-8185-95f323d7f429,2622e36d-a7cc-403a-bd49-da9a59bf716e,activewear,17-12-2025,4900,1680,,FALSE,,,372,13,3,0.0218,casual,brights,all_season,0.4,like_new,0.88,olx
7707c692-2b72-4707-9235-a7ed8e419f97,caf4a6b9-9597-4ca0-9aa8-df6495cf18fe,sweater,05-09-2025,11165,2290,2110,TRUE,69,0.189,7863,334,4,0.5595,casual,prints,winter,0.42,like_new,0.8,olx
64bb25ea-3c4b-4e22-8f14-b1f6b59b8c14,5409ebdf-1e7b-41b7-9d18-5fdac5829e01,shirt,01-04-2026,2670,910,830,TRUE,35,0.3109,1435,142,13,0.2387,streetwear,prints,all_season,0.65,like_new,0.78,olx
c19df627-d2b4-4a71-86cb-19e62a8a6448,75c195ef-403b-42c0-8b78-9fa802a0c97f,saree,20-06-2025,23190,13800,12920,TRUE,23,0.5571,5551,31,9,0.0517,bridal,neutrals,festive,0.9775,good,0.71,olx
2de74e92-d7c3-4aaf-8302-8c58af3e5a53,7416cd84-90fb-4783-b04a-aa9a3f9e48b4,saree,24-09-2025,3770,3330,3010,TRUE,1,0.7984,6596,338,12,0.5633,ethnic,prints,festive,0.8625,new_with_tags,0.91,meesho
8bf88d73-f398-4033-83db-d2ca1cd59a12,3857928c-3346-472a-8057-7b3b905a3eb0,tshirt,16-08-2025,1610,750,,FALSE,,,127,39,0,0.0651,minimal,brights,all_season,0.55,good,0.71,olx
781d6a10-6e8a-4b1f-8824-7c19a35cc0a9,c0aa3a8c-3901-4524-be11-2a508db3f79f,shirt,17-12-2025,2670,620,550,TRUE,68,0.206,5778,65,3,0.1092,streetwear,darks,all_season,0.65,fair,0.4,olx
14847915-1fd4-4f72-8ec7-ac37c7c33ea1,,skirt,15-11-2025,3740,2160,,FALSE,,,244,35,3,0.0583,casual,metallics,all_season,0.4,good,,olx
0f7a8ad6-4d29-41da-a419-740fba9827c6,b28fb5b0-1533-46b7-baf6-ab3d93c80a29,blazer,28-03-2026,6260,3550,,FALSE,,,333,44,2,0.0743,casual,darks,all_season,0.4,good,0.59,olx
167dd7bc-982a-46c9-8d00-ee2fc96840be,,trousers,12-04-2026,5970,3000,,FALSE,,,497,4,2,0.0068,formal,pastels,all_season,0.45,new_with_tags,,olx
ff9bbf7a-d80e-4a27-ba99-bf6cbf5ace2e,,formal_shirt,02-02-2026,5120,4090,,FALSE,,,261,25,1,0.0428,formal,pastels,all_season,0.45,new_with_tags,,olx
76534cc2-d2dc-41ff-8926-a97714e095bd,cda91262-da12-49d7-b395-358ad370aac3,kurta,30-07-2025,11780,5890,,FALSE,,,57,40,0,0.0669,fusion,darks,all_season,0.8,like_new,0.81,meesho
fdfbc722-863b-4451-bf5f-3de6521e8df3,,anarkali,30-06-2025,8650,5150,,FALSE,,,199,24,2,0.0413,ethnic,pastels,festive,0.8625,good,,olx
76d46c08-3b7f-4c89-8c23-57a5658925bb,7eadb0c8-a91f-4eb6-8113-f54c7f49bd90,shirt,27-09-2025,13840,1980,,FALSE,,,89,42,1,0.0706,streetwear,brights,all_season,0.65,poor,0.15,olx
9049bc8e-c0eb-4d06-8305-ddd2fa9017e7,,shirt,26-07-2025,2670,1060,930,TRUE,113,0.3483,3100,121,5,0.2034,officewear,metallics,all_season,0.45,good,,kaphor
63da02a0-8d04-48e2-b70e-1a97e0da279c,,trousers,01-08-2025,5970,4960,,FALSE,,,307,22,0,0.0374,minimal,brights,all_season,0.55,new_with_tags,,olx
410967b2-bacc-498e-b0dd-91624dbe7827,,activewear,11-03-2026,4900,2730,2330,TRUE,73,0.4755,6984,231,3,0.3876,casual,metallics,monsoon,0.34,good,,olx
c63659a7-c93e-4980-a1dc-856121768035,,tshirt,13-05-2026,2520,1670,1550,TRUE,57,0.6151,3601,60,3,0.1002,casual,pastels,all_season,0.4,new_with_tags,,kaphor
f7b30a76-2a8a-487e-a550-48d5d13dc174,,coat,31-08-2025,8130,6410,,FALSE,,,372,14,3,0.0245,casual,neutrals,winter,0.42,new_with_tags,,olx
cb946c20-7c68-4eae-a22c-35c118c24140,4e117532-2b86-41a3-ae31-da621263d7f0,jacket,25-09-2025,8050,2970,2640,TRUE,36,0.328,3173,391,6,0.6517,casual,pastels,winter,0.42,good,0.7,meesho
71f7e958-264b-4b72-b7a6-2c72f9e44e32,,jeans,16-12-2025,2480,1140,,FALSE,,,411,33,0,0.0552,casual,prints,all_season,0.4,poor,,olx
0ea412cf-5cf9-4a27-90d1-9a29b23f854c,,kurta,08-11-2025,7060,4400,3860,TRUE,36,0.5467,1602,24,2,0.0401,casual,metallics,all_season,0.4,new_with_tags,,olx
fbef26ce-bf24-4f74-8774-6a9bd7a725e2,5b148ccd-1c51-424e-8d1c-9ec15d38277a,other,08-11-2025,3160,1910,,FALSE,,,70,0,2,0,casual,neutrals,all_season,0.4,like_new,0.8,olx
a6e41d3d-2e77-46ae-9a75-2afbe27ceab8,1fe32808-1a75-4716-b695-59e93132abef,kurta,09-09-2025,7060,3200,,FALSE,,,80,17,2,0.0284,ethnic,neutrals,all_season,0.75,fair,0.36,olx
4ab29fea-923e-4721-ac8d-aef85d67b1c1,,formal_shirt,25-09-2025,5820,4710,4460,TRUE,110,0.7663,818,505,10,0.8647,formal,prints,all_season,0.45,good,,olx
0ba7171f-236a-418d-ba7c-627c2e1c5045,,sweater,08-09-2025,11165,5180,,FALSE,,,454,13,0,0.0218,casual,brights,winter,0.42,new_with_tags,,olx
8b97d0ad-4bce-4f50-8ffe-4ed4aaf0f3c8,,shirt,07-08-2025,2670,1710,,FALSE,,,240,35,1,0.0588,casual,metallics,all_season,0.4,poor,,olx
e93c2d26-f718-4095-9e6f-89999d73f57f,81ba19c7-f081-4fd8-8063-b2d7435ce284,dupatta,19-05-2026,6070,4400,4140,TRUE,43,0.682,3408,169,11,0.2821,ethnic,darks,festive,0.8625,like_new,0.83,olx
1e416341-abc3-4ccb-be31-64225a8f4b07,3eb85001-cd6e-4e00-96a3-73080f55de20,shirt,01-08-2025,1640,1080,1050,TRUE,35,0.6402,1396,211,9,0.3546,streetwear,prints,all_season,0.65,like_new,0.84,manual
7d01aca3-34f0-4044-9348-7fa6d034186a,50712eff-0986-4ec9-84a3-6676c5c50cab,anarkali,02-10-2025,5545,840,710,TRUE,29,0.128,364,511,9,0.8795,ethnic,neutrals,festive,0.8625,new_with_tags,0.95,olx
804736f3-e778-4cac-b5fc-def9834ad78f,,kurta,12-11-2025,7060,830,,FALSE,,,323,38,2,0.0635,casual,metallics,festive,0.46,fair,,olx
f0b99d46-49fb-427a-a83f-eae150d9216d,,formal_shirt,05-06-2025,5820,3990,,FALSE,,,309,44,1,0.0753,formal,brights,all_season,0.45,fair,,olx
e04c84a5-2489-41c9-96f2-4455873ad609,8082befe-dae8-4834-83cb-771527be3e2a,skirt,05-10-2025,2985,2480,,FALSE,,,490,17,3,0.0283,boho,pastels,all_season,0.5,good,0.56,olx
447e3f23-9ba3-49bf-97e6-ec1bcfe7960a,6595c06f-35e0-43da-98e9-ea210bafbaf6,other,14-05-2026,3160,1650,,FALSE,,,110,14,3,0.0234,casual,pastels,all_season,0.4,like_new,0.86,olx
77ef0644-26b2-4b19-98a1-dcf30dcffc36,bb077ac4-c160-4505-983e-7591c8341eac,saree,26-08-2025,14100,14100,13010,TRUE,117,0.9227,4364,399,14,0.665,casual,prints,festive,0.46,good,0.56,olx
f6035438-0cc7-4955-82dd-78253a47815f,,blouse,06-07-2025,7880,3290,3120,TRUE,80,0.3959,104,234,1,0.392,bridal,darks,festive,0.9775,good,,olx
80944466-e2d2-4880-96af-0747e64debe7,,anarkali,10-04-2026,9800,4490,4340,TRUE,111,0.4429,5236,84,11,0.1446,bridal,brights,festive,0.9775,good,,olx
b1aa41ab-9614-452d-9951-ed62e8af8bce,4c0e2ad5-42dc-481f-88f3-3bea1d02e617,dress,29-12-2025,6780,4010,,FALSE,,,18,27,3,0.0492,minimal,prints,all_season,0.55,good,0.57,olx
30b084ef-c625-49d4-8931-c799095b0826,5b08fde3-c0a9-4e80-ba19-be7fecf18306,trousers,10-04-2026,5970,3920,,FALSE,,,422,32,0,0.0543,officewear,pastels,all_season,0.45,like_new,0.85,olx
e6b8b8a4-a374-46f7-9795-2b88a5be44f7,ad5fb317-694b-43c9-81d1-af7acf3b15ba,anarkali,27-10-2025,5545,3260,,FALSE,,,344,11,1,0.0189,fusion,metallics,festive,0.92,like_new,0.85,olx
4638d5de-6329-4f63-bcbe-60680d473f46,,shorts,09-07-2025,2690,380,,FALSE,,,396,44,0,0.0733,athleisure,neutrals,summer,0.665,good,,olx
0266e6e2-35d6-4a80-b7f4-0e05eac7ca5e,,shirt,22-02-2026,1350,340,320,TRUE,113,0.237,5563,74,14,0.1244,officewear,brights,all_season,0.45,fair,,olx
73e982c2-02bd-4224-a52a-b7c75ca19982,,jeans,01-04-2026,2480,2250,,FALSE,,,253,13,1,0.0217,streetwear,neutrals,all_season,0.65,like_new,,olx
f4bde4ba-44d4-4e1f-a2c4-45684dc5f75f,,jacket,22-03-2026,27080,7080,6410,TRUE,14,0.2367,584,592,5,0.9867,casual,brights,winter,0.42,fair,,meesho
4c3f4f15-de7f-45ee-84e9-36a4637d50bd,,lehenga,28-06-2025,9470,9470,,FALSE,,,299,2,1,0.0034,casual,pastels,festive,0.46,new_with_tags,,olx
c64f1e31-888e-40b9-b892-1c7569be2ef6,2f606b01-4082-407c-b9bc-ab2b1649db1f,activewear,18-03-2026,4900,2770,2710,TRUE,102,0.5531,3367,538,3,0.9027,athleisure,brights,all_season,0.7,poor,0.11,olx
78a62c77-625e-4d21-8bb1-d0f8cb050607,,shorts,26-08-2025,6970,1360,1290,TRUE,90,0.1851,3987,257,13,0.4283,athleisure,pastels,summer,0.665,poor,,olx
7288a3f9-5910-400a-a8df-a417f74c1f53,639b35d4-541e-4bc5-8f4c-0b8f1bc47d15,shorts,20-02-2026,520,440,,FALSE,,,134,10,3,0.0167,casual,prints,summer,0.38,new_with_tags,0.99,meesho
33f583fb-e345-4cb0-9d8b-c22904062679,,activewear,02-09-2025,4900,920,890,TRUE,114,0.1816,5869,146,13,0.245,casual,metallics,all_season,0.4,like_new,,olx
e841996e-4705-407f-8a75-202e39bb4174,,saree,09-12-2025,78330,31600,30490,TRUE,96,0.3893,6073,484,1,0.8067,casual,brights,festive,0.46,good,,olx
0ce79a6a-e26b-4eca-8dee-a7e1fedd4dfc,,jeans,09-06-2025,2480,1470,1380,TRUE,79,0.5565,2743,95,4,0.1589,casual,neutrals,all_season,0.4,new_with_tags,,olx
d506f727-2498-40a5-a89d-af8cb4900aa3,fb64b6df-cced-4ae9-836e-5b03745eff01,tshirt,17-11-2025,2520,490,470,TRUE,70,0.1865,1746,512,1,0.8548,streetwear,pastels,all_season,0.65,fair,0.51,olx
622aae39-0686-4fc8-836a-e5482b4ea2cb,3548486f-8865-4999-9257-f63f83a1e5a8,sweater,10-12-2025,11165,5740,,FALSE,,,209,13,1,0.0218,casual,metallics,winter,0.42,new_with_tags,0.91,olx
13ad0e34-29f2-4be3-a4b2-a3586a0582a7,30f4e05a-7053-4464-aee7-db458f2bb783,skirt,21-06-2025,4630,1190,,FALSE,,,293,43,0,0.0717,casual,neutrals,all_season,0.4,poor,0.14,olx
66d7d1e7-ebed-4cae-a6f6-96665ada6439,,tshirt,03-08-2025,2520,1140,,FALSE,,,66,43,3,0.0718,athleisure,metallics,all_season,0.7,like_new,,manual
a3e2cb5e-b28b-4c29-a4d2-32c0c65e9831,714d7207-2a8b-4e07-9c5a-ce3bbc9a09c2,kurta,11-01-2026,7060,1400,1240,TRUE,7,0.1756,210,49,11,0.0819,ethnic,darks,all_season,0.75,new_with_tags,0.93,olx
f1e44dfb-3f30-4810-9738-34b5d2e639a3,,trousers,05-04-2026,5970,1260,1230,TRUE,103,0.206,7138,517,6,0.8778,casual,brights,all_season,0.4,like_new,,olx
cf68a759-6614-4f5f-9d55-3d0944ad3704,,skirt,04-03-2026,1420,1040,,FALSE,,,398,23,1,0.0383,fusion,metallics,all_season,0.8,like_new,,manual
048b6575-d8bc-4dfc-b0ac-b44a94005a02,,tshirt,21-12-2025,2520,2190,1880,TRUE,88,0.746,7358,592,6,0.9883,casual,pastels,all_season,0.4,new_with_tags,,olx
b65b8117-a8d0-402e-a00f-672a6710b3cc,,dress,27-04-2026,5980,2720,2360,TRUE,89,0.3946,4029,14,7,0.0255,officewear,pastels,all_season,0.45,new_with_tags,,manual
3d667327-a76a-4a45-8507-c3a273ef59d0,,blouse,26-01-2026,7880,1940,1760,TRUE,73,0.2234,4638,140,11,0.2345,ethnic,prints,festive,0.8625,like_new,,olx
300cc547-1413-4cc4-bab6-0e45fb117d67,2fb17ced-5d7e-4385-a66f-69e4d8c32da0,formal_shirt,17-12-2025,5820,2390,2390,TRUE,17,0.4107,6293,334,8,0.5719,"casual,formal",brights,all_season,0.425,new_with_tags,0.91,olx
32a900d1-f424-43de-8107-bccbc0f60cea,be15287b-ff1b-4204-9e11-6beaaaa5e660,trousers,14-10-2025,5970,4900,4570,TRUE,33,0.7655,2398,528,4,0.8964,formal,neutrals,all_season,0.45,poor,0.17,olx
f46d30a7-3f24-4ae3-a27c-c47b6b644d2e,,anarkali,13-08-2025,5545,810,,FALSE,,,181,28,0,0.0482,bridal,darks,festive,0.9775,like_new,,kaphor
e9b38cca-e681-4b52-912d-8cd24915c7d9,,tshirt,15-06-2025,2520,2450,2180,TRUE,26,0.8651,768,429,14,0.7162,casual,neutrals,all_season,0.4,like_new,,olx
503d20ea-eb1c-4c17-9134-3a9715040afb,d159f700-7386-4d74-bc47-afd2aa8d4fe4,shirt,05-09-2025,910,650,,FALSE,,,460,19,1,0.0319,casual,neutrals,all_season,0.4,new_with_tags,0.97,meesho
77650059-dc05-416e-9036-8a1b620a321b,,jeans,15-08-2025,2480,1510,1500,TRUE,75,0.6048,2939,92,2,0.1538,streetwear,pastels,all_season,0.65,poor,,olx
58a71dac-760e-4185-b324-ae20bc392895,,shorts,09-04-2026,2690,1920,,FALSE,,,473,27,2,0.045,athleisure,brights,summer,0.665,new_with_tags,,olx
84ee26bc-7329-4a6c-a29c-654d26b24b1f,723dc769-94d0-4aa6-9886-4fead15a06a7,sweater,31-03-2026,11165,5630,4950,TRUE,120,0.4433,7317,303,12,0.5075,casual,metallics,winter,0.42,like_new,0.88,olx
b3ba4bca-a7fe-4d66-a69d-36ced761ad02,,saree,24-02-2026,14100,11500,,FALSE,,,286,10,2,0.0167,casual,neutrals,festive,0.46,poor,,meesho
cf899685-d0b8-4384-892f-c3935d92af0c,,jeans,14-06-2025,2480,1560,,FALSE,,,415,41,1,0.0686,streetwear,brights,all_season,0.65,good,,olx
6141da6e-2d5a-4f34-878c-eb056cdbfc43,,skirt,30-09-2025,2985,1690,,FALSE,,,231,34,2,0.0567,casual,metallics,all_season,0.4,new_with_tags,,manual
0c0d4ab6-adab-45fb-8ed0-a24368be8663,ce1c910a-fc36-40f3-8122-dcbdc13c5af7,kurta,02-01-2026,7060,5270,,FALSE,,,223,40,0,0.0669,fusion,metallics,all_season,0.8,fair,0.54,olx
a4ea65c2-2486-4b8c-9931-458e5227334f,7c063eca-42d8-47d5-804a-6002ff68293a,saree,06-08-2025,14100,1540,,FALSE,,,289,15,3,0.025,ethnic,pastels,festive,0.8625,good,0.59,olx
63388823-c436-45d6-a298-a48dc75f361e,25e723d1-372b-4d0e-a4eb-870ea9a1bd6b,saree,14-09-2025,14100,14100,,FALSE,,,388,13,3,0.0217,bridal,metallics,festive,0.9775,new_with_tags,0.92,olx
8b53b327-c556-4aee-82cd-4892b27d68a2,,kurta,19-11-2025,7060,4770,,FALSE,,,395,2,2,0.0033,casual,brights,all_season,0.4,like_new,,olx
95772640-f5ba-42d4-91e8-51ad18bffe2c,b894d23f-97f7-41f6-8b0e-a158057960e7,activewear,29-10-2025,5580,1780,1720,TRUE,43,0.3082,2926,188,12,0.3154,casual,darks,all_season,0.4,fair,0.4,olx
af67b986-36ff-4bce-be60-1b9e8c1cb2a4,,trousers,26-04-2026,5970,3740,,FALSE,,,484,34,1,0.0577,"casual,formal",neutrals,all_season,0.425,like_new,,olx
a10a77fc-acf1-4008-b4a6-26737d253e5e,,sweater,15-08-2025,26290,5570,5500,TRUE,45,0.2092,3661,246,12,0.4121,minimal,brights,winter,0.5775,poor,,olx
d5d96d33-3cda-4507-a0d0-31e57b0ef038,,other,01-01-2026,3160,1720,1600,TRUE,68,0.5063,3545,215,15,0.3589,casual,brights,all_season,0.4,poor,,olx
542997d6-90ce-4103-b218-3f7565c81aba,7a344ac2-f553-43ee-a6c3-35c839cb7314,anarkali,29-11-2025,3510,1200,,FALSE,,,79,31,3,0.0534,ethnic,neutrals,festive,0.8625,fair,0.41,meesho
23c4e643-3d02-4280-9485-29237eae4d0c,de6612a9-5fc7-400b-bbab-971c3a98cd4e,tshirt,22-09-2025,2520,2300,,FALSE,,,195,22,0,0.0367,minimal,prints,all_season,0.55,fair,0.41,manual
be8e8b90-af96-4497-af09-d0095929c676,c8627286-3a8f-4089-85c4-fe465c5c0a44,anarkali,22-06-2025,5380,2840,,FALSE,,,141,3,0,0.0052,bridal,darks,festive,0.9775,like_new,0.8,olx
2ba14adc-8a11-440a-aa0f-15ce73d27292,b1a358f8-1be4-42b0-a07e-7944994b35a3,coat,03-07-2025,9620,4620,4510,TRUE,12,0.4688,2536,124,2,0.2172,casual,metallics,winter,0.42,poor,0.29,olx
630ddf67-7bb4-4efe-b52c-cb42ee835737,70b3d5fd-7e9a-446b-a08c-1b019b938d1d,blouse,05-07-2025,7880,1080,,FALSE,,,372,35,3,0.0586,bridal,neutrals,festive,0.9775,like_new,0.77,olx
e2fc8f8f-ecf8-4848-aed5-688105329ff1,9d167a2e-dab9-41bb-ad47-1b967022611a,jacket,16-09-2025,8050,3590,,FALSE,,,240,7,2,0.0117,casual,pastels,all_season,0.4,good,0.66,olx
8a82e096-f975-4571-ac70-e63b400fe658,,sweater,09-11-2025,11165,6800,6540,TRUE,26,0.5858,2877,304,7,0.5092,casual,neutrals,winter,0.42,fair,,olx
6556e10a-37f7-4e45-8490-86724fbc9c26,846214a3-a7b7-4255-9455-45e67fc1c8e1,saree,13-12-2025,4240,1380,,FALSE,,,187,4,0,0.0067,ethnic,darks,festive,0.8625,fair,0.45,manual
0861b7a4-6687-4907-b212-8f452da9f064,5c563d26-a484-4520-a001-d44187d49de9,trousers,20-04-2026,5970,2330,,FALSE,,,23,29,1,0.0492,minimal,neutrals,all_season,0.55,good,0.69,olx
1ef5e7fb-d815-4c2e-808c-aa7571976a1a,,activewear,11-01-2026,4900,1390,1360,TRUE,99,0.2776,670,286,5,0.4799,athleisure,pastels,all_season,0.7,poor,,olx
de13901e-c016-48a1-ba4c-42dc488db2d0,,jacket,27-04-2026,8050,4480,,FALSE,,,160,2,0,0.0033,athleisure,neutrals,winter,0.735,new_with_tags,,olx
18ce136f-b753-4187-93a2-4839d0275f19,dde6ca12-0b79-43e9-b4b2-14135c0713c5,kurta,22-10-2025,7060,4980,4650,TRUE,53,0.6586,4320,527,1,0.8813,fusion,neutrals,all_season,0.8,like_new,0.82,olx
cdf36b6c-a657-4217-94c5-3d4a3c3e7dff,c878f394-75fd-4466-b5f7-8bc839fd2839,formal_shirt,10-02-2026,5820,4450,4230,TRUE,62,0.7268,5613,104,5,0.1781,formal,pastels,all_season,0.45,like_new,0.76,olx
0af6c739-7417-4d7f-bb76-0c2eac8fffef,,blouse,13-09-2025,8240,3330,,FALSE,,,31,43,3,0.072,bridal,prints,festive,0.9775,good,,olx
f3da7c24-e4ed-4515-a935-73a7937070c0,0c248dfc-80ab-45db-9cdf-d0e125c99f87,trousers,26-03-2026,5360,1830,1760,TRUE,31,0.3284,7387,352,5,0.5976,formal,neutrals,all_season,0.45,fair,0.51,olx
886417e7-4182-43e0-a661-b93c7997b805,,lehenga,04-01-2026,9470,9470,,FALSE,,,89,25,1,0.0419,casual,pastels,festive,0.46,new_with_tags,,meesho
9c6a8788-871c-4ed6-bc9a-37dc091fc316,0abfa668-6aa4-4b5f-a818-45903174268c,lehenga,07-06-2025,94650,28600,27470,TRUE,101,0.2902,4529,455,1,0.7621,bridal,pastels,festive,0.9775,fair,0.37,olx
0ceea549-8197-436c-898e-7d5c3b833ddd,,other,25-08-2025,3160,1390,1320,TRUE,100,0.4177,2271,56,9,0.0935,casual,pastels,all_season,0.4,good,,meesho
b10e94d8-5fe1-458d-890b-0ae57e6d2881,,trousers,26-09-2025,5970,3020,,FALSE,,,145,32,2,0.0543,formal,metallics,all_season,0.45,good,,meesho
e1aae36f-5e5a-4e0b-ad80-f25b0643dd03,,skirt,06-03-2026,10070,1090,,FALSE,,,308,42,2,0.07,fusion,neutrals,all_season,0.8,poor,,olx
9c45ebde-0444-41aa-ad56-ee14f6eab9b1,af374f95-f3d6-45ec-91be-49bd7c68b315,trousers,02-08-2025,5970,2400,2180,TRUE,24,0.3652,2136,313,13,0.5314,"casual,formal",neutrals,all_season,0.425,fair,0.54,olx
9b4e18c8-4889-4253-bba3-0ee4b365941f,25937847-1c0e-4ebc-9501-f2bfa3052e32,saree,02-10-2025,10920,5100,4790,TRUE,86,0.4386,843,482,2,0.8033,bridal,brights,festive,0.9775,good,0.72,meesho
efa16c0c-060f-4ec5-b76b-7daf11267f83,30977c61-f347-45ef-853a-c6118670be36,jacket,12-12-2025,8050,7450,6680,TRUE,109,0.8298,4389,149,10,0.2483,casual,metallics,all_season,0.4,like_new,0.84,olx
83cb7384-b837-427b-90a5-aae7723cba74,bd115fbd-fd7c-4f40-8bd1-e98ac445a406,shirt,24-12-2025,2670,780,710,TRUE,19,0.2659,3707,509,13,0.8555,casual,metallics,all_season,0.4,new_with_tags,0.98,olx
25c453af-96b2-4f2e-ba75-d416fc13989b,3d036e9f-3421-4a97-bcb4-6cd8fb61aaf9,activewear,25-04-2026,4900,1260,,FALSE,,,472,8,1,0.0134,athleisure,brights,all_season,0.7,poor,0.3,kaphor
c4250211-ab57-41cf-873b-43bb217f4a61,,saree,21-11-2025,14100,4790,4220,TRUE,74,0.2993,1709,506,15,0.8433,casual,metallics,festive,0.46,new_with_tags,,olx
24531b32-c045-407a-97f4-ce2fdf120081,,kurta,26-05-2026,7060,3650,,FALSE,,,25,1,1,0.0017,casual,metallics,festive,0.46,good,,olx
7e14213b-8668-4e3e-9073-1991c601729b,,shorts,15-04-2026,2690,950,,FALSE,,,213,42,1,0.07,casual,pastels,summer,0.38,poor,,olx
f91fd482-3808-42cc-b04a-9b718cb3aba7,22e96712-7d06-46c3-a6d1-98463e008756,coat,22-07-2025,11450,7990,,FALSE,,,411,19,0,0.0333,casual,brights,winter,0.42,like_new,0.77,manual
30ef7ae3-0330-4659-804f-a806f729bd93,,tshirt,01-06-2025,4670,2240,,FALSE,,,17,1,0,0.0017,minimal,brights,all_season,0.55,good,,olx
14fc9879-1690-4ceb-99b6-2e9f6e9abfba,,trousers,26-03-2026,5970,2450,2170,TRUE,36,0.3635,1734,304,15,0.5161,formal,pastels,all_season,0.45,new_with_tags,,olx
5d4977f9-c522-440b-9940-cf4920fbe5ad,,trousers,19-11-2025,2710,2270,,FALSE,,,279,42,2,0.0713,formal,metallics,all_season,0.45,new_with_tags,,kaphor
82702c14-588e-4500-a23e-798e5389df72,c07ad339-73a2-48ed-ae3a-458fc621c28f,tshirt,04-10-2025,2520,1280,1100,TRUE,6,0.4365,3026,94,8,0.1569,athleisure,neutrals,all_season,0.7,like_new,0.77,olx
e70ac6a8-d10e-4953-9922-64c37a14938e,d66e677f-61bc-4415-9331-e282f4622015,lehenga,03-07-2025,26150,11500,,FALSE,,,414,25,2,0.0419,bridal,darks,festive,0.9775,good,0.67,olx
8a873ffa-27b1-4717-95a6-024875d93879,,kurta,08-10-2025,7060,2530,,FALSE,,,490,38,1,0.0635,casual,metallics,all_season,0.4,like_new,,manual
ec90f90c-818a-4a19-94c1-d1fd4fa1266a,,shirt,19-09-2025,2670,2140,,FALSE,,,78,35,2,0.0588,casual,neutrals,all_season,0.4,fair,,olx
cf56bb12-42cf-4cc7-89ed-2bc0afd7e08e,,tshirt,29-07-2025,2520,1810,1680,TRUE,71,0.6667,2440,260,7,0.4341,minimal,neutrals,all_season,0.55,good,,olx
a5818bdf-4557-4268-b90b-7298feb7b77e,13855e39-0eb8-4c07-96ee-e885a6d3cfd4,jeans,21-11-2025,2480,2000,1900,TRUE,71,0.7661,6493,293,8,0.49,casual,darks,all_season,0.4,poor,0.26,olx
897b4531-6dc2-4aa8-9120-5973de1884de,,coat,01-04-2026,9620,5720,,FALSE,,,472,15,0,0.0263,officewear,pastels,winter,0.4725,good,,manual
209fc5ce-77ec-47c3-9980-2678d2ab31c7,,lehenga,08-05-2026,9470,4940,4330,TRUE,89,0.4572,727,526,7,0.8811,casual,darks,festive,0.46,new_with_tags,,olx
0754dc7a-caf3-4146-88df-0a7ec7f3e8cb,,formal_shirt,21-09-2025,5820,3010,,FALSE,,,34,7,1,0.012,formal,brights,all_season,0.45,fair,,manual
13781ab6-f0c1-4d06-9b53-b42b9523fcf5,3dbc4048-2eda-44e7-b380-98cab03a8f5b,activewear,10-10-2025,4900,1190,1090,TRUE,103,0.2224,1198,449,6,0.7534,casual,prints,all_season,0.4,new_with_tags,0.92,meesho
aa67b2f9-ade5-4dfb-ac29-38305603bf45,,saree,07-07-2025,14100,14100,12180,TRUE,24,0.8638,6005,403,3,0.6717,bridal,prints,festive,0.9775,poor,,olx
de9a19ce-6020-465d-a9b4-82a42a070c8d,988b5e46-7a31-4eca-80a2-6784446c3874,tshirt,15-06-2025,2520,1410,,FALSE,,,62,11,3,0.0184,casual,prints,all_season,0.4,good,0.66,meesho
b796c251-2c5f-4c7f-831b-be0a057a7629,,anarkali,04-05-2026,5545,2930,,FALSE,,,492,5,1,0.0086,fusion,brights,festive,0.92,fair,,olx
d71e4340-127c-450a-a6f6-15e4f89e3151,a11bd34b-5447-437a-a629-492ad355bbf4,shorts,21-09-2025,4430,2230,2220,TRUE,49,0.5011,7243,499,9,0.8317,casual,metallics,summer,0.38,good,0.63,olx
f6f75549-233c-4e32-a247-6747650a7dbf,,sweater,06-05-2026,11165,7690,6680,TRUE,68,0.5983,7579,420,9,0.7035,casual,brights,winter,0.42,new_with_tags,,olx
95333cfd-d16d-4a6e-8aae-f6da0723a9b4,,trousers,01-07-2025,5970,2160,,FALSE,,,172,12,2,0.0204,formal,metallics,all_season,0.45,new_with_tags,,olx
c18d8a53-c963-42e7-826b-283b52536439,a0b5a45c-3562-489c-bd93-b45b9d9f4811,saree,22-07-2025,14100,14100,,FALSE,,,270,45,1,0.075,bridal,darks,festive,0.9775,good,0.68,olx
f1beb215-15eb-492b-936e-a65a0018a092,5e471acf-6c43-4ff4-9994-fc46987980d2,formal_shirt,18-07-2025,5820,3570,3140,TRUE,74,0.5395,6774,377,14,0.6455,"officewear,formal",brights,all_season,0.45,new_with_tags,0.99,olx
b58504d9-43fa-4d9e-a673-cce2f5b2e44e,,sweater,18-08-2025,11165,1230,1220,TRUE,117,0.1093,2555,128,12,0.2144,casual,neutrals,winter,0.42,like_new,,kaphor
334f2cc3-3322-4c92-9b2a-8ef289b098a3,65a4d7cf-bd5b-404c-88c1-9ce1b1101007,other,31-10-2025,4430,2230,2140,TRUE,103,0.4831,2688,475,10,0.793,casual,brights,all_season,0.4,good,0.72,olx
22b8e623-43f0-415b-8429-9efd168a69dd,,trousers,28-02-2026,20560,3720,,FALSE,,,338,30,1,0.0509,casual,neutrals,all_season,0.4,poor,,meesho
47575332-35e9-4d56-a682-4bbc0c896d9a,,jeans,16-02-2026,2480,660,,FALSE,,,127,32,2,0.0535,streetwear,pastels,all_season,0.65,fair,,olx
f036f681-cedf-4691-ad19-5f7b508d784c,ed9b009b-907a-42cc-a5b2-1792ac2978bf,lehenga,04-02-2026,9630,4480,,FALSE,,,377,18,2,0.0302,ethnic,metallics,festive,0.8625,good,0.65,olx
25a7397c-3eff-4649-892b-8cb4415196a7,,kurta,09-03-2026,23550,3570,,FALSE,,,278,32,3,0.0535,casual,neutrals,festive,0.46,poor,,olx
e2e42765-782e-4521-882f-9cfeab3b5742,,saree,21-03-2026,48530,12100,,FALSE,,,55,10,0,0.0167,bridal,darks,festive,0.9775,poor,,meesho
2a821063-0eb1-404a-a1ff-6660a45a98fb,,trousers,08-02-2026,5970,2060,,FALSE,,,211,15,1,0.0255,formal,darks,all_season,0.45,good,,meesho
d5f80da2-39eb-41e5-afb1-5d5d9d4df884,,trousers,18-06-2025,5970,2310,2150,TRUE,24,0.3601,6542,460,14,0.781,formal,neutrals,all_season,0.45,like_new,,olx
e6739482-6231-4377-ba31-6027baf23034,,saree,19-10-2025,33860,20200,,FALSE,,,388,24,2,0.04,ethnic,neutrals,festive,0.8625,good,,olx
72e80dd4-1b02-440a-a856-a30d0d78deb4,afb82078-a6b2-435b-b2bc-c78ebe2d387e,anarkali,20-02-2026,5545,2930,,FALSE,,,120,9,1,0.0155,casual,neutrals,festive,0.46,like_new,0.86,olx
641f2491-fdd4-4bf7-8452-4b5fb3258123,79296393-e36d-44d5-8250-66e57f4475dd,other,24-04-2026,3160,1900,,FALSE,,,383,43,0,0.0718,casual,brights,all_season,0.4,like_new,0.88,kaphor
ff3ec50c-a9ea-4f66-8d05-96590019ea97,36d87ec4-038a-4e11-84cb-608ff0208933,trousers,18-02-2026,5970,1680,,FALSE,,,177,23,0,0.039,"casual,formal",metallics,all_season,0.425,good,0.56,olx
0d97c62f-3d92-439f-b021-5049aa55a8e9,,jeans,06-08-2025,2480,1400,,FALSE,,,191,20,1,0.0334,streetwear,pastels,all_season,0.65,like_new,,meesho
4216c351-8a40-40f2-b40e-d6b85ed8e30a,,trousers,16-10-2025,5970,4140,,FALSE,,,282,27,0,0.0458,casual,brights,all_season,0.4,good,,olx
7361ad17-1700-4657-b6f7-ab546985ab40,,tshirt,07-02-2026,2520,720,,FALSE,,,190,24,3,0.0401,athleisure,prints,all_season,0.7,good,,meesho
9bf0bc3d-bd87-4e40-88a6-b2750d78f017,,shirt,05-09-2025,2670,1210,,FALSE,,,70,13,1,0.0218,streetwear,metallics,all_season,0.65,new_with_tags,,olx
8ef1a582-2ef7-4a52-9623-827b6689c5e4,,shorts,14-12-2025,2690,1470,,FALSE,,,118,42,3,0.07,athleisure,darks,summer,0.665,poor,,olx
74e3be4d-5c58-4a7e-b29f-424b3ecee8cd,,anarkali,25-01-2026,5545,2710,2310,TRUE,54,0.4166,5250,130,14,0.2238,bridal,brights,festive,0.9775,like_new,,olx
651cd701-9a7e-4ae1-9757-cce055c917b2,,jacket,29-12-2025,15170,6470,6140,TRUE,74,0.4047,5845,565,8,0.9417,casual,brights,all_season,0.4,good,,olx
9149611e-f81d-4f7d-9ca3-b3ad0983a269,68ff0f03-d651-486e-a581-61f0e9a007bb,sweater,29-03-2026,7130,3810,3580,TRUE,7,0.5021,4715,474,15,0.794,casual,pastels,winter,0.42,good,0.55,olx
f55756c7-731b-43d2-9a4d-b1d2c5e2f3d1,9637084d-1cef-4726-913f-95b0d2ffb53f,dress,27-09-2025,5980,900,,FALSE,,,329,9,1,0.0164,boho,neutrals,all_season,0.5,poor,0.22,olx
d57a41b7-4158-4db4-8275-3aa43a91d394,25b15295-3ec4-4fbb-8e06-4714d40a89bb,tshirt,02-10-2025,2520,1990,,FALSE,,,48,41,3,0.0684,casual,darks,all_season,0.4,good,0.7,olx
d7ff87c3-eff4-4908-965b-a6bb3fd12b4e,,shirt,03-08-2025,2670,2070,,FALSE,,,486,34,2,0.0571,casual,metallics,all_season,0.4,like_new,,kaphor
8abc0c2c-7fda-4419-a3bd-2b9c26a4f0b8,,blouse,18-05-2026,7880,960,850,TRUE,9,0.1079,5538,174,10,0.2915,ethnic,darks,festive,0.8625,poor,,meesho
ca97b743-43be-4cdd-8d75-0b2b65fbb4ba,,shorts,09-11-2025,2690,640,560,TRUE,81,0.2082,299,27,11,0.045,athleisure,metallics,summer,0.665,new_with_tags,,olx
68ef4409-54a1-4e29-92b4-1e2d38c81af7,,dress,12-06-2025,5980,4860,,FALSE,,,346,25,0,0.0455,officewear,metallics,all_season,0.45,new_with_tags,,olx
eca8197e-0818-422c-bc90-3560d82387b6,5fec9561-2f61-447c-a0a9-961493351e17,sweater,09-07-2025,11165,5140,,FALSE,,,346,13,3,0.0218,casual,prints,winter,0.42,like_new,0.86,kaphor
e64f676a-7dfc-483a-92bf-72ebf92b9aaf,,saree,22-01-2026,14100,4570,,FALSE,,,85,11,1,0.0183,ethnic,metallics,festive,0.8625,fair,,olx
5725f089-82ff-4a1e-8eb4-f7b6862ee84a,,trousers,19-06-2025,5970,870,,FALSE,,,260,15,3,0.0255,formal,darks,all_season,0.45,poor,,olx
68e8dceb-145e-449d-bf87-d400687c652c,517deb40-2695-46d0-b981-84ffebbf1040,jeans,18-03-2026,4350,2360,2070,TRUE,27,0.4759,2558,445,5,0.7441,casual,pastels,all_season,0.4,like_new,0.76,manual
06ca3e04-6d14-4579-8883-fa79ada00bb1,,kurta,25-09-2025,7060,3280,2940,TRUE,77,0.4164,5676,129,2,0.2157,fusion,darks,all_season,0.8,fair,,olx
e1b82af5-2356-4d16-a24d-9ed0d18f6bd6,92215627-4e66-4eb9-ac49-237eb27b3f59,blazer,27-04-2026,5765,1080,990,TRUE,14,0.1717,1337,82,8,0.1385,casual,brights,all_season,0.4,like_new,0.84,olx
f688660d-ce1d-44db-8105-595778b54eb2,,saree,09-08-2025,2910,2240,2230,TRUE,116,0.7663,3810,414,1,0.69,ethnic,darks,festive,0.8625,new_with_tags,,olx
74eb7464-0b20-4c00-a470-ac5f3c8e17bc,585a6d7d-f082-4729-8e93-3e93eaaa4c4f,jeans,28-10-2025,2480,840,830,TRUE,13,0.3347,2562,385,5,0.6438,streetwear,metallics,all_season,0.65,new_with_tags,0.98,kaphor
7582c604-6794-4c61-99f4-f40ffaafa700,,tshirt,05-09-2025,2520,1000,970,TRUE,108,0.3849,5191,469,11,0.783,athleisure,metallics,all_season,0.7,poor,,olx
d56362a0-cf49-4f8e-aa2d-3cd1acdc8024,,jacket,02-03-2026,4840,3130,3000,TRUE,61,0.6198,6095,326,9,0.5433,casual,prints,all_season,0.4,like_new,,olx
e14e9fb9-d03d-43f6-b040-98c613fae04f,,lehenga,03-09-2025,9470,9470,,FALSE,,,393,33,0,0.0553,bridal,pastels,festive,0.9775,like_new,,olx
47b87053-f054-4e38-86de-c05fb0e6c0f6,,anarkali,16-12-2025,5545,1020,920,TRUE,64,0.1659,6936,326,3,0.5611,bridal,pastels,festive,0.9775,new_with_tags,,manual
79e77263-f674-41e0-a086-8b1a85c59d67,59d6f0eb-b91f-4c37-8013-4ddf4cc6c85d,shorts,16-05-2026,2690,840,,FALSE,,,466,35,0,0.0583,casual,prints,summer,0.38,good,0.69,meesho
e704c437-2e46-432a-a09b-e11433485655,,formal_shirt,20-03-2026,5820,1110,,FALSE,,,138,32,3,0.0548,"officewear,formal",brights,all_season,0.45,fair,,olx
fe59c65b-27ec-4c7d-b97b-1bd32928db39,,activewear,09-09-2025,4900,1410,,FALSE,,,252,2,0,0.0034,athleisure,brights,all_season,0.7,new_with_tags,,olx
497e348c-2e88-4cdf-943d-158845a2c342,bd279b4e-ddac-4d8d-8d0c-47ea69f258f7,sweater,15-08-2025,11165,7380,,FALSE,,,118,13,1,0.0218,casual,pastels,winter,0.42,new_with_tags,0.92,olx
66a04682-f93c-470e-b1e7-22634b365589,e798da7b-8a1d-47f2-9e2a-0ba21098969c,kurta,24-12-2025,2740,2200,2140,TRUE,17,0.781,5811,46,7,0.0769,casual,metallics,festive,0.46,new_with_tags,0.99,olx
9ff02429-fef9-4db7-bff5-91f88e690ad8,,shirt,20-12-2025,1700,760,,FALSE,,,262,37,0,0.0622,casual,metallics,all_season,0.4,good,,meesho
c52c8ca5-bf43-482f-9491-f532c1954333,,tshirt,21-06-2025,2520,2410,,FALSE,,,341,31,2,0.0518,casual,pastels,all_season,0.4,good,,meesho
32b3de38-5da2-446c-a964-37cf9e67f5f6,,other,04-12-2025,3160,560,500,TRUE,20,0.1582,3450,274,7,0.4574,casual,brights,all_season,0.4,fair,,olx
a951c31c-5beb-408e-9206-0d2024f94bb5,f29652de-eb47-4487-8457-ad520ebb8304,formal_shirt,04-04-2026,5430,2670,,FALSE,,,371,26,0,0.0445,formal,prints,all_season,0.45,good,0.71,olx
f0d2dd81-98c2-4dce-93d0-e22b9f6c5fa0,2cadbed4-5987-47e3-b075-c78989be0815,jeans,27-12-2025,2480,2160,,FALSE,,,356,20,2,0.0334,streetwear,neutrals,all_season,0.65,new_with_tags,0.91,olx
c499385b-3035-46bf-bdc6-7122444abd64,0ffb53f4-ae38-41da-9b97-deacfa39128f,formal_shirt,05-09-2025,5820,2610,,FALSE,,,213,23,0,0.0394,formal,darks,all_season,0.45,new_with_tags,0.96,olx
c478dbf8-77a7-4496-bfe5-4cd4cb5e5df4,be00e370-0da1-4045-a9c1-79a0a42254d9,saree,14-05-2026,6610,3850,3540,TRUE,92,0.5356,3603,135,1,0.225,ethnic,metallics,festive,0.8625,like_new,0.81,olx
49a8d3b5-4859-4933-b090-d995d4a73a46,2404911f-7284-4a0e-816f-51dd2fa4e359,saree,12-05-2026,71170,42500,38810,TRUE,90,0.5453,5404,210,13,0.35,casual,prints,festive,0.46,like_new,0.85,olx
80481b1f-067e-4e8e-9212-2003c120e8b4,f3446704-bfc0-4781-a5a1-4e0c3d761bff,shirt,14-02-2026,2670,1220,1070,TRUE,1,0.4007,2369,174,11,0.2924,officewear,pastels,all_season,0.45,fair,0.52,olx
57d02ff1-c270-4b4e-be73-13718574b8e1,,dress,10-10-2025,5980,4760,4260,TRUE,34,0.7124,1729,496,13,0.9035,fusion,brights,all_season,0.8,poor,,olx
37b23794-45bf-4b51-acf9-5fd85c67a7e5,c9cdd5ed-df3d-4536-9920-7ef97eb036b3,saree,06-09-2025,14100,14100,,FALSE,,,263,41,2,0.0683,casual,darks,festive,0.46,new_with_tags,0.99,olx
50a1041d-75ae-40fa-b34e-80b95c3a1f3f,,tshirt,04-09-2025,2520,990,,FALSE,,,368,16,3,0.0267,streetwear,brights,all_season,0.65,good,,olx
b6b73fd4-80ae-43d6-acd3-44f4b1bebd34,7fbea2aa-c6a8-4162-b4e1-607142fe0c7c,dupatta,09-02-2026,6730,3800,,FALSE,,,239,3,3,0.005,ethnic,pastels,festive,0.8625,good,0.6,olx
4ea4f835-2caf-4067-b214-95fc9a0a380e,,saree,14-03-2026,14100,4950,4640,TRUE,89,0.3291,4917,360,6,0.6,ethnic,metallics,festive,0.8625,new_with_tags,,olx
c37b9d26-94d6-401f-b5f9-ff00281224e7,,coat,19-10-2025,9620,5480,4930,TRUE,7,0.5125,2149,534,8,0.9352,casual,metallics,winter,0.42,good,,olx
e0424dce-da73-4f73-87d0-9b5508de7bf0,e911a559-348e-4b0a-9f6d-5b3f5f13680a,activewear,25-06-2025,4900,1720,1580,TRUE,120,0.3224,2914,410,10,0.6879,casual,brights,all_season,0.4,poor,0.19,meesho
0ce2f88f-1d4a-4975-b4a8-60b3334afa65,,jacket,22-02-2026,8050,2590,,FALSE,,,23,36,0,0.06,casual,darks,winter,0.42,like_new,,olx
39dbf116-ff63-4323-b9c6-000db3f4bc1c,,trousers,11-08-2025,5970,1790,,FALSE,,,344,36,0,0.0611,casual,metallics,all_season,0.4,like_new,,olx
6f5973fc-227a-4b65-aa3d-b78560caca32,,anarkali,31-12-2025,5545,980,,FALSE,,,74,37,3,0.0637,ethnic,darks,festive,0.8625,like_new,,olx
d481b2d2-4702-44cf-8475-a5e4aa2ea224,80be7a0c-62d9-46a0-9ea2-81c7cf459ff4,formal_shirt,23-06-2025,5820,4750,,FALSE,,,195,32,1,0.0548,"officewear,formal",brights,all_season,0.45,new_with_tags,0.99,olx
c81c5c74-9866-41d8-a67b-7871d43e0e55,24358dde-c271-4f5f-b3b1-7f64c67604f3,formal_shirt,27-07-2025,5820,4700,,FALSE,,,105,34,0,0.0582,formal,brights,all_season,0.45,good,0.7,olx
700795dd-abf0-43b9-9637-36815bb44c54,f4c30448-5d33-41f3-a0dd-3d8d403c684b,activewear,07-06-2025,6810,2730,2410,TRUE,39,0.3539,647,354,4,0.594,casual,darks,monsoon,0.34,good,0.65,olx
6c82c9c2-25d5-4e6d-b0d6-f91044e56957,5c83ad57-17a9-4c01-a14e-41f7d0e3e47d,shirt,30-01-2026,4740,1200,1190,TRUE,3,0.2511,7708,450,10,0.7563,streetwear,neutrals,all_season,0.65,poor,0.31,olx
6b72a4ab-1de9-418a-9d79-e4801b84a820,,lehenga,26-10-2025,1620,1210,,FALSE,,,328,39,0,0.0653,ethnic,neutrals,festive,0.8625,like_new,,olx
d42dd545-e915-47e0-8ff6-bdb6bfee8408,,other,14-05-2026,4970,1480,1280,TRUE,70,0.2575,4284,417,13,0.6962,casual,darks,all_season,0.4,poor,,olx
db891456-cf71-48a1-923e-e69c1346fe5b,,lehenga,02-01-2026,7230,2080,1800,TRUE,71,0.249,3026,81,6,0.1357,ethnic,prints,festive,0.8625,poor,,olx
898542a0-5e9a-48f6-9fe8-a429d4bb8456,72be67f0-0d8a-4bc3-b9f8-3b3c1e79cf7b,sweater,07-05-2026,11165,7200,6390,TRUE,52,0.5723,4339,545,11,0.9129,casual,prints,winter,0.42,good,0.59,olx
31bf0f8a-3ef8-400b-a49f-cb87c911ef42,,coat,10-12-2025,8760,5970,,FALSE,,,222,35,2,0.0613,casual,brights,winter,0.42,like_new,,olx
6c7c0196-5310-4a2f-8822-60aa0196267f,f522064b-a614-428b-aa91-d58bdd7f2979,blazer,25-12-2025,5765,4170,,FALSE,,,174,28,0,0.0473,formal,neutrals,all_season,0.45,fair,0.48,olx
8d6c6280-9944-486c-91d6-6e8ab175f14f,,formal_shirt,12-02-2026,5820,2410,2180,TRUE,66,0.3746,5724,80,12,0.137,"casual,formal",pastels,all_season,0.425,like_new,,olx
613713fa-4d85-45b1-a4b9-592372c50731,,jeans,20-03-2026,2530,690,590,TRUE,1,0.2332,6144,41,8,0.0686,casual,brights,all_season,0.4,poor,,olx
30d37c95-8929-451a-9935-1e4d146a84c3,12f72c2b-7901-4e1a-9fdd-a2a118931a48,shirt,20-11-2025,2670,1510,1480,TRUE,49,0.5543,4830,385,15,0.6471,officewear,darks,all_season,0.45,new_with_tags,0.95,olx
e8b34c04-95a9-42ff-a5e6-e94522e8d5d7,9247d75d-cbbe-46bc-9ac8-55acfc4b40fc,blazer,18-07-2025,7750,4020,3420,TRUE,45,0.4413,6415,560,1,0.9459,"casual,formal",metallics,all_season,0.425,good,0.59,olx
3f0a0b90-86c2-4659-a1de-30c6a4c3b0fa,,jeans,16-07-2025,2480,2040,,FALSE,,,271,27,3,0.0452,streetwear,neutrals,all_season,0.65,like_new,,meesho
8769af39-fe04-49a1-bf1c-8731cbbfd587,,jeans,12-03-2026,2480,1970,,FALSE,,,190,16,0,0.0268,streetwear,neutrals,all_season,0.65,like_new,,olx
41c83314-49f2-4b00-a739-7f8e5a137a7f,,other,09-01-2026,3160,2360,,FALSE,,,105,22,1,0.0367,casual,pastels,all_season,0.4,like_new,,olx
90d6c2e5-1f8c-4e4d-bfcd-a87fcaf61283,d4f83841-2082-4de7-9ac8-7fed55ae0e99,anarkali,19-06-2025,5545,4810,,FALSE,,,228,38,1,0.0654,ethnic,neutrals,festive,0.8625,fair,0.46,olx
6fe88d00-faec-41df-935f-9d5a4f809faf,a365266b-a58d-42fa-8663-17c06dc32ab3,jeans,02-10-2025,2480,1040,930,TRUE,33,0.375,2058,177,9,0.296,streetwear,darks,all_season,0.65,like_new,0.88,olx
257e5b51-766e-4bb8-b201-117693601624,,anarkali,24-04-2026,6690,5410,4760,TRUE,105,0.7115,6592,222,4,0.3821,fusion,prints,festive,0.92,new_with_tags,,olx
c80324ac-36d9-4bd3-ba7c-a071791ffc78,,dress,21-02-2026,8320,1680,,FALSE,,,204,29,0,0.0528,minimal,metallics,all_season,0.55,poor,,olx
4ea32cae-be05-4874-b218-023cf5fa5ac8,,dress,14-11-2025,5980,1230,1130,TRUE,67,0.189,3085,101,14,0.184,formal,brights,all_season,0.45,good,,olx
93a73476-cc5a-435e-88ba-7d0930b1b55c,08faaa04-0993-4f7d-8cae-5a3ab1826772,tshirt,02-11-2025,2520,1040,,FALSE,,,398,31,2,0.0518,minimal,pastels,all_season,0.55,good,0.63,olx
33de1c26-cd70-4e60-8bdc-7af2de7d67db,3e758ddc-7408-4e0d-b250-1e47523d1a84,shirt,25-01-2026,2020,1170,1160,TRUE,19,0.5743,7075,189,2,0.3176,casual,prints,all_season,0.4,good,0.73,olx
bc8dcba5-3381-4eaa-8122-cd9c03e03b12,,dress,02-10-2025,5980,2630,2490,TRUE,7,0.4164,1973,416,2,0.7577,boho,prints,all_season,0.5,poor,,olx
484dc006-e356-4a38-a315-6e8d3c437de6,,sweater,08-03-2026,11165,2120,,FALSE,,,211,33,2,0.0553,casual,prints,winter,0.42,like_new,,olx
1260853d-973d-4862-aa4f-3a451cc7c4fa,de29cb1c-f292-40d9-b34b-849afef234cb,jeans,18-05-2026,1590,980,,FALSE,,,50,5,2,0.0084,casual,pastels,all_season,0.4,like_new,0.78,meesho
7b1a67f9-3d02-4f18-a26f-34ca78351372,,jeans,06-07-2025,2480,450,430,TRUE,117,0.1734,6684,332,11,0.5552,streetwear,brights,all_season,0.65,like_new,,manual
19ccae85-1db4-49df-b993-82727c79311a,,saree,14-07-2025,14100,2860,,FALSE,,,382,24,3,0.04,ethnic,darks,festive,0.8625,fair,,olx
749d01c9-7cc2-4995-8978-361656183f55,,kurta,02-07-2025,7060,4400,,FALSE,,,489,18,1,0.0301,casual,neutrals,all_season,0.4,poor,,olx
65f75375-5224-4904-acee-644953ff8659,8699615e-5b4b-4d03-aa96-ae32faa4b331,sweater,11-06-2025,11165,1890,1790,TRUE,91,0.1603,1298,373,4,0.6248,minimal,metallics,winter,0.5775,poor,0.11,olx
7580df49-905f-4893-a8c7-0418418ed3ef,7de8daff-9d39-405c-be54-957a8f7818de,shirt,11-04-2026,2670,2220,2050,TRUE,61,0.7678,1608,135,8,0.2269,streetwear,prints,all_season,0.65,new_with_tags,1,manual
fb0a0860-2918-4c31-abe5-167fcfc01094,e8a95da0-6f92-4614-b331-78135f072aaa,anarkali,15-09-2025,5610,4930,,FALSE,,,93,20,0,0.0344,casual,brights,festive,0.46,new_with_tags,0.99,olx
3f86fc01-32cd-4c51-b5ea-4bcc91170a4f,,trousers,23-01-2026,5970,1420,,FALSE,,,216,1,1,0.0017,formal,darks,all_season,0.45,good,,olx
9d991e84-3fd7-4f6a-b1f6-17c6f92d9883,b5a76750-aa4d-454c-bd9f-4a689422fb8e,jacket,07-12-2025,8050,1270,,FALSE,,,332,9,1,0.015,casual,brights,all_season,0.4,good,0.66,meesho
f8824114-3405-4d30-97dd-7740ca0c20c3,,coat,15-04-2026,5380,3970,,FALSE,,,97,6,2,0.0105,casual,darks,winter,0.42,new_with_tags,,olx
3aa46657-4827-438d-8f0c-c33f3af3aa95,ebd5a163-614c-4c7b-af2a-e831e57e8956,shirt,31-12-2025,2670,800,,FALSE,,,264,42,3,0.0706,casual,brights,all_season,0.4,like_new,0.88,meesho
88f0520a-e135-4b6e-94a8-47695b30e086,,jacket,11-08-2025,8050,1070,990,TRUE,51,0.123,6472,404,4,0.6733,casual,pastels,all_season,0.4,good,,olx
1790ca9f-657a-45e9-94cd-397a845d4575,,trousers,11-05-2026,5970,4360,,FALSE,,,449,22,0,0.0374,formal,prints,all_season,0.45,fair,,olx
8b850372-3e08-4883-96a2-5c1355336c37,,jeans,22-11-2025,2480,2280,2120,TRUE,104,0.8548,821,68,4,0.1137,streetwear,darks,all_season,0.65,good,,olx
be01ff66-5b71-4df7-80dd-cc6f5400142c,,lehenga,10-11-2025,7350,3580,,FALSE,,,462,28,1,0.0469,ethnic,prints,festive,0.8625,good,,meesho
9bfddb4d-72da-4767-912a-ce33cf9b56c5,,coat,17-09-2025,9620,6490,6490,TRUE,38,0.6746,2249,406,6,0.711,casual,darks,winter,0.42,new_with_tags,,olx
3de57cd1-1e7f-4d0a-a32a-c3650842b715,,tshirt,04-06-2025,2520,1990,1800,TRUE,42,0.7143,7068,38,8,0.0634,minimal,pastels,all_season,0.55,like_new,,kaphor
53d27cfe-8ba7-45c1-9714-c0bf73abc57d,,blouse,26-05-2026,7880,1570,1450,TRUE,15,0.184,7546,525,13,0.8794,casual,darks,festive,0.46,new_with_tags,,olx
18d681b5-edb7-4a55-afd0-a438de90663b,9f8af0e9-8762-4473-be53-0b83903f1faa,activewear,29-01-2026,4900,2400,,FALSE,,,231,30,1,0.0503,casual,prints,monsoon,0.34,good,0.58,olx
ca655654-0af5-4555-b241-934202a77bfa,,kurta,20-12-2025,7060,5280,5250,TRUE,73,0.7436,2732,128,11,0.214,fusion,prints,all_season,0.8,new_with_tags,,olx
30f6f392-da90-4f39-a45b-8ee3bbbc3ab0,d813d6d7-b796-4492-9af2-9d2438ff6abc,jacket,14-12-2025,8050,1140,,FALSE,,,76,10,3,0.0167,streetwear,pastels,winter,0.6825,like_new,0.77,olx
041f28d3-50c5-4378-812d-9630b8550503,886bfd5f-b775-406e-a9bb-17104e0d28b2,kurta,27-04-2026,7060,4570,4010,TRUE,18,0.568,4006,342,2,0.5719,ethnic,neutrals,all_season,0.75,new_with_tags,0.95,olx
a3b6072d-ec31-4bb4-87b5-88162f121188,593d029a-fcb4-4c11-a0a9-afef485f0d1e,other,21-01-2026,3160,2430,,FALSE,,,467,32,2,0.0534,casual,metallics,all_season,0.4,poor,0.27,meesho
242e51d2-1458-4dc9-8545-2e71aff339a5,2c48322d-467d-4dd9-ba05-8038a31c53e7,blouse,13-06-2025,7880,2330,,FALSE,,,172,45,3,0.0754,bridal,metallics,festive,0.9775,new_with_tags,0.97,olx
d2d45924-5ed8-4b67-b76c-a00a1f8247e3,48ac7613-a7be-4c0c-ad58-4c7dd94acfbb,dress,18-05-2026,5980,2770,2580,TRUE,105,0.4314,5517,277,4,0.5046,"casual,formal",brights,all_season,0.425,poor,0.2,olx
f61af019-862a-4c45-9dc7-92ff8be395df,0668cad2-6a15-4af6-a1a8-c2edad9af7ce,blouse,20-05-2026,7880,5510,,FALSE,,,399,35,0,0.0586,casual,prints,festive,0.46,fair,0.36,olx
7ab6ccca-4b5f-4d49-bed2-54c55324c526,,kurta,15-04-2026,7060,3640,,FALSE,,,282,28,3,0.0468,ethnic,brights,all_season,0.75,good,,manual
ba01322c-d850-4544-bfeb-599619db35c2,,tshirt,09-02-2026,2520,1610,1390,TRUE,41,0.5516,7575,80,10,0.1336,athleisure,darks,all_season,0.7,new_with_tags,,olx
4ad151a7-3eb3-40f0-8f3d-41dd318396d4,2076cf63-608c-4d1a-9ec5-21d42537a3ff,jacket,18-06-2025,33260,7600,,FALSE,,,217,18,0,0.03,casual,metallics,all_season,0.4,poor,0.27,olx
4f408bd3-6457-4c64-b469-d7b58e2de883,,tshirt,31-01-2026,2520,1390,,FALSE,,,38,6,2,0.01,casual,brights,all_season,0.4,good,,olx
1d6a8e68-1ba5-4dcc-b43e-1187a8ae1459,a53362c4-11a0-4df9-963d-5ebbbb742fad,formal_shirt,11-10-2025,20730,3450,3080,TRUE,38,0.1486,4497,362,8,0.6199,formal,pastels,all_season,0.45,poor,0.15,olx
41ec39dc-e63e-4ac9-a6b3-0d5d2dc6c7ae,,formal_shirt,08-12-2025,19010,4610,,FALSE,,,198,17,1,0.0291,"officewear,formal",brights,all_season,0.45,poor,,olx
432f57b7-d47b-44e2-9d86-02d802dcc66b,2de3c361-176c-403a-a83d-fbdeac6a62e1,saree,18-03-2026,14100,5360,,FALSE,,,430,35,1,0.0583,ethnic,metallics,festive,0.8625,poor,0.18,olx
5db18552-bb9a-4652-8354-2957fddc38a6,92351338-6643-45c4-8d67-f02c30c4d74a,shirt,20-11-2025,2670,390,380,TRUE,105,0.1423,4297,190,1,0.3193,officewear,darks,all_season,0.45,new_with_tags,0.93,olx
751149c3-b2bd-443c-89e0-554fa0dd233d,,anarkali,26-04-2026,5545,3950,,FALSE,,,482,20,2,0.0344,ethnic,prints,festive,0.8625,like_new,,kaphor
9377a645-923d-402d-a9bd-fd514e4e3073,,saree,16-05-2026,14100,4430,4270,TRUE,51,0.3028,1445,579,9,0.965,casual,pastels,festive,0.46,good,,olx
03123aa9-44c3-4cf5-b91a-afd0a2776a35,b2aff9c2-da9b-4c9c-9563-2cde277b11fa,shirt,04-07-2025,2670,1300,,FALSE,,,158,41,0,0.0689,minimal,brights,all_season,0.55,poor,0.28,olx
81c4dd98-6265-47bd-a838-81b91123bcd7,435bd660-51c0-48de-9f8c-e93db08b87ce,saree,16-03-2026,14100,14100,,FALSE,,,283,45,3,0.075,casual,neutrals,festive,0.46,like_new,0.79,olx
66ffb8be-9aec-48b6-8ea1-5d1966dcd2b8,,tshirt,01-09-2025,2520,430,,FALSE,,,367,28,1,0.0467,casual,neutrals,all_season,0.4,poor,,olx
f60fc0e7-73a0-4ea0-80b8-3de26d541600,,blazer,04-02-2026,5765,1010,970,TRUE,70,0.1683,7778,371,14,0.6267,"casual,formal",darks,all_season,0.425,good,,olx
224c50f8-9748-4de7-bcd8-77456bb63cbe,eaa63fda-a0fe-49cb-b718-7263ba630e5a,sweater,12-12-2025,11000,4980,4330,TRUE,46,0.3936,2254,116,14,0.1943,casual,darks,winter,0.42,good,0.62,olx
144cb3a9-08fd-4aff-8c7a-dc7146eb23a1,,saree,10-10-2025,36200,4400,,FALSE,,,181,18,1,0.03,ethnic,brights,festive,0.8625,poor,,olx
c60a928e-c7ee-4fba-96a8-249b78311e8a,,kurta,09-12-2025,7060,980,950,TRUE,42,0.1346,2865,275,10,0.4599,fusion,darks,all_season,0.8,new_with_tags,,olx
3532d4c7-3050-4d16-b08a-dcae3f476a3a,,blouse,26-03-2026,7880,4910,4640,TRUE,39,0.5888,2333,36,3,0.0603,ethnic,metallics,festive,0.8625,like_new,,olx
21894ea7-01dd-46f4-9030-6f0f7e250f8c,6e8df9ab-1710-4382-bc47-9310e70299ac,kurta,29-04-2026,7060,5730,,FALSE,,,453,2,2,0.0033,casual,brights,all_season,0.4,like_new,0.81,olx
327fb990-6077-49b3-bf91-2a16af52edec,f5286762-657c-4ea2-9edc-50944cde5a51,anarkali,18-09-2025,5545,2190,2080,TRUE,82,0.3751,590,276,12,0.475,casual,darks,festive,0.46,good,0.67,olx
c2241a5a-506c-4f3c-b2d2-97be92abc2e5,,jacket,25-09-2025,8050,5810,,FALSE,,,267,29,3,0.0483,casual,darks,all_season,0.4,new_with_tags,,olx
8e2b3dc6-33ea-45b1-ae51-540cfb66d122,,blouse,13-11-2025,7160,1950,,FALSE,,,394,40,2,0.067,ethnic,neutrals,festive,0.8625,fair,,olx
8b7470e1-0bf9-4ca7-ba28-7cf598b84b10,,kurta,17-05-2026,7160,3030,3020,TRUE,34,0.4218,1534,497,3,0.8311,ethnic,darks,all_season,0.75,fair,,olx
fa4c7bea-8cf5-47e7-8961-7c7c2871b0de,,anarkali,01-09-2025,6360,1410,,FALSE,,,484,13,2,0.0224,fusion,pastels,festive,0.92,poor,,olx
03fb6ca2-da15-437d-b008-d3f5b220f4c2,,skirt,08-01-2026,2985,1510,,FALSE,,,144,40,1,0.0667,casual,brights,all_season,0.4,good,,olx
ed1b0087-423f-4c3d-b75c-d5e058625271,,activewear,13-05-2026,17980,2610,2470,TRUE,118,0.1374,1895,170,8,0.2852,athleisure,neutrals,all_season,0.7,poor,,olx
05102573-a48b-4480-b02b-166ed4335900,,saree,01-07-2025,14100,4560,,FALSE,,,107,29,0,0.0483,ethnic,darks,festive,0.8625,new_with_tags,,olx
c5ae8db4-1081-48e0-8e8d-003d930ced25,,skirt,12-12-2025,2985,1080,,FALSE,,,167,23,3,0.0383,casual,prints,all_season,0.4,like_new,,meesho
50fa53c6-9434-4e79-bb85-5041cf94f9f4,,shorts,05-12-2025,3320,1740,,FALSE,,,292,10,2,0.0167,casual,metallics,summer,0.38,good,,olx
588bc2fc-d2a9-4842-a3c5-2f3660fb64bd,d37019ff-5892-4dc4-bcde-1971f9dd7e16,anarkali,03-09-2025,5545,4970,,FALSE,,,87,1,2,0.0017,bridal,neutrals,festive,0.9775,poor,0.13,olx
0ed0556d-862b-40c8-86c1-6439703f8346,,kurta,04-07-2025,7060,2800,2630,TRUE,47,0.3725,984,451,5,0.7542,fusion,darks,all_season,0.8,good,,olx
da9d2539-aef8-4d3f-8b6e-2e14281e7c6f,bd3763e7-1cd0-4a53-9f0a-f062698afe4b,lehenga,04-03-2026,9470,9470,9250,TRUE,44,0.9768,1041,576,12,0.9648,bridal,metallics,festive,0.9775,like_new,0.88,olx
e245941f-5fb5-4036-a761-92eb1f11d3a1,,tshirt,20-10-2025,2500,1790,1520,TRUE,73,0.608,1658,537,12,0.8965,casual,darks,all_season,0.4,like_new,,olx
34633700-d956-42fb-b4f3-7d5d0f529580,,activewear,26-12-2025,3190,2350,2220,TRUE,30,0.6959,1538,194,7,0.3255,athleisure,darks,all_season,0.7,like_new,,olx
2deaccd0-7fec-4be4-825b-62235862b350,,skirt,02-11-2025,2985,2250,2070,TRUE,94,0.6935,6210,241,6,0.4017,casual,pastels,all_season,0.4,like_new,,olx
f1063742-c6a4-444e-86ef-3934b208e4de,65989159-d2f9-4316-97ac-b8d136f3e966,shirt,31-10-2025,4510,1060,950,TRUE,6,0.2106,2319,250,10,0.4202,casual,neutrals,all_season,0.4,poor,0.13,olx
cf9e9692-3842-4b1a-88b8-74db1f7e37d3,38ff16d3-921f-4f1f-9d7f-5f39b08596d5,blouse,03-08-2025,7880,5790,5230,TRUE,112,0.6637,1333,347,12,0.5812,bridal,prints,festive,0.9775,fair,0.43,meesho
cf36f612-373c-4ca3-8bbf-637558c508e7,,kurta,05-03-2026,16120,3240,,FALSE,,,262,24,1,0.0401,casual,metallics,festive,0.46,poor,,olx
4cb2b4b5-1aac-444b-8b52-3775d34b625a,93e2f59f-91f8-405c-848d-04d4eb2e3bf2,coat,04-03-2026,6860,4090,,FALSE,,,352,13,1,0.0228,casual,prints,winter,0.42,like_new,0.8,olx
5dd87606-ed0c-46ec-8703-bfa4bd41ce11,a0d12fa9-424a-4f14-9d4a-83fe8765e4b6,formal_shirt,22-10-2025,5820,2400,,FALSE,,,40,17,0,0.0291,formal,prints,all_season,0.45,like_new,0.75,kaphor
a00b50aa-3161-4138-a78d-f7ce540bffab,79c56668-bf2d-4f38-b48f-e872e1faee2d,activewear,13-05-2026,4900,690,,FALSE,,,393,24,0,0.0403,athleisure,brights,all_season,0.7,fair,0.52,olx
2832609e-2ea6-4aac-8fc6-f8484809642a,9e46efa4-2822-498f-9de8-7c2c31b45ac6,saree,20-03-2026,14100,14100,,FALSE,,,12,22,2,0.0367,bridal,prints,festive,0.9775,new_with_tags,0.92,olx
cdd53662-9b8b-4b2c-90b7-d8410c6d072a,,other,18-10-2025,3160,1970,,FALSE,,,346,39,0,0.0651,casual,prints,all_season,0.4,poor,,meesho
a68311d1-8e00-4456-8af9-1b55268735da,,blouse,21-11-2025,7880,2010,,FALSE,,,91,13,2,0.0218,ethnic,neutrals,festive,0.8625,fair,,meesho
468c647a-4dc0-45aa-8cbf-7fc195b0ddf9,bca57c73-f66f-4c31-8f8d-0fc4cf706af2,activewear,09-10-2025,2900,1220,1080,TRUE,10,0.3724,5099,226,2,0.3792,casual,neutrals,all_season,0.4,good,0.64,olx
b8b3a603-c41b-4548-9887-9262da7eee41,b982efaa-1259-412e-bb6d-b310923ab50b,shirt,11-03-2026,2670,1080,,FALSE,,,410,8,1,0.0134,casual,darks,all_season,0.4,like_new,0.79,olx
85e8fb1b-07fc-4781-b33f-cf301223c729,,saree,05-01-2026,36280,27200,,FALSE,,,318,8,3,0.0133,bridal,pastels,festive,0.9775,like_new,,olx
873b63f3-40f8-4d78-8f09-9123eae4ae9a,,tshirt,04-04-2026,2520,1120,1000,TRUE,52,0.3968,6649,74,5,0.1235,minimal,prints,all_season,0.55,poor,,meesho
99c911f9-8afe-448f-8db7-d9337bc1e402,,anarkali,24-10-2025,5545,2880,2490,TRUE,80,0.4491,3840,530,7,0.9122,bridal,prints,festive,0.9775,new_with_tags,,olx
4acee4a7-2885-4d4c-9821-f847f5b4a168,,saree,25-06-2025,14100,2330,,FALSE,,,470,16,2,0.0267,ethnic,metallics,festive,0.8625,like_new,,olx
761182b9-6b99-4dca-a004-239f6445045b,8b1b869f-303c-4ee7-90d5-6d2bb9b338aa,tshirt,01-05-2026,2520,540,,FALSE,,,126,36,3,0.0601,athleisure,neutrals,all_season,0.7,like_new,0.81,olx
1a649ff0-c78b-43af-a3ab-ee6547577ffd,,sweater,07-01-2026,16450,7450,7160,TRUE,41,0.4353,224,339,14,0.5678,casual,darks,winter,0.42,good,,olx
9b66e0d1-04ba-42a5-9b6b-d2ebd7820596,6accc3ce-fa1a-4bc3-bc0b-2009b54f9871,dupatta,22-06-2025,1600,1280,1160,TRUE,3,0.725,482,537,11,0.8965,ethnic,neutrals,festive,0.8625,new_with_tags,0.97,olx
3656c375-dfb8-46b9-a377-71853caed5e4,,dress,15-03-2026,5980,1700,1670,TRUE,45,0.2793,1864,268,8,0.4882,officewear,neutrals,all_season,0.45,like_new,,olx
2874e033-e13a-48af-9555-96e9d803deac,34baeef1-0962-4811-bc37-addd97dd740a,lehenga,09-08-2025,9470,2710,,FALSE,,,449,3,0,0.005,casual,neutrals,festive,0.46,good,0.59,kaphor
d4c1607b-aa90-4feb-af4d-fba98c5487b5,,tshirt,21-11-2025,2520,1330,1290,TRUE,20,0.5119,1754,63,7,0.1052,athleisure,darks,all_season,0.7,new_with_tags,,meesho
55dc3d3d-9b66-4ecc-a226-b0f1b8b8d69c,,kurta,08-05-2026,7060,3280,,FALSE,,,383,30,2,0.0502,fusion,metallics,all_season,0.8,fair,,olx
24569574-9507-4a36-bf35-6e4b8617eb05,,jeans,18-01-2026,2480,1160,1140,TRUE,8,0.4597,2991,108,1,0.1806,streetwear,metallics,all_season,0.65,fair,,olx
a69f6ee2-d9ff-4af8-834d-ec6dd42c9386,,trousers,26-05-2026,5970,1570,,FALSE,,,466,35,0,0.0594,officewear,neutrals,all_season,0.45,good,,olx
3bad44ca-b64b-4b2b-8732-5034c54d9e72,da55d9e8-57ed-47df-8c05-87582d97612d,jeans,28-01-2026,2480,2270,,FALSE,,,286,41,1,0.0686,minimal,brights,all_season,0.55,like_new,0.88,olx
dbd87933-172a-49fd-9d3e-159b60418a2c,,other,15-05-2026,1460,1090,,FALSE,,,22,42,0,0.0701,casual,pastels,all_season,0.4,like_new,,olx
cd7b50d2-f4f7-41df-b8a6-70862035d2a3,5334f62f-09a4-4da7-861a-1a69fa3ee86e,coat,05-05-2026,9620,2700,,FALSE,,,447,35,1,0.0613,casual,neutrals,winter,0.42,good,0.57,olx
79955e38-39b9-4a6f-8cad-05c1d413f992,,other,08-08-2025,3160,600,510,TRUE,55,0.1614,2916,197,2,0.3289,casual,pastels,all_season,0.4,fair,,manual
70422339-8b10-42d0-b75a-59830d54f527,ed958293-a98b-4b0c-96fe-4943906edd15,other,08-05-2026,3160,1800,,FALSE,,,377,21,1,0.0351,casual,prints,all_season,0.4,good,0.56,olx
95901b00-ee16-4ea2-b0b7-cf3c8ff176a4,68ea8f48-16ef-4ac3-952d-b4b9c2c436c4,tshirt,14-10-2025,2960,2250,,FALSE,,,224,2,0,0.0033,athleisure,metallics,all_season,0.7,new_with_tags,0.98,olx
86ca9bbd-3d47-4dbd-84da-bec6760be309,,formal_shirt,22-04-2026,2980,2270,2220,TRUE,69,0.745,2820,262,14,0.4486,formal,metallics,all_season,0.45,new_with_tags,,meesho
3577a6a9-5632-4895-b1fd-8a1a04befb2a,,tshirt,22-12-2025,2520,670,,FALSE,,,62,10,2,0.0167,casual,neutrals,all_season,0.4,like_new,,meesho
d8bcfd71-b005-4d46-bcc7-37317e237cbe,80d1c5a8-8bef-4835-8fa8-bafa27c46b09,trousers,03-03-2026,5260,4430,,FALSE,,,174,31,3,0.0526,casual,brights,all_season,0.4,new_with_tags,0.99,olx
ea794202-a5e2-4651-b598-b78f8f659387,,dress,12-10-2025,3320,1430,,FALSE,,,435,26,3,0.0474,fusion,pastels,all_season,0.8,good,,olx
50aa6b97-11c4-48b4-98ab-593a87aaeed8,b41fb0a0-568e-41f7-9b30-a00c246b7158,trousers,19-03-2026,5970,1440,,FALSE,,,449,37,2,0.0628,formal,brights,all_season,0.45,new_with_tags,0.96,meesho
e7a29f36-3a8f-473c-8ade-2e7632564b7e,ca809da5-1053-48e6-9011-c7a3e009f0f9,tshirt,27-08-2025,3300,1760,,FALSE,,,238,8,0,0.0134,casual,neutrals,all_season,0.4,good,0.57,meesho
bd592eec-eb44-41d3-82bb-c930815c1887,5ca6d47d-895e-4a0b-9b6f-a24f310d8730,tshirt,03-09-2025,2410,1650,1480,TRUE,71,0.6141,559,546,14,0.9115,casual,pastels,all_season,0.4,like_new,0.77,olx
c5610ed2-70e9-4d1d-9968-29ff667ed590,dc521b3f-9901-424b-a658-838021d5d6fe,sweater,09-12-2025,12780,3670,3270,TRUE,9,0.2559,6372,109,13,0.1826,casual,brights,winter,0.42,fair,0.44,olx
fc6898c0-25b6-40aa-a794-d4b231f4faf0,,saree,18-04-2026,4120,3240,2890,TRUE,110,0.7015,7828,45,7,0.075,ethnic,brights,festive,0.8625,new_with_tags,,olx
6e53a638-4f42-4ff8-9fb6-70ea475c4c54,,saree,12-06-2025,14100,8100,7420,TRUE,50,0.5262,7950,284,15,0.4733,ethnic,neutrals,festive,0.8625,new_with_tags,,olx
e15cdab7-1255-4416-b934-2dc797483015,,jeans,23-02-2026,2480,1140,1130,TRUE,105,0.4556,2225,170,14,0.2843,casual,brights,all_season,0.4,poor,,olx
8fd7b317-f1a9-4ea3-b3ad-5a15cb582567,,jacket,20-01-2026,8050,4950,,FALSE,,,114,42,0,0.07,casual,pastels,all_season,0.4,good,,olx
d4b409f0-2f1a-4152-86d9-73e2a81c25eb,,formal_shirt,18-04-2026,5820,850,,FALSE,,,481,43,2,0.0736,formal,brights,all_season,0.45,good,,olx
1be977e0-135e-4f59-9042-9e0840e26164,,formal_shirt,08-09-2025,5820,990,980,TRUE,84,0.1684,7389,426,8,0.7295,formal,brights,all_season,0.45,good,,olx
a9f0779e-7bfe-4b23-8ced-0ec4afe09b03,5a58ddba-795c-43ce-a33b-a5ac890af9b5,jeans,18-11-2025,13880,1520,,FALSE,,,35,10,0,0.0167,casual,neutrals,all_season,0.4,poor,0.28,olx
4fd6453f-4787-4bef-a091-12a216f02fe2,,anarkali,25-04-2026,4260,3020,,FALSE,,,104,36,3,0.062,casual,prints,festive,0.46,new_with_tags,,olx
24c9683f-847a-4e4f-b052-7f393065de90,0d54b9b0-7326-4dfc-bb71-1c565fbce677,other,02-04-2026,7400,2020,,FALSE,,,116,32,0,0.0534,casual,metallics,all_season,0.4,poor,0.23,olx
c8d460c4-0269-48cf-a49d-25389e01d49f,06d53d89-dca9-477b-84bc-415189ff5ef0,anarkali,21-03-2026,5545,5500,4770,TRUE,48,0.8602,7968,319,5,0.5491,bridal,neutrals,festive,0.9775,good,0.74,kaphor
0da3e95a-2502-419d-bab9-bc9f14afa158,,trousers,17-08-2025,5970,4560,,FALSE,,,221,35,3,0.0594,"casual,formal",brights,all_season,0.425,like_new,,olx
93a35f06-3831-4691-8079-0c8a12958e4e,e879c40d-5bc2-4788-ad05-6563392200e6,kurta,21-04-2026,7060,3090,,FALSE,,,440,28,0,0.0468,fusion,darks,all_season,0.8,like_new,0.89,olx
96670041-7d17-4180-9cc2-6057e0f4f3d9,,sweater,30-04-2026,11165,3280,,FALSE,,,338,3,3,0.005,minimal,pastels,winter,0.5775,good,,olx
f9eaecef-0f59-40f1-89a8-d90f53f7db8b,,jacket,22-12-2025,8050,2420,,FALSE,,,261,1,2,0.0017,casual,pastels,all_season,0.4,like_new,,olx
d69b1cd6-d45c-4e66-94d1-4e608c2886f8,6b833a4e-e875-4700-80a3-e6f8701ca248,lehenga,13-01-2026,9000,7800,,FALSE,,,69,14,1,0.0235,bridal,darks,festive,0.9775,new_with_tags,0.9,meesho
c5d518a6-1f2c-46fe-bce4-ddf64b7f4415,,dupatta,22-09-2025,13960,3260,3010,TRUE,95,0.2156,3019,312,9,0.5209,ethnic,neutrals,festive,0.8625,poor,,olx
1f01b2cc-013b-4e10-b11b-b0e84397cc2b,5cf06f22-1d52-469f-be61-42e9d8aa438e,blouse,03-06-2025,7880,5950,,FALSE,,,467,17,2,0.0285,ethnic,darks,festive,0.8625,new_with_tags,0.96,manual
7264b4ac-7839-4f36-baf7-737f4a59f75f,,activewear,20-10-2025,4900,1010,860,TRUE,104,0.1755,1028,555,9,0.9312,casual,darks,monsoon,0.34,fair,,meesho
06d161e9-bbe8-4ee5-86cd-77b89a9432a9,,anarkali,18-11-2025,5545,1120,1070,TRUE,79,0.193,172,131,14,0.2255,ethnic,metallics,festive,0.8625,good,,olx
38dacda7-bac5-48f3-aa41-2f5f03a5573b,,coat,09-01-2026,9620,7080,,FALSE,,,180,27,1,0.0473,casual,pastels,winter,0.42,like_new,,olx
7d23cd2c-b970-4019-a7a3-215bc66d8440,,kurta,27-07-2025,7060,5790,5250,TRUE,106,0.7436,4044,503,5,0.8411,fusion,prints,all_season,0.8,like_new,,manual
149fb914-b098-4941-9ed5-19e3ec7de66b,82f6b148-56b6-4d5a-9bef-29aa3014947b,lehenga,24-07-2025,9470,9470,,FALSE,,,311,43,3,0.072,bridal,prints,festive,0.9775,good,0.74,olx
c0bdd42f-37ec-42e6-aa25-a2fa331b795e,,shirt,25-12-2025,1970,990,,FALSE,,,300,0,3,0,streetwear,pastels,all_season,0.65,like_new,,olx
9940ee3b-05d7-4b2f-b7cb-605649101394,3c196d04-2c1c-4f80-a62a-76dd69ce376f,kurta,20-02-2026,7060,4830,,FALSE,,,62,26,0,0.0435,fusion,brights,all_season,0.8,fair,0.45,manual
47d845e7-5a72-45d9-830c-188bc5a3e76d,,kurta,11-07-2025,7060,4920,,FALSE,,,389,13,0,0.0217,casual,darks,all_season,0.4,poor,,olx
2e2f236c-e722-44c8-913d-806d83f7ef8a,45cc2a81-ba83-4a2f-a8f2-7af7a011fe72,jacket,11-12-2025,12650,6820,,FALSE,,,412,6,3,0.01,casual,brights,winter,0.42,like_new,0.77,olx
65ee183b-c3d4-4218-8738-69b8eeb0ad3b,,kurta,31-03-2026,7060,3310,,FALSE,,,137,30,0,0.0502,casual,pastels,festive,0.46,new_with_tags,,olx
ca57168b-8698-4ae3-bd40-704056fa86e8,,other,05-09-2025,3160,630,580,TRUE,24,0.1835,4589,498,12,0.8314,casual,prints,all_season,0.4,new_with_tags,,olx
dbaa3506-13cb-4be6-a57c-44d949d3663e,ffcb0fc9-6c8a-45c5-afb0-518db47024b5,shirt,10-03-2026,2670,510,,FALSE,,,104,22,0,0.037,officewear,prints,all_season,0.45,good,0.72,meesho
79b0fa43-6c27-46fb-9e6b-c1fd6bd54b2c,294238d0-4410-4fbd-aa64-f87849b61492,kurta,31-03-2026,7060,4000,,FALSE,,,106,32,1,0.0535,casual,brights,festive,0.46,like_new,0.8,olx
5d92d1c1-e3fd-4d02-a9c2-bd7acbc7458b,,tshirt,17-01-2026,2520,430,400,TRUE,12,0.1587,1005,320,13,0.5342,athleisure,brights,all_season,0.7,like_new,,olx
39eab336-d2bf-4693-9499-35617c628bc0,d765454b-b916-47bb-9b5c-eabaf9058ade,jacket,15-04-2026,8050,2260,,FALSE,,,25,39,0,0.065,streetwear,metallics,winter,0.6825,good,0.57,manual
e4bab8bf-28b2-4d1e-9058-418c560a0b35,,shirt,02-06-2025,4730,1480,1390,TRUE,58,0.2939,2248,55,3,0.0924,casual,darks,all_season,0.4,fair,,manual
8b93f43c-10d9-4429-a80c-2212cb30a1db,,blouse,16-09-2025,7880,4470,4280,TRUE,57,0.5431,1694,57,5,0.0955,bridal,neutrals,festive,0.9775,new_with_tags,,olx
41a949d5-0e8f-46e1-8703-92265a6c1800,246734ac-aac3-4725-8fb9-008a21256743,anarkali,17-08-2025,4440,3060,,FALSE,,,472,1,2,0.0017,ethnic,pastels,festive,0.8625,like_new,0.77,olx
281a3940-a89c-4b48-b8ca-60a0df0003ca,15898057-9656-4095-bb72-ccdc5f2bc135,kurta,19-06-2025,7060,3730,3250,TRUE,55,0.4603,5258,30,4,0.0502,fusion,darks,all_season,0.8,like_new,0.87,olx
f92767e3-628e-494b-b04d-923b1275d4fb,,lehenga,27-05-2026,9470,9470,8260,TRUE,53,0.8722,194,381,1,0.6382,bridal,metallics,festive,0.9775,new_with_tags,,kaphor
57b54a6e-f83f-4301-b173-673d1b76163e,573d197c-5d7f-4878-9ce4-d0e3319fd6fa,anarkali,01-12-2025,3280,2630,,FALSE,,,185,42,2,0.0723,casual,darks,festive,0.46,new_with_tags,1,olx
33e47eab-32a2-4852-ad6e-87c52a123c5d,9be09809-ff14-4545-a051-a66530874cb5,shorts,02-11-2025,1590,1210,1170,TRUE,82,0.7358,4004,223,5,0.3717,athleisure,brights,summer,0.665,new_with_tags,0.97,olx
6792dc66-0a74-4b94-a195-d2e5fb8b5bf1,bbe01491-590f-4df8-98d9-fce00f519a4f,jeans,06-07-2025,9470,2450,2170,TRUE,79,0.2291,4125,404,11,0.6756,minimal,darks,all_season,0.55,fair,0.38,olx
3096b587-bc9f-40fe-8770-fcb2571583f6,,tshirt,11-07-2025,2520,1670,,FALSE,,,478,33,1,0.0551,minimal,metallics,all_season,0.55,good,,olx
5427b139-d756-4982-9de8-971ea2b4b3db,d9c4dac2-0bc5-4081-aac8-2ac248aaa158,activewear,01-02-2026,960,850,,FALSE,,,291,37,1,0.0621,casual,darks,all_season,0.4,new_with_tags,0.95,kaphor
e4e244cf-d599-486b-a754-54ddf2fedd33,,saree,05-09-2025,2580,1330,,FALSE,,,468,5,1,0.0083,ethnic,prints,festive,0.8625,good,,olx
c9b2783f-290c-4d5c-a0c5-dc2a64088fdf,,jacket,31-10-2025,8050,7380,6720,TRUE,93,0.8348,6363,393,2,0.655,casual,brights,winter,0.42,like_new,,kaphor
c48f4f23-2a93-4dd3-9e86-3fddf89ee9d4,,activewear,19-01-2026,2430,1490,,FALSE,,,59,27,3,0.0453,athleisure,pastels,all_season,0.7,like_new,,olx
9444f980-9bc3-4bb1-96bf-02df1d8e2bd6,72038517-566b-494e-a888-2b6a0c7f7d35,shirt,23-02-2026,890,470,420,TRUE,84,0.4719,4918,227,3,0.3815,streetwear,metallics,all_season,0.65,good,0.7,olx
a494df53-e4be-431f-8c1b-d1d947cad6a4,b8dc4d1a-a8e5-4afe-a16e-7afaf77e3c6f,lehenga,24-03-2026,9470,3270,3160,TRUE,92,0.3337,5197,516,9,0.8643,ethnic,brights,festive,0.8625,fair,0.36,olx
ddec3df4-4b08-47ee-9c07-df871a4f6ffe,f3d93cf3-cba6-405b-a159-07384e6828af,dupatta,26-05-2026,6070,5820,5790,TRUE,6,0.9539,6018,176,8,0.2938,ethnic,neutrals,festive,0.8625,like_new,0.76,olx
b6c6dc90-b929-4ec0-a76d-4169ca6d88e3,41ff7060-80d0-47f8-b05f-a78f17f63c0b,shirt,08-07-2025,2670,1240,1230,TRUE,4,0.4607,3810,484,14,0.8134,streetwear,prints,all_season,0.65,poor,0.34,olx
0d71e59f-7d81-4efd-a2d5-7f12f960df3a,,tshirt,05-02-2026,2520,1530,,FALSE,,,310,13,0,0.0217,casual,brights,all_season,0.4,fair,,meesho
f6794872-2991-4212-8fd7-42d5b64cb8cd,97054799-3508-4a6a-8340-1b748de29741,coat,13-10-2025,9620,2940,,FALSE,,,284,16,3,0.028,casual,darks,winter,0.42,like_new,0.87,olx
8d519213-558b-4640-8d06-348856ee476b,,shirt,27-01-2026,2670,2000,,FALSE,,,239,16,1,0.0269,officewear,metallics,all_season,0.45,like_new,,meesho
5f7ee906-f79f-423a-8ac6-92f56bd1d52b,,trousers,01-11-2025,5970,3430,,FALSE,,,272,14,1,0.0238,officewear,brights,all_season,0.45,like_new,,manual
5eee96b1-fa01-44f9-847b-2e2e3a77be6d,,blazer,12-12-2025,5765,2050,,FALSE,,,416,21,1,0.0355,formal,metallics,all_season,0.45,good,,olx
daa9c019-31eb-4fa4-b4d1-b98fb65f4b63,b8b38710-7a1c-4639-b8ac-7691bcc57244,formal_shirt,22-05-2026,5820,3760,,FALSE,,,132,41,1,0.0702,formal,darks,all_season,0.45,fair,0.38,olx
34138468-de84-47ea-97bc-9a74a9056901,,trousers,20-06-2025,5970,2930,2850,TRUE,51,0.4774,5907,112,11,0.1902,officewear,brights,all_season,0.45,fair,,meesho
864528aa-87f6-40ec-b041-bb3e38b81bbd,,jeans,03-05-2026,5290,1810,,FALSE,,,117,42,3,0.0702,streetwear,metallics,all_season,0.65,fair,,olx
84225b9f-e1c6-4770-96b7-fe1c38f8e225,,shorts,16-08-2025,2690,510,,FALSE,,,445,3,1,0.005,athleisure,neutrals,summer,0.665,good,,olx
06e95784-06cb-4228-8169-30fee53b6f38,b598ab33-9c38-454a-bb00-a15f582ce14a,jacket,01-10-2025,8050,6610,,FALSE,,,437,29,2,0.0483,casual,pastels,all_season,0.4,poor,0.1,kaphor
1055960d-0972-487e-9bf2-628feaf7a501,,formal_shirt,21-11-2025,3560,2520,,FALSE,,,113,32,2,0.0548,"officewear,formal",brights,all_season,0.45,new_with_tags,,meesho
a3fba2e7-51c1-4646-93f9-cb24e87cb931,7d619b60-f6d1-47be-aaed-334c82bf8146,saree,31-12-2025,14100,5570,,FALSE,,,153,43,0,0.0717,casual,pastels,festive,0.46,like_new,0.86,meesho
1695a0b1-7adb-4a84-818e-b344d6fd35eb,7490e4d9-bba2-409c-ab38-8000cffe548c,jeans,02-04-2026,2480,1310,,FALSE,,,441,33,1,0.0552,minimal,prints,all_season,0.55,poor,0.2,olx
dfe5fce5-81ab-49c9-b63e-7aea337b1942,30484c85-3019-4ca7-b77e-af51a1ab73c9,other,26-07-2025,3160,1310,,FALSE,,,213,45,2,0.0751,casual,pastels,all_season,0.4,good,0.64,olx
5a9bd49d-996d-4c2e-9d00-e26d11ebdf20,e16a2fb8-8f6e-43e7-a8f8-52a7707d264e,trousers,23-06-2025,5970,1040,890,TRUE,106,0.1491,3919,33,8,0.056,"casual,formal",prints,all_season,0.425,new_with_tags,0.93,olx
3744c6a1-ed5b-421e-8cac-4fd73e74c28f,,shirt,05-07-2025,4750,1030,890,TRUE,102,0.1874,1196,537,3,0.9025,minimal,darks,all_season,0.55,poor,,olx
ddc2fc9e-3b1b-4bf9-9a68-5810e5f74267,,tshirt,30-01-2026,2520,1470,,FALSE,,,362,12,0,0.02,casual,neutrals,all_season,0.4,new_with_tags,,olx
02d9e0c3-c9cd-4dbc-871c-1933e94229b9,,anarkali,04-06-2025,5545,1410,1300,TRUE,63,0.2344,7556,238,6,0.4096,bridal,prints,festive,0.9775,new_with_tags,,olx
5bdf8561-201a-47e4-81e3-348de1825668,87e93115-a55a-4a13-bd79-a09ef7984106,lehenga,26-06-2025,9470,4890,4270,TRUE,3,0.4509,6138,294,13,0.4925,ethnic,neutrals,festive,0.8625,like_new,0.87,manual
f4d36a50-64db-46dc-bed2-03c77e150db5,98d3e28f-5e04-4d46-a6a3-cc6118227093,anarkali,15-03-2026,5545,4620,,FALSE,,,10,14,2,0.0241,fusion,prints,festive,0.92,like_new,0.85,olx
9e78ecf1-8cc9-4c64-930b-2b55b1a5b4cd,e3264ce3-dec0-4355-9301-4e2c20b1cc1f,lehenga,20-08-2025,9470,9470,8750,TRUE,31,0.924,7933,517,1,0.866,casual,prints,festive,0.46,like_new,0.78,olx
8db6a10e-a583-4138-ad52-4fe85fa83f40,25fdb1f3-f0ca-4a43-8e3a-8f8affd9ac7d,activewear,09-07-2025,1790,1060,980,TRUE,99,0.5475,3514,399,8,0.6695,athleisure,neutrals,all_season,0.7,like_new,0.85,olx
de7b7788-d379-45db-95fa-268182ce8af7,6d66c4a7-d642-444b-9429-9a7e2a87d5dd,other,03-04-2026,3160,730,690,TRUE,27,0.2184,3723,426,3,0.7112,casual,darks,all_season,0.4,good,0.7,manual
9901048b-370f-4128-9b0a-886e26758d0b,b874e006-bd69-4d98-aa3e-bf35c86386a7,jeans,12-07-2025,2820,1860,1740,TRUE,32,0.617,3240,271,8,0.4532,streetwear,brights,all_season,0.65,like_new,0.85,olx
f7c11c57-8e18-47fa-9cd5-dc99385ad5bf,b28d6bae-c881-43f6-8763-d69d53499051,activewear,21-01-2026,4900,1660,1580,TRUE,91,0.3224,5509,491,1,0.8238,casual,prints,all_season,0.4,new_with_tags,0.96,olx
8d345535-5a50-4c6e-9561-b543ca38aea3,,saree,13-02-2026,14100,14100,12530,TRUE,27,0.8887,4784,33,11,0.055,bridal,neutrals,festive,0.9775,new_with_tags,,olx
1ce801b9-595f-4821-b146-95fa3748828b,,trousers,06-05-2026,5970,4630,4410,TRUE,48,0.7387,1714,186,2,0.3158,formal,metallics,all_season,0.45,fair,,olx
be5f10d0-7a7c-4525-8d2b-17fa2691c7fe,,activewear,13-03-2026,3370,1890,,FALSE,,,401,11,3,0.0185,athleisure,darks,all_season,0.7,like_new,,olx
08ed11a7-f262-40a2-9fca-bc5b0042b208,,tshirt,25-03-2026,820,400,,FALSE,,,438,17,1,0.0284,casual,metallics,all_season,0.4,good,,olx
ac01356e-6b0b-4f3e-aca3-4beaaa06dce6,5f35af66-893c-4306-b3b2-13299585358e,kurta,03-03-2026,7060,4260,,FALSE,,,496,24,3,0.0401,fusion,brights,all_season,0.8,like_new,0.87,olx
401b2813-147f-4623-ab58-a72099d55d22,9ee6f54c-0882-4512-bc7c-76c546d363ff,trousers,10-04-2026,5970,4410,4110,TRUE,111,0.6884,1516,541,1,0.9185,formal,metallics,all_season,0.45,poor,0.29,olx
dbce50c7-77f3-415e-b97b-36f790e1e70e,,trousers,16-02-2026,3630,2680,,FALSE,,,247,28,3,0.0475,"casual,formal",brights,all_season,0.425,like_new,,olx
00cf1f19-5c6f-42d7-8137-7522919e5910,aff33d8a-f391-439f-ae73-0b38912c3cdb,jacket,24-06-2025,8050,4590,,FALSE,,,203,39,1,0.065,casual,brights,all_season,0.4,good,0.61,meesho
aea36106-7614-4805-835f-12b2dc4d5c93,e40d4a8d-a9cd-4eeb-ba2e-a77ce187663e,jeans,30-04-2026,2480,560,,FALSE,,,145,14,3,0.0234,casual,metallics,all_season,0.4,poor,0.22,meesho
e5483fa5-4f30-4967-9e01-4c4d06d92bba,c2fc0327-6825-42be-b990-be87bdde9c38,kurta,30-06-2025,13540,4270,,FALSE,,,233,39,0,0.0652,ethnic,neutrals,all_season,0.75,fair,0.37,meesho
08dc26b5-2203-425e-ac4a-48fd242aeaf4,,formal_shirt,03-01-2026,5820,3520,,FALSE,,,436,36,0,0.0616,"casual,formal",pastels,all_season,0.425,like_new,,olx
b573dd3e-7325-4c79-af49-d18d1d2a4c44,,kurta,07-02-2026,7060,4950,4700,TRUE,46,0.6657,7396,71,4,0.1187,ethnic,brights,all_season,0.75,good,,meesho
981fedc6-f704-4ddb-a81f-f5ee6f5c8993,09d29858-31a4-4ada-bddb-db9cae00431b,formal_shirt,14-06-2025,5820,910,,FALSE,,,225,7,0,0.012,formal,pastels,all_season,0.45,fair,0.37,olx
e17124fc-e9ce-4c1d-b76e-08cf3f980da2,d9705859-43b9-4b99-9f9c-20eeaa76f330,shirt,16-11-2025,2670,1040,,FALSE,,,325,22,3,0.037,minimal,neutrals,all_season,0.55,like_new,0.85,kaphor
c294ff7b-b6be-46b1-a2d8-97bb91f6fd3f,09479970-0c90-4cb5-833a-bea3e10dee79,shirt,08-04-2026,3800,1670,,FALSE,,,24,22,0,0.037,minimal,neutrals,all_season,0.55,fair,0.51,olx
52fa9e56-887c-4250-8d17-7bcfad4e93b5,,other,19-11-2025,3160,1750,1660,TRUE,51,0.5253,2157,127,4,0.212,casual,darks,all_season,0.4,like_new,,olx
dbb58816-d828-4f3f-87c5-f7a850e20103,81d34e1f-6e7e-48fc-8746-8c459c1a1f4b,tshirt,15-06-2025,1600,1040,,FALSE,,,233,34,1,0.0568,casual,neutrals,all_season,0.4,like_new,0.75,meesho
9e305bd6-21de-4890-922f-7fe76362e214,,kurta,29-04-2026,7060,2420,,FALSE,,,69,2,3,0.0033,casual,neutrals,all_season,0.4,good,,olx
3372193b-532b-4ce4-bdbc-ae63a30b905e,,formal_shirt,16-05-2026,5820,1650,1440,TRUE,105,0.2474,3413,217,10,0.3716,formal,brights,all_season,0.45,new_with_tags,,olx
6c20aa68-659a-4120-95a8-5f9c18e1e3e0,,tshirt,30-03-2026,2520,1620,,FALSE,,,110,29,1,0.0484,athleisure,neutrals,all_season,0.7,good,,olx
7382ea09-761a-486c-b42d-e70ac30b779f,,trousers,12-12-2025,5970,1460,1400,TRUE,45,0.2345,1175,547,9,0.9287,casual,pastels,all_season,0.4,poor,,meesho
1317c97d-31f5-4ed6-8f56-8d7010d768c9,b3718f80-2259-4a8a-8154-9cb7fb037515,anarkali,11-06-2025,5545,3740,,FALSE,,,97,8,3,0.0138,bridal,pastels,festive,0.9775,fair,0.47,olx
7ff5ad4b-d83b-4f81-9089-e6f7432cf89a,032edc00-587a-4209-b3e3-9254f992b496,jeans,09-06-2025,2480,1330,,FALSE,,,81,8,1,0.0134,minimal,pastels,all_season,0.55,like_new,0.76,meesho
f09c3f77-a270-4f4b-832c-a9078d1c1251,,lehenga,17-07-2025,9470,9400,,FALSE,,,346,36,2,0.0603,bridal,metallics,festive,0.9775,fair,,olx
027cea50-11fc-47cb-9909-0e7d0bb36d8f,,other,01-05-2026,3160,1750,1590,TRUE,111,0.5032,6487,170,10,0.2838,casual,neutrals,all_season,0.4,like_new,,olx
7e4fbb2c-caca-4938-9e7c-41be0f3e790e,,lehenga,12-12-2025,9470,2800,,FALSE,,,46,26,0,0.0436,ethnic,metallics,festive,0.8625,good,,meesho
4b6d2e9d-46f9-4599-9bf6-32808076c1df,a48c3916-91e9-4c72-9987-ffe90eabde99,jeans,02-10-2025,2480,860,,FALSE,,,325,21,3,0.0351,casual,brights,all_season,0.4,good,0.59,meesho
33759bd7-4203-4380-9624-b512b02ef9bb,,jacket,15-01-2026,13040,7110,6980,TRUE,42,0.5353,7419,598,6,0.9967,streetwear,darks,winter,0.6825,good,,olx
a75a5f82-8753-4480-b11f-d5c6a8457e49,fcd8a3ee-7b63-4898-8c80-efe1c83850ad,trousers,25-08-2025,5970,3280,,FALSE,,,314,23,1,0.039,formal,brights,all_season,0.45,like_new,0.78,olx
57bb569d-5847-480a-9dda-0ba6b9086b61,,formal_shirt,07-10-2025,5820,4540,,FALSE,,,251,6,3,0.0103,formal,neutrals,all_season,0.45,poor,,olx
38ea453f-bc12-48a8-8d46-e3bc98b059ec,,blazer,18-01-2026,9830,2690,,FALSE,,,307,40,2,0.0676,casual,darks,all_season,0.4,poor,,olx
274160bd-34e8-4c8c-b428-b0e6cffae98b,,tshirt,26-07-2025,3690,1880,,FALSE,,,161,31,1,0.0518,streetwear,darks,all_season,0.65,like_new,,olx
7b7e70dd-e861-46a4-9d6f-bcdc5b7b83ac,,dupatta,14-11-2025,6070,5350,4630,TRUE,103,0.7628,2741,32,5,0.0534,fusion,darks,festive,0.92,fair,,manual
b988fdaa-6e1b-4bf2-a8b1-a995bc19a519,,blouse,14-06-2025,5070,2400,2270,TRUE,87,0.4477,7061,47,14,0.0787,ethnic,prints,festive,0.8625,good,,kaphor
3844c215-a859-4d65-86f3-c1cea0f89f60,,kurta,13-10-2025,7060,3270,3230,TRUE,90,0.4575,2121,259,8,0.4331,ethnic,metallics,all_season,0.75,poor,,olx
4809f203-fc85-429e-86c0-0542385df6ac,e7554a24-12ad-4055-98ff-622b85b81e62,jacket,19-03-2026,8050,7960,,FALSE,,,226,14,3,0.0233,casual,metallics,all_season,0.4,like_new,0.8,olx
59783415-4915-4f7b-926b-5acaf5277aac,,tshirt,29-08-2025,1420,1150,,FALSE,,,137,12,3,0.02,casual,neutrals,all_season,0.4,new_with_tags,,olx
9d4333ba-9c41-4cff-b161-ed3566000f19,84dfb060-3523-4728-9426-a75e7bf85882,saree,05-02-2026,14100,14100,12170,TRUE,115,0.8631,6101,500,1,0.8333,bridal,neutrals,festive,0.9775,like_new,0.81,meesho
c64647fd-e5eb-4a23-98ae-ee247473ea35,3dde9415-b584-43e4-91f9-57af80f6f8e2,tshirt,08-12-2025,2520,1160,,FALSE,,,376,27,2,0.0451,casual,metallics,all_season,0.4,poor,0.18,olx
ec34bbec-2ca5-4970-9d77-11051a801e66,a53987f3-d234-417a-ace4-6131a9157b6a,saree,28-02-2026,14100,14100,12420,TRUE,66,0.8809,5581,52,8,0.0867,bridal,prints,festive,0.9775,good,0.65,olx
5e9e4504-c5ae-48aa-9dca-69b9f777bb62,,kurta,02-03-2026,7060,5850,,FALSE,,,371,45,3,0.0753,casual,neutrals,festive,0.46,fair,,olx
f115f55a-0451-4171-9678-a9a593ab748c,,kurta,03-06-2025,7060,5500,,FALSE,,,139,10,1,0.0167,casual,neutrals,festive,0.46,good,,olx
eebb09e3-f417-4aba-a1e9-c71ee0d73af2,8bb90f13-6957-4d37-b872-068084468ca9,formal_shirt,30-12-2025,8530,3690,3220,TRUE,85,0.3775,3916,525,4,0.899,formal,metallics,all_season,0.45,fair,0.43,olx
23ca9ca5-2031-4ce7-b097-373ad1e44f67,6e7c0f3b-5bfb-46a1-9602-300f039eb757,blazer,10-07-2025,5765,870,,FALSE,,,214,13,0,0.022,"casual,formal",prints,all_season,0.425,good,0.61,olx
f60f9f11-f717-4f96-9b50-714d63323de4,681b3aa9-0f28-4fec-a7bf-30cbbc9977ec,shirt,07-04-2026,2670,770,760,TRUE,49,0.2846,3604,166,1,0.279,casual,brights,all_season,0.4,like_new,0.89,olx
d3ab3c88-49e8-4b1c-b4bc-ee6c3ee825f4,,lehenga,20-11-2025,17140,10100,8710,TRUE,87,0.5082,5378,417,10,0.6985,bridal,prints,festive,0.9775,like_new,,olx
d9d88199-42f4-4e0d-a479-5f0e5b9996c0,,other,09-09-2025,2290,1800,1620,TRUE,10,0.7074,1236,364,3,0.6077,casual,metallics,all_season,0.4,new_with_tags,,olx
f6bad62a-3186-4713-a289-5bb5926932f4,48720325-302a-4c30-afaa-d4afb36b2589,trousers,29-08-2025,5970,1320,,FALSE,,,257,7,0,0.0119,casual,neutrals,all_season,0.4,like_new,0.8,olx
b2751040-923a-4a6d-80d9-3c7a95d21dd4,6c76dd1a-65a1-4c54-bf39-579d41d79083,anarkali,23-02-2026,9010,5820,,FALSE,,,362,42,3,0.0723,bridal,pastels,festive,0.9775,like_new,0.85,olx
28e3325b-0d7f-4a81-ac9a-6c119fb67ba3,9267aa7b-0c86-4d62-9f36-b61892fa06d0,sweater,06-07-2025,11165,1190,1160,TRUE,61,0.1039,1612,419,9,0.7018,casual,metallics,winter,0.42,like_new,0.76,olx
0ab1f43d-a481-4fd7-8060-10b4093cbcff,c233b5f7-db7d-4aa5-bea4-e869ae77e6b9,lehenga,31-03-2026,2590,800,,FALSE,,,184,44,1,0.0737,ethnic,darks,festive,0.8625,fair,0.36,olx
0bd3f39e-8226-4bc7-b862-f5052cdecf91,,shorts,23-04-2026,2690,2460,,FALSE,,,117,24,1,0.04,athleisure,brights,summer,0.665,fair,,olx
41ce0f46-7a24-40d7-914c-229288db9400,,formal_shirt,02-03-2026,8030,4880,,FALSE,,,343,42,1,0.0719,"officewear,formal",brights,all_season,0.45,like_new,,meesho
d850e01a-dfa2-480e-910d-cb43d75b925b,,other,08-12-2025,3160,2130,1940,TRUE,106,0.6139,4570,266,3,0.4441,casual,neutrals,all_season,0.4,like_new,,olx
8ed56deb-432f-4317-b09c-aa71f845a621,89db749e-afba-4642-a334-1d31e68d5a1c,activewear,29-04-2026,4900,1440,1400,TRUE,83,0.2857,2533,488,9,0.8188,athleisure,darks,all_season,0.7,new_with_tags,0.97,olx
492d2d6f-ae66-42a0-87a5-c98b8b21452c,e8a2d223-c65f-444e-8597-8e7dd6dfb63e,tshirt,13-08-2025,2520,510,,FALSE,,,481,39,1,0.0651,casual,neutrals,all_season,0.4,fair,0.52,olx
12fd3998-8dbd-46a0-a8ee-c8158ddd5501,a5fbf15b-2676-4778-90c1-a384de48a6b3,jeans,12-07-2025,1460,760,,FALSE,,,158,17,2,0.0284,casual,prints,all_season,0.4,good,0.59,olx
aae9c64b-127a-4f51-bc96-215e4ea5d5c6,,saree,27-04-2026,21540,10100,9400,TRUE,72,0.4364,452,435,15,0.725,bridal,darks,festive,0.9775,good,,manual
50cc5006-c9da-49c8-91f2-0b954a6eb5bc,,saree,02-10-2025,14100,14100,13880,TRUE,77,0.9844,6082,307,10,0.5117,bridal,neutrals,festive,0.9775,like_new,,kaphor
55253dd1-c9f9-4353-9848-3e56bb4a2794,,kurta,01-01-2026,7060,2570,,FALSE,,,227,14,0,0.0234,ethnic,neutrals,all_season,0.75,good,,meesho
ecfe3e49-3784-4049-a61f-ca74d5a8252c,74335ec8-090a-4623-b02c-6481d8295e69,lehenga,05-07-2025,9470,1170,1160,TRUE,15,0.1225,3338,118,13,0.1977,ethnic,darks,festive,0.8625,good,0.7,olx
427d9250-5a82-4f0e-acc7-03358879772e,,tshirt,09-08-2025,2520,1540,,FALSE,,,457,3,2,0.005,casual,metallics,all_season,0.4,like_new,,meesho
ee10ef26-5ab3-4cc0-ae91-a09691c3c95f,,jacket,14-10-2025,8050,1800,,FALSE,,,362,31,2,0.0517,casual,darks,winter,0.42,like_new,,olx
37b5d946-cac0-4b23-8eb6-b77cf52e1d52,4a90105a-542e-444d-84be-a012c1d1c15d,jeans,07-05-2026,3040,2190,1950,TRUE,61,0.6414,1577,544,3,0.9097,minimal,darks,all_season,0.55,like_new,0.77,olx
af1af623-9b9c-486b-bea4-4301c79214d9,,saree,17-07-2025,14100,5200,,FALSE,,,140,44,3,0.0733,casual,brights,festive,0.46,like_new,,olx
4de5e665-9922-44a8-8e4f-e8bd709eff29,94a77c2e-3cdd-4b5f-9059-e46573f9b49c,trousers,26-02-2026,5970,1360,1210,TRUE,19,0.2027,3725,451,10,0.7657,"casual,formal",prints,all_season,0.425,good,0.6,olx
ffcfd995-374f-4409-8acf-d0868284099f,28d24956-d494-4430-ab6a-96e211369cd4,saree,13-09-2025,18330,4710,4050,TRUE,45,0.2209,5698,523,7,0.8717,casual,pastels,festive,0.46,poor,0.23,kaphor
9e6fe83a-3b02-45a9-907c-44b89f5ee3bc,657eccf0-ec37-49ac-ac1c-762a9d48bd46,lehenga,03-12-2025,80260,42100,,FALSE,,,169,31,1,0.0519,casual,pastels,festive,0.46,good,0.71,olx
b613a1d9-b129-4f79-a15b-52d39982a804,,shirt,06-01-2026,4650,2490,,FALSE,,,66,12,1,0.0202,casual,neutrals,all_season,0.4,like_new,,olx
5ce3f387-bf62-4f3f-ac33-674251ced4a3,9c9fdf49-ab69-4ab6-b75c-a36204c46e81,saree,27-12-2025,14100,14100,12340,TRUE,104,0.8752,2028,449,14,0.7483,casual,pastels,festive,0.46,good,0.59,olx
ac9ae494-c423-43de-9874-475d80f923d3,7fb34b2b-3827-42e1-bc53-fcab3a3fa772,lehenga,17-12-2025,9470,3950,3860,TRUE,98,0.4076,7691,261,14,0.4372,ethnic,pastels,festive,0.8625,poor,0.19,olx
e596ef02-f8c7-4051-9460-85c3ff47ce49,e5d19670-6d09-4b0d-bea8-dae5ea4623ff,other,02-02-2026,3160,2030,1860,TRUE,12,0.5886,3397,285,15,0.4758,casual,pastels,all_season,0.4,good,0.63,olx
087055dc-161c-4512-ace4-d69d4569f192,a0e3ce16-9dae-4078-b181-895e04a7823a,sweater,14-07-2025,11165,6190,,FALSE,,,485,42,3,0.0704,casual,pastels,winter,0.42,poor,0.15,meesho
ddeef05f-0e7e-4b24-b539-a71f1872ee6d,,shorts,06-12-2025,2690,370,330,TRUE,84,0.1227,2358,242,8,0.4033,casual,neutrals,summer,0.38,like_new,,olx
fefb592c-a1ca-4212-9ad3-21b1a3f11224,,formal_shirt,23-11-2025,5820,3400,,FALSE,,,480,0,0,0,"casual,formal",brights,all_season,0.425,poor,,olx
a24f597f-d617-4eb2-9536-733a91d3f8bf,,skirt,17-07-2025,2985,350,,FALSE,,,112,29,2,0.0483,casual,metallics,all_season,0.4,fair,,olx
97108291-d837-4b3f-b812-eaebc0c2ac45,,activewear,05-03-2026,4900,1040,,FALSE,,,23,25,2,0.0419,casual,pastels,all_season,0.4,new_with_tags,,meesho
ccfa5b44-13c3-4db7-8abf-e82015e0e7e2,,blouse,25-06-2025,7880,2550,2280,TRUE,34,0.2893,5849,159,8,0.2663,casual,prints,festive,0.46,good,,olx
153b7d19-840c-4fb3-9f7e-c0b2a9ffcc1b,ba199034-3221-465e-b629-5bbb5e577e2c,saree,16-04-2026,14100,14100,12330,TRUE,60,0.8745,252,272,6,0.4533,casual,neutrals,festive,0.46,poor,0.17,olx
cfc0bb92-1164-4915-b29e-9a0e13c03d68,3328108d-a6e6-4da0-aedd-936805e6181f,jacket,30-08-2025,8050,6180,,FALSE,,,31,22,0,0.0367,casual,darks,all_season,0.4,like_new,0.8,olx
de939a7c-e2cf-4f6e-8d7f-660a48f30485,a83441eb-f7ec-45fe-8c60-fe2634a9cd85,jeans,01-10-2025,4710,1180,,FALSE,,,105,33,0,0.0552,streetwear,brights,all_season,0.65,poor,0.22,olx
be661f3b-b6f7-46cf-8812-f04d92dd4727,d490a9c7-8ab9-4145-9339-708ec9326761,activewear,21-10-2025,4900,2950,2590,TRUE,110,0.5286,6421,175,14,0.2936,athleisure,prints,all_season,0.7,poor,0.15,olx
1cdea2c4-b661-490a-bf17-ec456bc9c1e3,,tshirt,04-01-2026,2520,1410,,FALSE,,,478,37,1,0.0618,casual,brights,all_season,0.4,good,,olx
cdc0a383-2ab7-48c2-8750-3b3bc4512d27,2ff2f201-798e-45bc-a02a-290d9b58994e,saree,25-12-2025,14100,14100,,FALSE,,,463,11,1,0.0183,bridal,pastels,festive,0.9775,like_new,0.78,olx
758a8806-a24a-431e-bc23-8989acd31ba1,6df1d043-5780-414a-8485-3dbb4addad97,anarkali,20-10-2025,5545,2620,2410,TRUE,55,0.4346,651,154,2,0.2651,ethnic,darks,festive,0.8625,new_with_tags,0.91,olx
3816b30a-7b1e-4d5d-b0c4-f121ad0a031e,,jacket,10-04-2026,8050,2630,2350,TRUE,93,0.2919,5798,600,7,1,casual,darks,all_season,0.4,good,,olx
3c27f004-e0d1-44cb-91d8-3ea92725f130,,jacket,06-02-2026,8050,4480,,FALSE,,,142,40,3,0.0667,casual,neutrals,winter,0.42,new_with_tags,,olx
e1642664-ca3a-496b-a1f5-4170be5ec340,,skirt,10-01-2026,4500,2470,2360,TRUE,16,0.5244,3495,166,9,0.2767,casual,metallics,all_season,0.4,good,,olx
e0694ca8-11d8-4169-9d01-f41ca6054efc,,formal_shirt,20-08-2025,5820,2450,,FALSE,,,395,23,1,0.0394,formal,brights,all_season,0.45,good,,olx
5b4d22a4-8a17-437c-bb16-be0c73f211a3,e5189920-d26b-495f-b7bd-389ef4a4f3fe,jacket,26-02-2026,8050,4330,,FALSE,,,281,20,0,0.0333,streetwear,pastels,winter,0.6825,good,0.62,olx
bd7ba322-409a-47ce-825f-53b16fb36289,b45958de-9f67-48f0-930b-40d29c547a39,formal_shirt,06-07-2025,5820,4170,,FALSE,,,487,30,3,0.0514,formal,prints,all_season,0.45,new_with_tags,1,olx
c8cc0853-a83a-4514-9ef6-11d3f69cd62b,617609f0-d3ba-4b8a-9df6-157e0848240d,jacket,01-12-2025,8050,3510,3210,TRUE,65,0.3988,678,394,6,0.6567,casual,brights,all_season,0.4,good,0.74,olx
63ea21f8-63fa-4685-9cb7-1fed6927185b,7bca7090-6e9b-4cd8-afb7-bfb44788a018,saree,16-02-2026,14100,5170,,FALSE,,,365,33,0,0.055,ethnic,metallics,festive,0.8625,like_new,0.79,olx
aa323b19-2c81-42d5-9cd3-ff9293717b8b,,activewear,14-06-2025,4900,520,510,TRUE,34,0.1041,1648,129,2,0.2164,casual,prints,all_season,0.4,like_new,,olx
298716e6-229c-4bb2-bb82-1d1e7153f55a,7fc3f601-000f-44ba-a9cd-7c129492c119,tshirt,07-11-2025,2520,1760,,FALSE,,,347,32,0,0.0534,streetwear,metallics,all_season,0.65,like_new,0.77,olx
49d34d49-53de-4ad4-9375-4ab5da269f58,f03840ac-fd10-4241-b7c3-f08f8ebe5ccc,jeans,07-02-2026,1080,740,,FALSE,,,144,7,0,0.0117,minimal,darks,all_season,0.55,like_new,0.85,olx
a72576a4-3886-4804-855b-b827a60eb696,1032fd74-5bbf-4704-98ab-40f9713e1983,trousers,08-11-2025,5970,4240,,FALSE,,,378,38,1,0.0645,formal,brights,all_season,0.45,like_new,0.78,olx
41b4e5e1-d3d6-4fa6-8c35-ab62cf38e35b,,shorts,03-06-2025,1800,1460,1250,TRUE,83,0.6944,7414,483,3,0.805,casual,neutrals,summer,0.38,new_with_tags,,olx
d0ec6231-bd67-4b00-b830-2c99813c83e0,,jeans,21-11-2025,2480,1400,,FALSE,,,231,32,3,0.0535,casual,neutrals,all_season,0.4,like_new,,olx
7b8623f1-49f3-4060-b682-70c6caead812,,jeans,11-08-2025,2480,1390,1210,TRUE,58,0.4879,7694,573,3,0.9582,minimal,neutrals,all_season,0.55,good,,olx
79c08a62-5996-4900-95b3-b7d5a20ac858,,shorts,17-07-2025,9660,1480,,FALSE,,,380,20,3,0.0333,athleisure,neutrals,summer,0.665,poor,,olx
db56f7a2-51da-42f1-9b92-4428cc08918e,26aaa346-705e-4731-9466-717ee05b0c01,other,26-06-2025,860,450,,FALSE,,,55,16,1,0.0267,casual,neutrals,all_season,0.4,good,0.6,olx
ec28cf85-e717-45ca-a0a5-c809fa17cb13,,sweater,06-01-2026,11165,6940,6080,TRUE,34,0.5446,2711,556,7,0.9313,minimal,pastels,winter,0.5775,like_new,,olx
9f12e4b0-e5d8-4f55-92ee-45299a7ba513,8d6753fa-a959-44b9-b377-e3a6e67e4f1f,coat,12-11-2025,7740,5150,,FALSE,,,158,33,3,0.0578,casual,brights,winter,0.42,like_new,0.77,olx
2ce59197-0071-4ce0-b20a-fbd68cb22d54,963e8f43-e9cd-46fb-b28b-b6e459c4fdc8,tshirt,12-09-2025,4090,2440,2090,TRUE,56,0.511,2537,433,6,0.7229,minimal,neutrals,all_season,0.55,good,0.72,manual
05de911d-067f-4136-ad7e-74c594d07a41,292fd957-89be-4a95-a64f-97dc2345dc77,activewear,07-01-2026,4900,970,,FALSE,,,435,33,3,0.0554,athleisure,darks,all_season,0.7,poor,0.33,olx
a267289f-2bf3-48ce-8f95-08a80d84ceee,,formal_shirt,02-04-2026,29850,4240,,FALSE,,,476,4,2,0.0068,"officewear,formal",brights,all_season,0.45,poor,,olx
78969a13-ef88-4670-a837-78b2085707f3,,anarkali,10-12-2025,5545,2240,2070,TRUE,24,0.3733,1670,255,11,0.4389,casual,metallics,festive,0.46,good,,olx
85c46095-8883-4e56-a9cf-2797e4574f0d,02658964-37a8-44be-9aff-4aefee514e5d,dress,02-08-2025,5980,870,780,TRUE,39,0.1304,3887,500,9,0.9107,formal,brights,all_season,0.45,good,0.62,olx
3a226ed8-9cdb-46a0-97ab-d46a3f77f795,,lehenga,01-06-2025,9470,1120,,FALSE,,,477,35,2,0.0586,ethnic,pastels,festive,0.8625,like_new,,olx
bf16fbfa-0961-47d0-be8b-c6fe03c4d56c,2364c354-a061-4f81-89ba-0c527a37065a,jeans,18-02-2026,2480,1440,1310,TRUE,64,0.5282,4951,595,2,0.995,casual,darks,all_season,0.4,good,0.68,olx
05c8688a-4002-4f62-8d7e-5071cc76457d,e4d8d185-48fd-4c2a-9357-d3640e22ad63,blazer,14-01-2026,5765,4030,,FALSE,,,213,38,3,0.0642,officewear,brights,all_season,0.45,new_with_tags,0.92,kaphor
87ce0e8a-06f2-4505-94a1-829e2caafb09,4bc12069-fece-40f6-9a75-f06d9674bd84,jeans,23-04-2026,2480,1090,,FALSE,,,284,14,0,0.0234,casual,prints,all_season,0.4,poor,0.22,olx
e882c89f-c6f7-417b-b2a0-ef8040c6dcae,50ba2c03-56cd-4988-939a-08d1686bc21c,trousers,31-03-2026,5970,2550,,FALSE,,,344,11,3,0.0187,"casual,formal",darks,all_season,0.425,good,0.63,olx
90d51527-89da-44ec-8736-33297656b797,668c8d29-8af6-4794-aed2-e13b3a8a550a,tshirt,08-05-2026,2520,1470,,FALSE,,,235,33,2,0.0551,minimal,prints,all_season,0.55,like_new,0.77,olx
224bd2b0-9951-4b79-8754-7fdb99b45e23,9c23e948-90d2-440f-9986-ed79735b0f0b,saree,31-10-2025,14100,14100,,FALSE,,,278,19,1,0.0317,bridal,pastels,festive,0.9775,like_new,0.79,kaphor
11350ee9-471a-4f9d-b892-ba626e09ac5a,e8c224d4-82fe-4da6-9f6a-0760fd407de4,tshirt,18-11-2025,2310,1470,1290,TRUE,90,0.5584,1344,513,7,0.8564,streetwear,pastels,all_season,0.65,like_new,0.77,olx
87f1f363-1e9b-4398-adf4-98dfb069b27f,c3364edf-d2fd-4a55-b800-3badbb0fab6f,trousers,03-06-2025,5970,1230,,FALSE,,,72,28,3,0.0475,casual,brights,all_season,0.4,good,0.56,olx
3bf5eb5d-c409-40ad-99cd-84f44158cfa3,668e72a7-5c59-496d-ac16-ecb731746d07,saree,15-08-2025,14100,14100,,FALSE,,,268,32,0,0.0533,bridal,pastels,festive,0.9775,good,0.57,olx
ae4b9f18-18fe-473a-8a07-56fd37f4832b,9d9dcba4-bd77-4a46-85f2-43a58051ac18,shorts,25-12-2025,2690,1500,,FALSE,,,87,3,3,0.005,casual,brights,summer,0.38,like_new,0.76,olx
27fd8ab4-59bf-4001-9ce7-e9244fedca79,,tshirt,13-03-2026,2520,1480,,FALSE,,,421,3,3,0.005,casual,metallics,all_season,0.4,good,,olx
44a70095-2620-4326-b374-9ee4547ee7a3,,jeans,07-01-2026,2480,400,,FALSE,,,327,36,3,0.0602,casual,brights,all_season,0.4,like_new,,olx
d483109d-bc33-4ea6-8482-57f783e63342,0488f16b-1104-47ec-b7e5-6cb96ec7c6c7,formal_shirt,28-10-2025,5820,1500,,FALSE,,,361,29,1,0.0497,formal,prints,all_season,0.45,fair,0.48,olx
f5640078-e603-4e25-98f0-9eaaf4720fce,89a513ae-91b4-484b-ab33-8178352e4565,dupatta,17-11-2025,6070,2100,1900,TRUE,73,0.313,6554,502,6,0.8381,fusion,darks,festive,0.92,poor,0.18,olx
30f1332a-85ff-4fb7-a44e-0705d58a217f,820e0231-696e-4181-94b6-e0e77574eb0a,blouse,09-02-2026,7880,3680,,FALSE,,,417,40,3,0.067,ethnic,prints,festive,0.8625,good,0.68,manual
2321b928-d65b-4ddf-a2c8-6f72f8c37c62,643346d5-4522-4ecf-a34f-86cc61b41428,jeans,07-10-2025,2480,1740,,FALSE,,,335,19,3,0.0318,minimal,prints,all_season,0.55,new_with_tags,0.94,olx
a6839b0d-27f1-42d2-9fdd-57e6c600a260,3e1400cc-0ffe-42de-830c-d1746574771a,shirt,12-09-2025,2670,1250,,FALSE,,,326,23,3,0.0387,streetwear,darks,all_season,0.65,like_new,0.83,olx
f40570cb-217e-460c-b719-08501aa8affc,,activewear,27-03-2026,4900,2840,,FALSE,,,252,24,2,0.0403,casual,brights,all_season,0.4,good,,meesho
7c4ac586-76c2-4ae4-aaf2-0f5fc302ba6d,cab8d688-cdbb-4d4f-8816-7ede931cddfc,saree,24-12-2025,14100,14000,,FALSE,,,303,0,3,0,ethnic,metallics,festive,0.8625,good,0.6,olx
eb55fff4-dc9b-4762-b380-df155995a738,6d9fae31-e9ac-4d58-bbe8-48aa447ad73f,trousers,18-06-2025,5970,3520,,FALSE,,,63,21,0,0.0357,formal,brights,all_season,0.45,fair,0.45,olx
a0e87c28-7948-421e-86f6-d224614698aa,,trousers,23-12-2025,7320,3160,,FALSE,,,22,0,3,0,casual,brights,all_season,0.4,fair,,olx
b12e71a2-d1c7-4118-9d10-f9408f139ff7,fe4e2d54-1138-4990-a975-146cedc8f4c7,lehenga,02-04-2026,5770,3100,2900,TRUE,37,0.5026,1013,551,4,0.9229,ethnic,prints,festive,0.8625,like_new,0.83,kaphor
269ac61c-e05c-4f1e-b9db-7f51e5a5dfa0,6526cabe-83d0-4ee2-a6be-20d96515fd70,saree,14-04-2026,9860,5350,,FALSE,,,249,40,2,0.0667,ethnic,darks,festive,0.8625,good,0.69,meesho
e21752b8-056e-4799-a948-75697db4a4b3,,shorts,07-03-2026,2690,1470,1310,TRUE,113,0.487,3071,95,15,0.1583,casual,metallics,summer,0.38,fair,,meesho
d4786323-beb2-4241-a396-3e379b969e82,,tshirt,19-12-2025,2520,1110,1010,TRUE,63,0.4008,1246,165,2,0.2755,minimal,neutrals,all_season,0.55,good,,olx
3af209b8-6dee-4933-a144-78f7b028eac6,,saree,26-04-2026,50450,21900,,FALSE,,,401,21,0,0.035,bridal,metallics,festive,0.9775,good,,olx
d6fce0eb-3cce-4ce5-908d-a0bfbfac6a70,,dupatta,18-11-2025,4770,2900,,FALSE,,,257,20,3,0.0334,fusion,metallics,festive,0.92,like_new,,olx
4ded9282-471f-4d32-a5a3-88704399be4d,,tshirt,17-10-2025,2400,1320,,FALSE,,,101,26,3,0.0434,casual,brights,all_season,0.4,good,,olx
33328faf-b483-499a-bc20-54d403bb186c,,shirt,08-09-2025,2670,880,,FALSE,,,208,17,0,0.0286,casual,prints,all_season,0.4,good,,manual
d9d96e97-2f41-4b2c-9cc8-3f11138b60be,ec1ec658-933b-4658-839e-b31cf50151c6,other,05-04-2026,3160,1110,,FALSE,,,461,36,1,0.0601,casual,darks,all_season,0.4,good,0.59,olx
d3166d58-2d30-4649-982f-d07ad11dde5b,,activewear,27-07-2025,4900,2860,2700,TRUE,87,0.551,5432,376,12,0.6309,athleisure,pastels,all_season,0.7,good,,olx
47696438-e4aa-4a73-ab2e-bb218314da1d,d92dc750-4d12-4dbc-9bc5-a0be4780438c,tshirt,21-09-2025,1110,640,,FALSE,,,296,42,3,0.0701,casual,brights,all_season,0.4,like_new,0.82,manual
65293278-2a62-40ab-9ef4-8c6c060cda43,,tshirt,18-11-2025,1810,1540,,FALSE,,,80,18,0,0.0301,streetwear,brights,all_season,0.65,new_with_tags,,olx
1013240c-aa57-4a33-b6d2-931fc0754939,,lehenga,12-08-2025,9470,9470,,FALSE,,,278,4,1,0.0067,bridal,pastels,festive,0.9775,like_new,,olx
5b55dc82-7ea4-4904-8c46-061819e06fb5,,dress,07-07-2025,5980,2810,,FALSE,,,317,35,0,0.0638,officewear,brights,all_season,0.45,like_new,,olx
7d81f4de-7776-4da0-9b9d-32c8d2521d9b,dac6a04f-1542-4c83-9f06-13cc140c0e7f,trousers,19-01-2026,5970,3930,,FALSE,,,22,34,2,0.0577,"casual,formal",neutrals,all_season,0.425,poor,0.2,meesho
6d0b61e0-dbe8-4de1-88e5-41ff7ec977c6,,blazer,30-10-2025,5765,3640,,FALSE,,,300,45,1,0.076,"casual,formal",darks,all_season,0.425,new_with_tags,,olx
3668acc4-be55-477c-bd50-a523496e47b7,,shirt,01-11-2025,2670,2260,2160,TRUE,109,0.809,1534,453,2,0.7613,casual,brights,all_season,0.4,good,,meesho
00e4fd97-955b-477a-9511-dc6006b63a22,,tshirt,08-12-2025,2970,2190,,FALSE,,,12,2,3,0.0033,athleisure,darks,all_season,0.7,new_with_tags,,olx
7b5d8a6e-0c11-401d-8439-fda42a80de53,08243674-16c1-4534-a43c-0b2b9eace569,lehenga,10-10-2025,9470,9470,,FALSE,,,134,40,2,0.067,casual,pastels,festive,0.46,fair,0.36,meesho
363d5b30-0d2b-47e7-8835-27ce7453a7b8,,skirt,15-05-2026,2985,760,680,TRUE,117,0.2278,7742,571,11,0.9517,casual,prints,all_season,0.4,like_new,,olx
a9d2e2f8-6d0c-4bd2-8f47-396f74b3e829,153aeae6-0237-4e11-b423-1609cd1d6df7,shorts,17-05-2026,2690,500,490,TRUE,27,0.1822,7272,362,5,0.6033,casual,metallics,summer,0.38,fair,0.44,manual
4aff220f-0949-4b3c-a74e-6b4ccf026a60,,tshirt,21-05-2026,2520,1270,,FALSE,,,373,7,1,0.0117,athleisure,prints,all_season,0.7,poor,,olx
22936081-919d-4d17-b87f-bc1fca155d5d,,saree,05-12-2025,14100,1110,,FALSE,,,84,22,3,0.0367,ethnic,prints,festive,0.8625,good,,olx
718bf8a4-d6a4-412c-965a-a228804466b3,,jeans,22-07-2025,1810,1400,,FALSE,,,268,32,0,0.0535,casual,pastels,all_season,0.4,new_with_tags,,olx
08413171-093b-4658-ba37-f36e7c184ca4,89ee98be-3e5d-4157-9dff-139e209ce54b,shirt,09-03-2026,2670,900,,FALSE,,,462,35,1,0.0588,casual,metallics,all_season,0.4,good,0.59,olx
b32a57d8-d381-49e3-8b78-ea10f0f43ab9,4e8c5943-fdba-4922-9f51-0e953e2bb1bc,jeans,13-08-2025,3060,2190,,FALSE,,,237,36,2,0.0602,minimal,prints,all_season,0.55,new_with_tags,0.99,olx
d7d80714-2b6c-42a2-8ee8-1a06e7753d65,,saree,01-11-2025,14100,4950,4670,TRUE,55,0.3312,6350,29,5,0.0483,ethnic,darks,festive,0.8625,good,,olx
ad23ae4f-6a81-49fb-9887-ceb0ba1d71be,,saree,26-07-2025,5430,960,960,TRUE,69,0.1768,1931,597,15,0.995,ethnic,pastels,festive,0.8625,poor,,olx
963c2837-8ed8-4489-94d7-8ab1c7faa297,053e0634-62e0-4cad-8901-2725c4b08981,sweater,28-09-2025,13240,7690,7290,TRUE,19,0.5506,7254,523,8,0.876,casual,brights,winter,0.42,good,0.6,olx
deb1f826-024c-44d3-aec2-4ab54fc8dde4,,skirt,10-09-2025,2985,1410,,FALSE,,,98,36,3,0.06,boho,metallics,all_season,0.5,like_new,,olx
656ec061-db09-4806-8d13-36dd0507176b,607a656a-046b-4e63-8652-5f3c1e74c23f,sweater,29-11-2025,4450,3640,,FALSE,,,190,17,2,0.0285,casual,brights,winter,0.42,new_with_tags,0.96,olx
98e8dd66-36d2-474b-8911-7c1379b25094,b9d47b59-47b1-44ca-9b3b-dc261a5b24bb,blouse,21-11-2025,7880,4170,3720,TRUE,65,0.4721,6581,597,1,1,bridal,pastels,festive,0.9775,good,0.71,olx
c142a2f7-39b0-47ed-a6a6-a158b9010486,4c831528-f826-40bd-bf8a-7c7429178023,skirt,27-02-2026,2985,700,,FALSE,,,182,0,1,0,casual,prints,all_season,0.4,like_new,0.78,olx
dd77eb44-df9e-4434-9bad-4dae3acac2e2,3f962f36-7ec4-47a7-a846-7c5f4f0663c9,coat,05-01-2026,9620,2030,1800,TRUE,69,0.1871,5089,36,8,0.063,casual,prints,winter,0.42,new_with_tags,1,manual
f4e79cbd-afac-4159-bb39-a96fc63222db,,saree,16-03-2026,14100,3340,3160,TRUE,99,0.2241,5848,315,15,0.525,ethnic,brights,festive,0.8625,good,,manual
f0be6fb7-149a-4a43-914d-18838e4af36a,3f2cb98e-c192-4997-8f53-c42035623f38,lehenga,07-09-2025,40220,5400,5130,TRUE,99,0.1275,2097,81,12,0.1357,casual,metallics,festive,0.46,poor,0.16,olx
a1c69034-9e69-4e02-8a88-c7e5682d2451,,trousers,22-12-2025,5970,2330,,FALSE,,,497,38,1,0.0645,formal,brights,all_season,0.45,new_with_tags,,meesho
8292a867-80bc-482c-87c1-bbce91f32ebd,75fe0162-c47c-4e5c-8f47-02e70c53cf94,lehenga,04-09-2025,9050,5580,5220,TRUE,45,0.5768,679,10,2,0.0168,ethnic,prints,festive,0.8625,like_new,0.81,olx
baed97e4-32c1-4fbb-9e05-b1a9aa921e38,a2fb413e-d718-41c7-8095-0d17ef2de350,kurta,17-04-2026,7060,4220,,FALSE,,,11,24,3,0.0401,ethnic,prints,all_season,0.75,like_new,0.78,olx
395bd14d-030a-43e4-ab8b-d90e7b96b817,f0679f10-c7c8-486d-a8c6-72dc699cf0b8,kurta,07-09-2025,3240,2300,,FALSE,,,46,26,2,0.0435,casual,prints,festive,0.46,new_with_tags,1,olx
d5a909c8-abdc-4fe6-8320-b39ef4887270,,dress,20-06-2025,5980,4100,,FALSE,,,170,37,0,0.0674,formal,brights,all_season,0.45,new_with_tags,,olx
b52c53ec-731c-43b5-bb6f-40568aee4944,9e0c5a40-cfd2-4bce-b9ad-0338f41325de,jacket,06-09-2025,8050,4960,,FALSE,,,483,32,3,0.0533,streetwear,darks,winter,0.6825,like_new,0.81,olx
1bd990fd-23d0-4ae3-87bc-b8f280231824,854e3d4a-3d38-4ef4-846d-39ef142df484,blazer,07-06-2025,5765,1110,,FALSE,,,263,6,3,0.0101,"casual,formal",pastels,all_season,0.425,new_with_tags,0.99,olx
bdeaf0f9-e81e-4386-81d6-cf7aed33fc2b,,trousers,22-04-2026,5970,1890,1750,TRUE,6,0.2931,4088,42,3,0.0713,formal,brights,all_season,0.45,like_new,,olx
a3102216-422c-4bd5-8213-aeb4b1fda9f8,5e646d47-83ed-41de-97fe-c18ccc95a947,activewear,06-03-2026,5910,1130,,FALSE,,,37,39,0,0.0654,athleisure,metallics,all_season,0.7,poor,0.12,olx
b5a389e2-3af9-4776-8c75-c1d1f91ba5f0,00e1f2f0-e3e8-46e5-a670-f5fae5229faf,formal_shirt,10-04-2026,4520,2080,,FALSE,,,416,27,2,0.0462,"casual,formal",prints,all_season,0.425,good,0.72,olx
9569816c-d479-422c-83fd-b6726b304dc9,,coat,29-06-2025,13560,7620,7440,TRUE,113,0.5487,4655,368,8,0.6445,formal,pastels,winter,0.4725,good,,manual
6edafb6c-610e-4921-a719-fb9c971ee51c,,jeans,13-01-2026,4700,1830,,FALSE,,,113,19,3,0.0318,casual,pastels,all_season,0.4,fair,,olx
9e029459-0496-4d94-9dca-35c51ed403cf,48d882c4-3128-4919-88e2-c8bbbc594f06,dupatta,20-02-2026,4870,3310,2940,TRUE,84,0.6037,1692,227,10,0.379,fusion,neutrals,festive,0.92,like_new,0.82,olx
6b48f368-ee6b-4950-8bb3-6f8ff7fe230e,781e9f8d-8d7b-4c0e-bdb9-558f825f8d75,kurta,27-12-2025,7060,3100,,FALSE,,,474,6,3,0.01,casual,prints,all_season,0.4,new_with_tags,0.92,olx
b9870dc0-d451-42ab-bf1e-0911f2535451,,trousers,11-12-2025,5970,2900,2740,TRUE,36,0.459,7290,106,10,0.18,"casual,formal",brights,all_season,0.425,like_new,,olx
510cdab2-30aa-4355-93e6-8083cd62eec5,1119416f-a1a4-4b18-807d-84e113be89e7,kurta,20-01-2026,7060,3220,3210,TRUE,24,0.4547,5431,105,10,0.1756,casual,neutrals,all_season,0.4,good,0.57,olx
2d2aac91-b1d8-4dca-a9d7-7354252f995d,24c89937-3897-486c-af5f-130d46a1e057,dress,24-11-2025,2480,1320,,FALSE,,,162,30,3,0.0546,"casual,formal",pastels,all_season,0.425,good,0.67,olx
6d9f05a8-7d1f-412a-a659-ba1ccd4146d7,03bdbd69-dfbd-47b4-8140-f3083226ca88,blazer,14-04-2026,5765,3410,,FALSE,,,70,5,2,0.0084,casual,brights,all_season,0.4,new_with_tags,0.99,olx
74487fe5-9351-43e7-b7a5-9be5fac92e65,,saree,21-07-2025,14100,1070,980,TRUE,42,0.0695,5566,480,3,0.8,casual,darks,festive,0.46,new_with_tags,,olx
d94f2040-71be-4ad9-9de6-df626f8f6cde,0f5e6da6-33f2-4ce4-80b7-cc89f79e7852,activewear,04-09-2025,8110,1320,,FALSE,,,51,27,3,0.0453,casual,brights,all_season,0.4,poor,0.22,olx
1e436f38-4cd1-4008-96e5-afa3dbf1867c,cf7c6bcc-26e8-4e1c-bbf9-cf2ec753e65d,kurta,11-08-2025,6980,4940,,FALSE,,,395,7,0,0.0117,casual,darks,festive,0.46,like_new,0.81,olx
3d4e74ec-cbaf-4f5c-bb03-5104a1bb1616,c3741cab-2ad8-4b88-833d-590d1ea0346f,trousers,19-12-2025,5970,2220,,FALSE,,,199,22,2,0.0374,"casual,formal",brights,all_season,0.425,new_with_tags,0.99,olx
f49ef85d-b818-4746-bdf3-3584cc5c5004,,trousers,12-01-2026,5970,1190,,FALSE,,,348,32,2,0.0543,officewear,pastels,all_season,0.45,good,,olx
562c31e0-25ae-4aa3-af13-64f30541f292,9790ab61-6793-4e85-abd0-15c03c431594,trousers,31-07-2025,5970,2680,,FALSE,,,237,14,3,0.0238,formal,brights,all_season,0.45,good,0.71,kaphor
213e5b2d-9ae9-430f-b3bb-49c501885dcf,,kurta,18-08-2025,36020,5320,,FALSE,,,381,11,2,0.0184,casual,metallics,all_season,0.4,poor,,olx
1fa18116-87a5-499b-a31f-21716303fdb7,85458757-7ea8-4dde-a98a-232048675c78,activewear,20-05-2026,4900,3380,,FALSE,,,357,0,2,0,casual,brights,monsoon,0.34,good,0.64,olx
cf77f15a-8502-4a9b-986e-9794ec0b4b66,2dc95c3d-6c94-407b-9551-0ff530c358fe,formal_shirt,28-01-2026,5820,3920,3440,TRUE,100,0.5911,7091,210,2,0.3596,formal,metallics,all_season,0.45,like_new,0.79,olx
2d4c7577-3f4a-4036-9ae3-51afba118245,,anarkali,20-05-2026,5545,5545,5010,TRUE,113,0.9035,4000,371,1,0.6386,bridal,neutrals,festive,0.9775,like_new,,olx
fda445fe-f7fd-4f98-84d2-f91680f1dfc4,fd516997-846e-4b94-a750-add2e241f23c,jacket,02-03-2026,8050,2060,1970,TRUE,120,0.2447,5559,30,8,0.05,casual,pastels,all_season,0.4,poor,0.11,olx
83564cdf-6ee4-43cd-8c92-e4a877100d6e,,blazer,20-06-2025,3280,1620,,FALSE,,,71,44,0,0.0743,"casual,formal",brights,all_season,0.425,good,,meesho
580fc62a-1de0-4fa6-924b-0564f0a44e0b,,lehenga,14-04-2026,49120,34400,33050,TRUE,83,0.6728,7946,279,6,0.4673,bridal,metallics,festive,0.9775,like_new,,olx
32f1edaa-382a-4863-b9d1-f53383f53aa1,f2efdf32-d7ba-496b-a7d2-4343879aaedf,jeans,01-06-2025,2480,1000,930,TRUE,20,0.375,1408,435,10,0.7274,casual,brights,all_season,0.4,like_new,0.77,manual
a8273f19-dd67-4559-92b4-b33ef4f67c2b,5b91e49b-2f2c-494b-8f83-237c1e59a52f,skirt,24-03-2026,2985,1020,,FALSE,,,7,22,1,0.0367,casual,metallics,all_season,0.4,like_new,0.87,manual
d3879483-b93e-4425-9924-6be5805a2f20,,tshirt,20-02-2026,2520,1400,1200,TRUE,110,0.4762,5533,140,1,0.2337,casual,metallics,all_season,0.4,like_new,,manual
1f2e7f0d-17f3-4399-b5cb-de05ce09a3be,4a891cd3-b7e9-4968-ae7e-8a9f11b40333,shirt,20-09-2025,2670,1360,1360,TRUE,21,0.5094,4897,185,9,0.3109,casual,prints,all_season,0.4,poor,0.23,meesho
c944625e-a342-4ef6-96d9-5cd89538f868,,tshirt,28-04-2026,2520,510,,FALSE,,,459,45,1,0.0751,casual,pastels,all_season,0.4,good,,olx
069ab702-8428-446d-a21c-adebd8c79dcb,3baaae65-d1f3-4893-b551-27374d109d19,other,06-03-2026,1120,890,,FALSE,,,140,35,1,0.0584,casual,darks,all_season,0.4,new_with_tags,0.92,olx
8f439fe4-cb63-4c21-820d-f11295613971,8a156c24-9911-410f-9218-38d9be22bdc4,shorts,04-06-2025,2690,950,890,TRUE,10,0.3309,3584,413,4,0.6883,casual,neutrals,summer,0.38,like_new,0.82,kaphor
5e02f61a-ee82-4d90-b310-0985f347123c,15800a54-6a14-45d6-8fe4-6211658717c0,jeans,26-03-2026,3200,1610,1600,TRUE,32,0.5,7481,542,3,0.9064,streetwear,metallics,all_season,0.65,like_new,0.78,meesho
70670c97-85b4-4531-9beb-9169b7a6baaa,,coat,14-05-2026,9620,4980,,FALSE,,,401,35,2,0.0613,casual,prints,winter,0.42,like_new,,meesho
c2a85e0a-3525-473b-ae33-11b66706d225,,jacket,12-05-2026,8050,4650,,FALSE,,,402,38,2,0.0633,casual,prints,all_season,0.4,like_new,,olx
5bc15b04-d56d-4d9f-b30e-71e471c700f4,,blazer,17-02-2026,5765,1240,,FALSE,,,454,23,0,0.0389,casual,pastels,all_season,0.4,good,,olx
f3d8bc37-db93-4bbb-bd94-fae601c0e2d9,,activewear,21-07-2025,4710,1250,1240,TRUE,108,0.2633,6857,158,4,0.2651,casual,neutrals,monsoon,0.34,poor,,olx
442b34ed-7cb9-4802-a8ec-7f99ca15cb83,ec340919-ff24-4ed2-902d-1f56947c51c5,lehenga,11-10-2025,9470,9470,8270,TRUE,8,0.8733,7204,117,4,0.196,bridal,metallics,festive,0.9775,new_with_tags,0.93,olx
c5877557-882f-43c4-b082-c55066ff1e14,,saree,15-10-2025,14100,14100,,FALSE,,,177,37,3,0.0617,bridal,brights,festive,0.9775,good,,olx
c14be49d-f9f1-4839-b16b-a54dc73ad576,df441bca-d077-4916-b59e-ccd3d12d9a2c,saree,26-02-2026,14100,1690,1550,TRUE,75,0.1099,2646,497,6,0.8283,casual,brights,festive,0.46,like_new,0.79,olx
3644b2b4-0f0e-412d-bceb-310ff68fc157,,trousers,28-04-2026,5970,2740,2740,TRUE,107,0.459,7727,281,12,0.4771,"casual,formal",prints,all_season,0.425,good,,kaphor
18144760-e852-4c7b-b210-81f27fd489bc,07ca0d8a-00b3-49c9-a0a9-1161487d2b59,kurta,17-04-2026,7060,3150,,FALSE,,,211,32,1,0.0535,ethnic,darks,all_season,0.75,fair,0.44,olx
7a8473ab-722d-47da-a345-d1eb0f2bf8c6,f476dac8-caee-424e-93cf-4fbbfb4ffa8e,lehenga,05-08-2025,9470,9470,,FALSE,,,297,43,0,0.072,bridal,darks,festive,0.9775,good,0.71,olx
f9ee859c-7ddf-4187-a904-e0ab5bb27e10,1c5c384d-5492-40dd-8ad1-8d67ed6818da,jeans,20-03-2026,2480,860,,FALSE,,,46,13,2,0.0217,minimal,metallics,all_season,0.55,like_new,0.79,meesho
8eeec4c4-0f74-4706-aab3-ec96dc19d22c,,activewear,30-03-2026,4900,2920,2590,TRUE,118,0.5286,7880,355,11,0.5956,athleisure,darks,all_season,0.7,fair,,olx
a82343e0-7b03-4529-8402-f93005373c99,f29d077b-22c3-4713-8006-a83be9fa21e8,kurta,21-01-2026,7060,5790,5150,TRUE,26,0.7295,2682,47,7,0.0786,ethnic,metallics,all_season,0.75,fair,0.38,meesho
f1d80633-783d-4cf2-bd68-e8c1c685b5e9,10a92cf4-7614-4476-baf5-c430aaed1ff8,jacket,17-01-2026,2010,1170,,FALSE,,,221,45,3,0.075,athleisure,darks,winter,0.735,like_new,0.86,olx
6a78b396-bf74-4835-ae26-b27976eaa983,79c13bb5-4237-4d5a-b4fa-1cc71acb032f,lehenga,10-01-2026,4720,2950,,FALSE,,,95,18,2,0.0302,casual,darks,festive,0.46,like_new,0.8,olx
f7b24f76-91f1-458f-9f3d-d0f90d9829aa,,jeans,21-11-2025,2480,1850,,FALSE,,,32,30,0,0.0502,minimal,darks,all_season,0.55,new_with_tags,,olx
e386a13d-a9f2-4f59-96b9-d0e08d011752,ac8d660c-f4b2-473b-8aaa-35f23f6211f7,jeans,28-10-2025,2480,2330,2240,TRUE,44,0.9032,3989,322,8,0.5385,casual,brights,all_season,0.4,good,0.67,olx
6fbd519f-8c69-4005-9f06-e422319b0c06,,other,30-06-2025,4290,500,450,TRUE,51,0.1049,7088,565,5,0.9432,casual,prints,all_season,0.4,poor,,olx
e869f8e8-2a93-4bd4-a0b9-1a2d7b0d8c89,f401cd4e-94bb-4f44-8039-cfb5044db475,lehenga,09-01-2026,9470,4390,,FALSE,,,47,41,3,0.0687,ethnic,prints,festive,0.8625,fair,0.44,olx
0cd3d471-9344-4c4d-abfe-5aad70179f52,,sweater,02-09-2025,11300,6690,,FALSE,,,175,39,1,0.0653,casual,darks,winter,0.42,like_new,,kaphor
5bea2725-cd4f-42df-9187-cef43f0ea136,,shirt,01-06-2025,2670,1450,,FALSE,,,101,20,2,0.0336,casual,prints,all_season,0.4,like_new,,meesho
c7ba1c2e-d49d-4037-85c9-6c16b07d9f5d,,formal_shirt,01-12-2025,3460,1190,,FALSE,,,210,17,1,0.0291,"officewear,formal",brights,all_season,0.45,fair,,olx
847deda0-e3ca-442b-ba50-ad5e5ad6d774,,lehenga,25-10-2025,9470,9470,8210,TRUE,59,0.8669,2593,100,1,0.1675,bridal,neutrals,festive,0.9775,poor,,olx
374dd85d-b5a0-4862-8a00-c18b3c6c2a9d,efe465b5-0214-4bc6-8d5a-5ec63fabb6cc,tshirt,26-07-2025,2520,2440,,FALSE,,,490,2,0,0.0033,minimal,prints,all_season,0.55,like_new,0.79,olx
bc048272-1929-4e92-a8b3-da3f6d2754d5,,jacket,06-07-2025,11320,4520,4000,TRUE,75,0.3534,4776,11,14,0.0183,casual,pastels,winter,0.42,fair,,kaphor
b2cd35ac-0572-4658-8fe3-c57e10012c30,,tshirt,19-05-2026,2520,2060,,FALSE,,,335,10,0,0.0167,casual,brights,all_season,0.4,good,,olx
2dcf4198-b41c-49f4-955b-72108824c248,7a19b16b-4c48-4628-bccf-e987ccdf2e77,formal_shirt,30-03-2026,4680,3870,3840,TRUE,49,0.8205,292,297,2,0.5086,"casual,formal",prints,all_season,0.425,new_with_tags,0.94,olx
085a26ef-8d1e-4686-b1a0-1dff17ac33d0,6b587187-69d2-4739-b492-d906fa343988,blouse,03-10-2025,7880,5070,,FALSE,,,300,43,3,0.072,bridal,metallics,festive,0.9775,like_new,0.81,olx
7784c64b-e98c-4919-9a09-69b03a1f0206,,tshirt,20-07-2025,2520,1950,1790,TRUE,111,0.7103,379,171,8,0.2855,casual,darks,all_season,0.4,good,,olx
42876d73-ac53-453f-894b-ebed42c8264d,4a67ab74-f1fb-47ec-ba56-fb9fd2a077e3,trousers,13-05-2026,5970,770,660,TRUE,100,0.1106,5249,137,4,0.2326,formal,brights,all_season,0.45,good,0.55,olx
7257ec3e-0e86-46b8-bf9b-c757f3b8df09,c80b0a7b-c168-4024-b7c4-e6c5a464b63a,formal_shirt,01-09-2025,5820,4770,,FALSE,,,9,18,3,0.0308,formal,brights,all_season,0.45,new_with_tags,0.95,olx
e9235f72-5b1b-452f-b613-ebe4f91c11a6,,anarkali,19-03-2026,5545,3200,,FALSE,,,273,29,3,0.0499,bridal,metallics,festive,0.9775,good,,olx
19aea3f4-b07c-46b2-9ac8-094e40c5740e,,saree,28-12-2025,14100,14100,,FALSE,,,474,26,2,0.0433,bridal,brights,festive,0.9775,good,,olx
748b7103-34c5-4f21-89cf-31973a27b66a,,shorts,20-02-2026,2690,980,910,TRUE,70,0.3383,2101,97,5,0.1617,athleisure,brights,summer,0.665,like_new,,olx
07ba0f19-4a3b-4f75-99c0-cd3b1aa6f60d,,blouse,12-10-2025,22420,4960,4290,TRUE,60,0.1913,682,106,10,0.1776,ethnic,metallics,festive,0.8625,poor,,olx
9d8f794b-cb83-4caa-90c8-6140faf7474b,,shorts,28-09-2025,2690,1410,,FALSE,,,429,35,0,0.0583,casual,brights,summer,0.38,fair,,olx
b5b69a2b-df6b-4a98-9197-395ffa3b1994,,lehenga,21-11-2025,9470,9470,8400,TRUE,109,0.887,6715,597,10,1,bridal,metallics,festive,0.9775,new_with_tags,,olx
1cdf8fa4-dcbe-4693-89f9-d337a8e909ad,d1a4bc88-cdc3-44c3-88b1-01e845918f97,saree,25-06-2025,14100,3790,,FALSE,,,247,14,0,0.0233,casual,prints,festive,0.46,like_new,0.86,olx
b7de1268-3a94-4311-962a-79f927955412,a575a4cf-656c-4eb0-969b-24408b93b47d,coat,13-03-2026,9890,3210,,FALSE,,,53,43,2,0.0753,casual,darks,winter,0.42,fair,0.45,olx
0401002d-87b8-4a65-a278-65a196634eac,2bbdf53d-bf66-4dbc-9175-92e3c13252a4,jeans,19-10-2025,2480,530,,FALSE,,,251,16,0,0.0268,minimal,darks,all_season,0.55,poor,0.19,olx
3ccc8d02-8277-4f81-938c-17c5f96db068,edd5dc3b-685b-4418-9d59-67cc796a7935,jeans,05-08-2025,3240,940,850,TRUE,102,0.2623,3582,20,15,0.0334,streetwear,prints,all_season,0.65,poor,0.25,olx
9cb0cfa1-3196-43a3-aaa3-e77f1dac5248,757a8594-d3ac-4383-9984-45995ee8cf2b,anarkali,21-10-2025,5545,2290,,FALSE,,,132,35,1,0.0602,casual,prints,festive,0.46,good,0.56,olx
730a5385-c768-45b2-b466-da26ae8d789d,ba2b94a7-dae9-4155-bcfc-e39fb67faf0b,activewear,19-11-2025,5020,3390,3320,TRUE,52,0.6614,4091,557,1,0.9346,athleisure,brights,all_season,0.7,like_new,0.86,olx
b4514ff0-fd6c-46ed-b265-52e4a8c99fa4,,kurta,17-11-2025,1690,820,770,TRUE,48,0.4556,4900,260,3,0.4348,ethnic,pastels,all_season,0.75,good,,olx
0873c229-e380-4d3b-bcba-da0df846d074,84678848-59aa-431c-9cbc-0c059617a177,dupatta,19-03-2026,5220,3940,,FALSE,,,115,41,1,0.0684,fusion,neutrals,festive,0.92,new_with_tags,0.96,olx
715f3975-708c-44e7-8281-db8d68ec0f1b,,coat,21-01-2026,9620,4340,,FALSE,,,319,44,1,0.0771,casual,neutrals,winter,0.42,poor,,manual
1f0a0767-08e4-463a-95a6-81c4d8ad34a3,8dcfc6b1-5cb9-4d51-9f3b-a3144a0f0fc5,dress,02-05-2026,5840,3600,3180,TRUE,84,0.5445,1035,195,5,0.3552,casual,darks,all_season,0.4,like_new,0.81,olx
ad928cdd-43fc-4a1c-a5f3-924092005880,78438ffb-4c08-47da-a9c1-a87fdc5b9d31,activewear,22-04-2026,2000,1470,1340,TRUE,92,0.67,427,74,3,0.1242,athleisure,neutrals,all_season,0.7,like_new,0.75,olx
48684594-5087-4b7a-81cb-4e5567de7fe6,,formal_shirt,21-10-2025,5820,1000,,FALSE,,,68,32,1,0.0548,formal,pastels,all_season,0.45,good,,olx
094c397c-2716-43ce-a04c-3ccf288b60bb,,shorts,24-03-2026,840,690,,FALSE,,,437,40,3,0.0667,casual,prints,summer,0.38,new_with_tags,,olx
b396de8f-c9df-4464-9210-e4955814627a,d9607839-d61a-440d-beb3-93d280aead0a,sweater,04-07-2025,77770,7870,,FALSE,,,402,4,1,0.0067,casual,metallics,winter,0.42,poor,0.33,olx
d93e6c51-fbe1-4a0a-a173-e39938b38f46,,tshirt,06-04-2026,2520,2120,,FALSE,,,437,44,0,0.0735,casual,pastels,all_season,0.4,new_with_tags,,olx
5e0dd364-9eb4-418e-a2f2-22f52bd598b5,,tshirt,24-07-2025,760,670,,FALSE,,,158,20,0,0.0334,casual,brights,all_season,0.4,new_with_tags,,manual
f9918a7c-7beb-4994-a300-b718c0b81a13,,shirt,16-01-2026,2670,1760,1540,TRUE,75,0.5768,6693,245,2,0.4118,officewear,pastels,all_season,0.45,good,,olx
d23636f7-3895-4ab3-a8cd-5a538b3845a8,,jeans,04-06-2025,2480,310,280,TRUE,16,0.1129,6892,582,12,0.9732,casual,neutrals,all_season,0.4,fair,,olx
8258c9fa-94d1-4e06-b576-be4a3bd96104,,shirt,16-06-2025,1950,1610,1580,TRUE,68,0.8103,3424,308,15,0.5176,officewear,prints,all_season,0.45,new_with_tags,,olx
7993a597-fb99-4f9a-8dcd-7d8c92c2ac64,,other,25-05-2026,3160,1800,1560,TRUE,85,0.4937,4091,201,2,0.3356,casual,pastels,all_season,0.4,like_new,,manual
96cf7924-ba6c-4370-9cf1-74dcaf90643c,,other,08-10-2025,3160,1190,,FALSE,,,135,14,0,0.0234,casual,brights,all_season,0.4,new_with_tags,,olx
aa3d8860-6918-4032-a56e-03407df68111,,lehenga,10-07-2025,9470,1260,1130,TRUE,63,0.1193,5332,484,1,0.8107,ethnic,prints,festive,0.8625,new_with_tags,,olx
648cd03b-89d8-40cc-82ab-25c40e458a58,,formal_shirt,09-05-2026,5820,830,,FALSE,,,468,5,0,0.0086,"casual,formal",darks,all_season,0.425,like_new,,olx
f4aca295-f358-4503-8de3-151acbbb8644,,trousers,28-04-2026,6040,3590,,FALSE,,,96,7,1,0.0119,casual,brights,all_season,0.4,like_new,,olx
883f1073-ed76-4b9e-af4e-e56158b995cd,46ff2bbb-32fc-4c5c-aa4c-737a90d782d0,other,09-07-2025,3160,1020,,FALSE,,,49,42,1,0.0701,casual,neutrals,all_season,0.4,poor,0.18,olx
d0d52d64-85ee-4773-8971-161fdfa92162,,dress,22-08-2025,5980,3380,,FALSE,,,155,19,1,0.0346,boho,brights,all_season,0.5,fair,,meesho
fe772d4b-ac11-4108-b9a0-7c738109ac4d,,skirt,08-09-2025,4390,2140,1920,TRUE,68,0.4374,6043,339,13,0.565,casual,pastels,all_season,0.4,good,,meesho
0d64aa34-bfc5-4c21-89fb-95ea4150292c,,activewear,01-10-2025,4900,800,,FALSE,,,24,3,0,0.005,casual,metallics,all_season,0.4,new_with_tags,,olx
a0d9d1c9-e050-4f81-b22a-046ad87f931e,,formal_shirt,22-02-2026,3800,1400,1240,TRUE,33,0.3263,689,423,11,0.7243,formal,pastels,all_season,0.45,fair,,manual
9c100d72-ce58-4319-ac26-72e667ebe174,9016e513-e08a-4c6d-85c1-b8a0d3eea35f,kurta,25-12-2025,7060,5770,,FALSE,,,111,23,2,0.0385,fusion,darks,all_season,0.8,poor,0.2,olx
519894db-22e3-4949-9c94-4164a2256550,9bb821d0-15d0-42f2-b88e-763f3420717d,saree,23-02-2026,14100,5430,,FALSE,,,111,33,1,0.055,ethnic,prints,festive,0.8625,like_new,0.87,kaphor
d78f8e66-d56e-454e-b289-8a940f13eb0e,d1d6ee44-100c-4d1e-9440-61f62f2fa74e,other,02-12-2025,3160,1360,1330,TRUE,14,0.4209,4480,190,8,0.3172,casual,prints,all_season,0.4,poor,0.23,olx
dea7fe07-f4ef-44c3-b447-7c9552aba9af,,activewear,17-07-2025,4900,3300,,FALSE,,,302,19,3,0.0319,athleisure,prints,all_season,0.7,poor,,meesho
548dc10e-c69a-44de-b98d-17b66f01e096,26a03adf-b4fc-4cb6-b6a6-95b5d031a35d,other,30-11-2025,3160,680,,FALSE,,,497,18,0,0.0301,casual,neutrals,all_season,0.4,new_with_tags,0.97,olx
258894c9-1c4f-461f-8770-8562a8950686,6e835f4b-f542-4d0b-b65c-7dd7b4518905,shirt,05-11-2025,2670,1310,,FALSE,,,88,1,3,0.0017,officewear,neutrals,all_season,0.45,fair,0.36,meesho
823f6e44-d0a6-42a6-baf6-8dfd4988f9da,,jacket,28-01-2026,4160,3490,,FALSE,,,155,30,0,0.05,casual,neutrals,winter,0.42,new_with_tags,,olx
b1834de1-156e-4243-ab62-20a715802f77,,dress,17-11-2025,1980,1700,,FALSE,,,250,37,3,0.0674,casual,brights,all_season,0.4,new_with_tags,,olx
b038143b-aed2-4e76-8cb0-178a99bbc6dd,991a7cad-58e6-4b6a-8ca7-a2b50dc722e8,trousers,19-10-2025,5970,2160,2130,TRUE,19,0.3568,5298,45,15,0.0764,formal,brights,all_season,0.45,fair,0.43,olx
755311cb-0d12-404c-94bc-0654a848919d,,saree,30-03-2026,28070,19300,18070,TRUE,34,0.6437,605,515,5,0.8583,ethnic,prints,festive,0.8625,like_new,,olx
e41c0e2f-1c7e-40d2-b21c-66604aa1a1b2,af9a6d6d-609b-4c86-bffc-69b1f605b00b,other,06-07-2025,3160,1160,,FALSE,,,34,4,1,0.0067,casual,darks,all_season,0.4,fair,0.51,olx
192ebbc8-482c-4f68-a21d-68e456132ec5,8b17b3d0-bf25-4eff-b55a-a9b62c367d3a,saree,21-01-2026,14100,14100,,FALSE,,,485,3,3,0.005,casual,darks,festive,0.46,new_with_tags,0.94,olx
b6193c45-9622-443d-b5ea-ba1155fe9a36,5c3f8d7e-3f32-4898-b5f2-b1860fd07450,jeans,08-03-2026,2480,1700,,FALSE,,,463,1,1,0.0017,casual,brights,all_season,0.4,fair,0.43,olx
f965c207-9edb-4ee6-9a15-31db740771b0,,shorts,21-07-2025,2560,1640,1600,TRUE,88,0.625,5143,347,13,0.5783,casual,brights,summer,0.38,like_new,,olx
91984bd1-1de5-4b9b-b086-f5be363b2036,,tshirt,12-05-2026,2520,2280,,FALSE,,,307,36,0,0.0601,minimal,prints,all_season,0.55,like_new,,olx
30fa9bf9-44e2-4ac9-8ecb-f09502850c9f,1409404c-fa00-4c62-a9cb-9da5453670ce,kurta,29-04-2026,7060,4480,4140,TRUE,18,0.5864,1993,259,14,0.4331,ethnic,metallics,all_season,0.75,fair,0.44,olx
97953254-6cdc-445e-9b27-9f16d42c9b4c,87cf12f3-cb6b-4de1-96db-000f91dbdc11,trousers,01-01-2026,5970,4980,,FALSE,,,433,22,3,0.0374,casual,brights,all_season,0.4,good,0.64,olx
2a893b88-4631-499f-8b9f-3a04a7da9728,c89ea686-a665-4e90-8c87-3e97d7dac08e,saree,10-09-2025,14100,14100,,FALSE,,,270,25,2,0.0417,ethnic,brights,festive,0.8625,good,0.68,kaphor
3ab9c162-9661-4ffd-a91d-df40b1feb2bf,,kurta,02-04-2026,8250,4860,,FALSE,,,463,7,2,0.0117,fusion,prints,all_season,0.8,good,,olx
606a6752-265a-489a-9bfa-5ba2490919e9,,shirt,23-07-2025,5050,2080,,FALSE,,,190,13,2,0.0218,minimal,neutrals,all_season,0.55,fair,,olx
67680916-7cc4-4c32-ae16-ef70c676c46e,307544af-164b-4302-b74e-dc1d7948e6a7,shirt,28-07-2025,2670,1060,980,TRUE,97,0.367,4352,542,13,0.9109,streetwear,prints,all_season,0.65,new_with_tags,0.96,olx
1d79954b-cae7-4deb-834b-3d4861847ed3,,jacket,24-07-2025,8050,3240,3230,TRUE,7,0.4012,4946,201,15,0.335,casual,metallics,all_season,0.4,good,,olx
4056a714-7dec-4ced-a39b-12b4d27ea20c,a479ee5d-a35f-4674-80f4-a6b0ad397659,tshirt,29-08-2025,2520,2410,2080,TRUE,78,0.8254,6146,66,15,0.1102,casual,darks,all_season,0.4,good,0.55,olx
5103cf35-8221-42a5-bc29-9c1510305674,,saree,07-12-2025,14100,14100,12730,TRUE,53,0.9028,2828,83,10,0.1383,ethnic,prints,festive,0.8625,new_with_tags,,olx
3a4871e6-4d1b-423a-9004-dd3062084cf8,8037fc80-a453-44d1-9852-77c5c4266a2c,formal_shirt,06-05-2026,5820,4270,3660,TRUE,31,0.6289,1494,502,1,0.8596,formal,brights,all_season,0.45,like_new,0.77,olx
c6bab274-adab-4cbb-bbdd-c1edbe99bc50,f0be413c-7842-4baf-b782-800476a4f871,jacket,09-01-2026,8050,2680,,FALSE,,,409,19,0,0.0317,casual,neutrals,winter,0.42,like_new,0.88,olx
e561ebff-0d4c-4908-afc5-0d5ca9cd96e3,,activewear,06-06-2025,4900,2620,2540,TRUE,116,0.5184,5045,414,12,0.6946,casual,pastels,all_season,0.4,good,,olx
0d51d384-db8c-418e-8c91-fb3e0106b27d,c4f4967c-364e-4ad3-940e-8ba2c178e679,kurta,28-08-2025,10520,4290,3680,TRUE,42,0.3498,7021,419,8,0.7007,fusion,metallics,all_season,0.8,good,0.74,manual
8488ea32-7a4c-4039-b0bd-db630ee7a7ec,5cd23931-46ea-42d6-8c1f-738c535a621f,shirt,26-08-2025,2670,2100,1790,TRUE,91,0.6704,4905,122,8,0.205,casual,prints,all_season,0.4,good,0.56,olx
1c09a6cf-125e-40b1-9b63-58cf7d69189c,32017688-335c-43a3-817e-b040da3cef77,jeans,10-05-2026,1890,1470,,FALSE,,,291,23,3,0.0385,casual,prints,all_season,0.4,new_with_tags,0.94,olx
155649b4-6fe0-44f0-b70f-a5a593c45069,e8b2eb39-4ee8-4a17-9024-a70f0feafc71,shirt,03-11-2025,2670,1280,1160,TRUE,89,0.4345,3177,320,5,0.5378,casual,darks,all_season,0.4,like_new,0.83,olx
e5cc6a65-923c-4624-b5ba-185be52ef4c0,126689a4-fbbe-43c9-948c-179efc1c4aea,anarkali,16-10-2025,2050,1060,940,TRUE,101,0.4585,2551,19,12,0.0327,bridal,brights,festive,0.9775,good,0.6,kaphor
6d683ec3-ce4f-45ac-94d9-67f33be69f91,2a59c319-be73-4763-8df7-94e8a2c23412,coat,14-11-2025,34190,6290,,FALSE,,,221,9,3,0.0158,minimal,brights,winter,0.5775,poor,0.29,olx
fbc879f6-2415-40a1-8b51-40dde24d4a0b,c4fadbd7-dcf6-4992-971e-53c73851c20a,skirt,22-07-2025,2985,1190,,FALSE,,,357,29,2,0.0483,fusion,darks,all_season,0.8,like_new,0.84,olx
343d3e79-c0fc-428a-b4b8-c95dcaa4c8b0,9355a052-61f6-4c59-84c7-e55a6d33e704,trousers,07-03-2026,5970,2300,2190,TRUE,46,0.3668,1017,491,2,0.8336,casual,neutrals,all_season,0.4,good,0.56,olx
dafcfe13-9a8d-44cd-a676-414383884327,,skirt,20-01-2026,2985,1170,,FALSE,,,415,30,3,0.05,fusion,neutrals,all_season,0.8,good,,olx
097fdca7-7f9e-4a33-83f8-cb2909b6e991,50cebc45-e4f5-4aff-85d1-70e498c575b1,tshirt,13-10-2025,2140,1790,,FALSE,,,326,0,2,0,casual,metallics,all_season,0.4,new_with_tags,0.91,olx
d32f597e-f8c4-472c-ae66-ab9e4efdaab2,0c2b2b1d-89a3-4ac7-bf9b-6b020f7cab6a,sweater,16-11-2025,11165,1710,,FALSE,,,63,38,3,0.0637,casual,metallics,winter,0.42,good,0.67,olx
25fe89d4-23b3-43f8-a969-fe7a91bfb514,,other,12-03-2026,3160,1360,,FALSE,,,14,24,3,0.0401,casual,neutrals,all_season,0.4,fair,,meesho
cccf1b60-f3cd-4fde-9ae0-75e6e7dcc243,,shirt,10-07-2025,2670,1850,,FALSE,,,175,28,3,0.0471,streetwear,neutrals,all_season,0.65,good,,kaphor
162bf84d-40c3-4d9c-883e-811e22301bf6,,dupatta,08-08-2025,6070,920,,FALSE,,,161,27,1,0.0451,ethnic,brights,festive,0.8625,like_new,,olx
91e326fb-1ce8-4193-b7fc-70b8651416ec,,shirt,18-08-2025,2670,2420,,FALSE,,,346,26,0,0.0437,casual,darks,all_season,0.4,new_with_tags,,olx
1c263589-3917-4d62-b8a5-18cb9e5e36f0,a269ddd0-a829-4553-a0d4-d7b0d11ddefc,lehenga,15-06-2025,9470,9470,,FALSE,,,134,44,3,0.0737,bridal,darks,festive,0.9775,like_new,0.77,olx
35fd4194-4dc8-4c00-9532-f29b4a3c4e2b,,anarkali,23-08-2025,5545,2450,,FALSE,,,320,23,2,0.0396,bridal,brights,festive,0.9775,like_new,,olx
9991edcc-a10e-4327-a1d0-65da1dc70a87,6c29807e-14e4-40b0-814f-4bfedcab78f6,shirt,31-08-2025,2670,580,560,TRUE,98,0.2097,7925,426,11,0.716,casual,pastels,all_season,0.4,fair,0.4,olx
36985110-952d-446b-930a-e322c87515b4,05142dd3-8498-4043-8198-1cbe22f4e9b8,tshirt,31-07-2025,2520,2110,2020,TRUE,4,0.8016,4266,437,15,0.7295,casual,neutrals,all_season,0.4,like_new,0.82,olx
25d26b71-1035-49a6-a992-c7fe5900df79,,jeans,07-08-2025,2480,1550,,FALSE,,,318,34,1,0.0569,streetwear,brights,all_season,0.65,like_new,,olx
82877b62-8002-4179-acdc-3c157f322282,,jeans,20-05-2026,2480,1330,,FALSE,,,374,44,3,0.0736,casual,brights,all_season,0.4,fair,,kaphor
4b46aa81-83b4-4cbb-bc8a-bf647b597891,,lehenga,03-05-2026,8940,4350,,FALSE,,,498,9,0,0.0151,ethnic,darks,festive,0.8625,good,,olx
6e78e3e6-41ee-49ea-b716-93fda902fb8a,22df00be-79a8-4ab4-91d0-75c1d90db011,skirt,17-01-2026,2985,1840,,FALSE,,,74,19,0,0.0317,boho,prints,all_season,0.5,new_with_tags,0.98,olx
a8969c44-63b2-41a7-af29-caad9c58473f,,lehenga,23-09-2025,9470,5950,5860,TRUE,54,0.6188,1812,484,15,0.8107,ethnic,darks,festive,0.8625,poor,,olx
6da72332-03fc-4596-bf10-b887a24e1c53,62ed5cfd-a227-4fcf-9eef-36321dca1d8f,trousers,17-09-2025,5970,2220,,FALSE,,,276,34,0,0.0577,casual,pastels,all_season,0.4,like_new,0.81,olx
d4a019be-1103-4782-a99d-56395da14c20,ece36982-6ec4-49a4-a6c0-588bae1d80f2,trousers,16-01-2026,5970,3010,,FALSE,,,344,25,1,0.0424,formal,darks,all_season,0.45,fair,0.47,olx
b65bfd0d-7cd2-41c4-a607-63af33cf85bc,,jacket,23-07-2025,8050,1510,,FALSE,,,134,34,1,0.0567,streetwear,neutrals,winter,0.6825,new_with_tags,,olx
91840558-f9ca-4709-a0ac-af01d9161a29,3869abf8-038d-4d20-b525-e485044652ed,trousers,12-01-2026,5970,1510,1450,TRUE,7,0.2429,5485,92,6,0.1562,formal,brights,all_season,0.45,good,0.65,olx
ba68f86c-95a7-4b52-8ea0-eba5f7b49357,ca6060a6-e22d-4dda-91ba-a26b04995a45,jacket,24-05-2026,8050,6550,5700,TRUE,107,0.7081,3140,314,8,0.5233,casual,pastels,all_season,0.4,poor,0.2,olx
d7e68b72-3fe7-4ecb-8345-aed378981d71,,skirt,15-09-2025,2985,500,460,TRUE,23,0.1541,7043,550,4,0.9167,casual,neutrals,all_season,0.4,like_new,,meesho
4f393a5d-c940-45b2-8bb9-c78c130a3178,,lehenga,30-04-2026,9470,1570,1340,TRUE,22,0.1415,4069,257,6,0.4305,ethnic,prints,festive,0.8625,like_new,,olx
3c1e06cf-9619-4d1b-ab22-415b44513331,9a43bc82-934e-46b2-8a65-3cb302548b33,saree,06-05-2026,14100,2600,,FALSE,,,157,41,2,0.0683,ethnic,brights,festive,0.8625,new_with_tags,0.95,olx
053eac30-9f32-4d03-b573-1a0f6272bcc5,,other,19-07-2025,3160,1360,1290,TRUE,16,0.4082,335,464,11,0.7746,casual,neutrals,all_season,0.4,like_new,,olx
c45ffee0-9c68-481a-9ed6-34868a59f235,,blazer,10-10-2025,8370,2630,,FALSE,,,448,37,3,0.0625,formal,pastels,all_season,0.45,fair,,olx
467c974e-1f53-40c0-ba79-f8d9184c7036,,trousers,10-10-2025,5970,1350,,FALSE,,,317,18,2,0.0306,officewear,metallics,all_season,0.45,fair,,kaphor
0ffa5ecc-8969-48aa-87d3-6c138ab19ff8,,blouse,28-04-2026,7880,3360,3270,TRUE,101,0.415,3417,177,14,0.2965,casual,neutrals,festive,0.46,fair,,olx
1606065c-d182-4148-b198-5e03727e5443,2fcde0d7-7c95-4d7b-b317-f7483c4f3415,activewear,26-05-2026,3900,2990,2650,TRUE,79,0.6795,7382,386,4,0.6477,casual,pastels,monsoon,0.34,new_with_tags,0.97,kaphor
ee5b8ac0-e91f-4bce-8601-0a105be0bc2a,,activewear,07-05-2026,6020,3390,3360,TRUE,32,0.5581,5135,314,8,0.5268,athleisure,prints,all_season,0.7,like_new,,olx
a383e34e-f57b-4396-85b9-ed4cf2cc504f,e7d8940e-435a-4d4e-a55c-ce5fbbae6f8c,kurta,17-06-2025,7060,1800,,FALSE,,,235,10,3,0.0167,casual,neutrals,all_season,0.4,fair,0.44,olx
c73baca2-4c68-4709-8337-00f9dee2294d,ae000e4d-b772-4a37-a699-4e15c4b0b78f,activewear,04-07-2025,4900,2530,,FALSE,,,123,3,2,0.005,casual,metallics,all_season,0.4,new_with_tags,1,olx
2485b8d6-9418-40bd-a0d4-d5cdccfe7b50,53cf5a83-4fa7-48e7-bbfe-b0b6420249f1,jeans,11-09-2025,2480,1090,,FALSE,,,350,44,0,0.0736,minimal,darks,all_season,0.55,good,0.63,manual
71816d02-dda9-4d36-b0c4-92e69c61bfa1,d4edae18-38ea-452b-9612-5321c7c23c23,jeans,31-08-2025,2480,580,,FALSE,,,28,33,3,0.0552,casual,neutrals,all_season,0.4,poor,0.26,olx
e4be53ad-9c84-4c0d-a171-ac7091ae1f4e,,kurta,23-01-2026,7060,3140,2970,TRUE,78,0.4207,5861,381,1,0.6371,casual,neutrals,all_season,0.4,poor,,meesho
96d22bd7-348d-445e-89cb-d7ffb9e62c94,10848f2c-3a0f-4ec0-8310-529a886a51ae,formal_shirt,25-10-2025,6110,2290,,FALSE,,,379,39,1,0.0668,"officewear,formal",brights,all_season,0.45,fair,0.5,olx
088f0517-4580-46b6-aed8-4be95eeb3b86,,shirt,17-04-2026,3150,920,,FALSE,,,303,32,0,0.0538,casual,neutrals,all_season,0.4,fair,,olx
d8c64436-53b5-44d9-8cb9-3cd77aa53da7,,tshirt,06-07-2025,2520,1010,,FALSE,,,271,17,3,0.0284,minimal,darks,all_season,0.55,like_new,,olx
050d6729-8481-46c9-8a79-0961b5609dd0,044624d0-427b-4d4d-981b-5583338f2eaf,shorts,18-04-2026,2690,1790,1610,TRUE,95,0.5985,4644,485,8,0.8083,athleisure,brights,summer,0.665,poor,0.3,olx
a62d8eb1-62c2-4e18-bac0-a86bb3549918,3d771cd1-6d38-41cc-8ea0-c8f9cb30f71d,other,05-01-2026,3160,970,870,TRUE,54,0.2753,7377,476,9,0.7947,casual,darks,all_season,0.4,good,0.57,olx
8399efd7-6f27-462d-a6ff-ee8e7cc4a85c,eb1c8d04-f67f-4d52-b1c6-e50454010922,kurta,09-06-2025,7060,3380,,FALSE,,,422,10,2,0.0167,ethnic,metallics,all_season,0.75,fair,0.41,olx
18bc249f-7fb1-4dac-a28b-beb9aef412a9,,formal_shirt,08-06-2025,4280,2310,2040,TRUE,64,0.4766,6574,287,3,0.4914,formal,prints,all_season,0.45,like_new,,meesho
15ba88c8-ccb2-486b-bc15-ae6acbb235a7,3da342eb-13a1-4c06-ac0e-873684acceb8,tshirt,02-09-2025,2520,1560,,FALSE,,,267,29,1,0.0484,minimal,neutrals,all_season,0.55,poor,0.27,olx
4f9c950d-2eb5-49cf-a11b-35db43920bdf,,trousers,24-11-2025,5970,1650,,FALSE,,,339,0,0,0,minimal,brights,all_season,0.55,poor,,olx
49524909-1a1f-4fc5-9b89-60e6b91dd237,680abc0a-d74e-4583-a831-240153cd71f5,formal_shirt,10-02-2026,5820,3320,,FALSE,,,460,38,3,0.0651,formal,brights,all_season,0.45,fair,0.43,olx
60c676b0-07a5-4169-9431-8a3690a78cd0,04ddb582-25cb-4b09-99a6-f10364683284,kurta,19-03-2026,7060,5970,,FALSE,,,249,27,0,0.0452,casual,neutrals,all_season,0.4,good,0.7,kaphor
8fff6b1e-f9d5-4a40-a042-8de088fbdf64,,blouse,11-01-2026,7880,2060,1770,TRUE,56,0.2246,2410,15,10,0.0251,bridal,pastels,festive,0.9775,fair,,olx
19d813fd-b2e8-45a1-988e-df3301287f3c,,saree,06-06-2025,14100,5910,5260,TRUE,22,0.373,4986,579,4,0.965,ethnic,darks,festive,0.8625,fair,,kaphor
dc7d459b-3665-4599-a401-7829d93bffcd,,shirt,13-09-2025,4450,1890,,FALSE,,,441,5,1,0.0084,officewear,metallics,all_season,0.45,good,,kaphor
bced55d4-51c0-44c6-b665-399d6f7ffeee,afd200fd-fc48-4c7c-ba7f-d399baa419f3,dress,21-10-2025,5980,3790,,FALSE,,,193,42,0,0.0765,casual,neutrals,all_season,0.4,good,0.67,meesho
879e000f-9a17-4d0b-9ec9-d1db0cea0090,,tshirt,23-05-2026,2520,460,400,TRUE,97,0.1587,1772,597,9,0.9967,casual,prints,all_season,0.4,poor,,olx
0aa37a46-01a6-4953-b7d8-723cb0092e38,,formal_shirt,22-12-2025,5820,1230,1160,TRUE,24,0.1993,4632,431,10,0.738,formal,brights,all_season,0.45,like_new,,olx
3eb3ca14-3a03-437b-acf1-e8f58a40425d,,saree,13-01-2026,14100,14100,,FALSE,,,205,1,3,0.0017,bridal,darks,festive,0.9775,good,,olx
ab8a3ac8-fa34-43e6-a14c-2c1114a48ea9,,jeans,05-07-2025,2480,1880,,FALSE,,,484,35,0,0.0585,casual,pastels,all_season,0.4,new_with_tags,,meesho
d030e400-d7db-4e1c-a937-2a5d6eaa46a0,,formal_shirt,19-10-2025,5820,1460,1370,TRUE,8,0.2354,2823,510,12,0.8733,formal,pastels,all_season,0.45,like_new,,olx
fa25a267-6452-4c95-b3c3-620fe5d84502,babf140b-dcfa-4adb-ad9c-93d6f2aeda76,tshirt,09-10-2025,2520,310,,FALSE,,,185,39,0,0.0651,streetwear,darks,all_season,0.65,like_new,0.76,olx
d9f651de-faef-4c35-805e-f0db449b50fe,,saree,01-03-2026,56970,34300,34150,TRUE,90,0.5994,7057,124,13,0.2067,casual,darks,festive,0.46,like_new,,olx
69d82f35-575d-42c9-83c8-ef960e6edb33,0ac21db9-9470-49a2-8bc4-eba71084f425,saree,01-11-2025,14100,14100,,FALSE,,,441,19,0,0.0317,ethnic,brights,festive,0.8625,poor,0.31,olx
afd26ece-03f1-4bbf-990b-7cfb2f4d8a65,,saree,30-12-2025,5670,4190,,FALSE,,,379,38,3,0.0633,ethnic,pastels,festive,0.8625,like_new,,olx
4e34364e-1e90-4236-91d1-668585ceb8e8,33a0eaf8-8b17-46cb-bd67-958af9b31c6d,kurta,18-01-2026,7060,1660,,FALSE,,,261,31,1,0.0518,casual,darks,all_season,0.4,like_new,0.84,olx
45bc3b20-1313-4360-8151-fe55203dc4ea,92377cf6-7c5a-4ecc-bb52-abe8e077bbaa,saree,18-03-2026,14100,5080,4420,TRUE,34,0.3135,5443,381,10,0.635,ethnic,darks,festive,0.8625,good,0.66,olx
53b868ab-bf3f-45f7-915c-c2db92f207b6,,activewear,11-10-2025,4900,2540,,FALSE,,,160,43,1,0.0721,casual,prints,all_season,0.4,good,,olx
96d1d641-42f0-4125-9a3f-1b6081ba0a2b,,tshirt,09-10-2025,2520,510,,FALSE,,,9,36,3,0.0601,streetwear,darks,all_season,0.65,poor,,kaphor
5dd310c3-b1ca-4ddc-abb4-99e4c69ff139,,jacket,14-07-2025,8050,2770,,FALSE,,,308,35,1,0.0583,casual,brights,all_season,0.4,good,,olx
d817314f-630b-4795-93fa-af5c2589c353,,kurta,24-10-2025,4580,2370,,FALSE,,,178,16,2,0.0268,ethnic,prints,all_season,0.75,good,,olx
e4c31431-fe61-41a7-8338-0532294e283b,370cb799-5f78-4e90-939d-7fa910641628,lehenga,09-03-2026,9470,1530,1510,TRUE,51,0.1595,3570,358,13,0.5997,ethnic,metallics,festive,0.8625,fair,0.5,manual
b8ded959-b10f-4b32-988c-f4893e9ca957,,shirt,05-07-2025,3270,1830,1710,TRUE,7,0.5229,1295,501,2,0.842,streetwear,neutrals,all_season,0.65,good,,olx
c550117a-da78-4077-830a-d5c417509a20,,shorts,09-05-2026,2690,1240,,FALSE,,,229,15,0,0.025,athleisure,neutrals,summer,0.665,fair,,olx
1ac43b38-4a64-4b33-85dc-aae825bd3746,,lehenga,25-03-2026,9470,9470,,FALSE,,,31,44,0,0.0737,bridal,brights,festive,0.9775,new_with_tags,,olx
f5b4101a-c70f-4a11-a438-75e8d82afe5d,,other,02-02-2026,3160,610,570,TRUE,69,0.1804,2842,237,14,0.3957,casual,prints,all_season,0.4,like_new,,olx
dd8daf80-7b64-49c7-8564-6eaad13bd9a1,54c128e1-e633-44bf-8d90-75773682c6a1,skirt,06-03-2026,2985,1400,,FALSE,,,242,1,2,0.0017,casual,metallics,all_season,0.4,like_new,0.76,olx
3ff3d84b-d61e-41b3-a226-23cf01a6ba6b,25809808-5594-4206-b201-82e500b320c5,lehenga,11-09-2025,9470,1330,1310,TRUE,31,0.1383,7592,516,5,0.8643,casual,neutrals,festive,0.46,fair,0.39,kaphor
d27e8e1d-936a-4151-9ac7-482541bc0acb,4da0a364-e0a9-42e2-a0a7-ed2fb399d25a,jacket,08-08-2025,5470,3650,,FALSE,,,7,4,3,0.0067,casual,darks,all_season,0.4,like_new,0.79,manual
af2a4e12-52d6-4ee7-bfed-84447e531466,,trousers,20-05-2026,3890,3450,,FALSE,,,321,28,0,0.0475,casual,brights,all_season,0.4,new_with_tags,,olx
d6b42ba2-784b-464c-b9b2-593bc03cb639,a21e040a-4cef-4a21-be41-0b357e0980e7,shirt,08-01-2026,2670,680,,FALSE,,,411,32,0,0.0538,minimal,pastels,all_season,0.55,good,0.67,olx
2c40da12-b7f2-43d1-b3ad-1109cd81ad6f,fe942f08-ac09-4aaf-97aa-d8f3bf3b02fc,tshirt,13-01-2026,3390,2400,,FALSE,,,73,35,3,0.0584,casual,brights,all_season,0.4,new_with_tags,1,olx
bad50073-05fe-4f73-a022-0b76dff3efec,,blazer,07-10-2025,5765,4560,4160,TRUE,94,0.7216,1847,526,11,0.8885,casual,pastels,all_season,0.4,new_with_tags,,meesho
c8cb283b-f460-4e4b-b860-289827556a15,1a841e9f-0dab-4204-aa8b-89400f4a6632,formal_shirt,30-09-2025,5820,1580,,FALSE,,,57,33,3,0.0565,formal,pastels,all_season,0.45,good,0.58,meesho
24f1bb1a-a2e6-4a47-94af-5d3651d2a47d,,jacket,14-09-2025,8050,6690,6220,TRUE,111,0.7727,6783,42,8,0.07,casual,brights,all_season,0.4,good,,olx
169f828d-4c17-4c9e-8a35-b6e1c5907165,b360ac90-7777-4919-bab4-d6149f4b1031,saree,21-03-2026,124300,40900,,FALSE,,,255,17,2,0.0283,casual,darks,festive,0.46,fair,0.48,olx
9da869be-f594-4581-9e64-549c2e2b656b,d21c2dd2-1888-45b9-823a-4a86cbbd3bf5,kurta,24-09-2025,6190,3970,3840,TRUE,56,0.6204,1071,517,12,0.8645,ethnic,brights,all_season,0.75,like_new,0.8,olx
9deb19a4-d002-441b-954e-fc6a70781421,,lehenga,10-08-2025,9470,5950,,FALSE,,,272,21,0,0.0352,ethnic,metallics,festive,0.8625,good,,olx
c68d83ec-f8bc-4301-b74d-d4a7cb8bebeb,,activewear,17-04-2026,4900,960,820,TRUE,58,0.1673,4251,406,6,0.6812,athleisure,metallics,all_season,0.7,good,,olx
55d93fea-aca2-4652-a869-e24d7d6653de,ecb30e8a-e79e-4bf8-af07-fb4890a4d22d,tshirt,09-10-2025,5440,2490,,FALSE,,,271,22,2,0.0367,casual,darks,all_season,0.4,good,0.64,olx
67fc4368-0671-481c-81c1-c0b124da5d97,,shorts,22-08-2025,2690,720,660,TRUE,78,0.2454,6258,442,14,0.7367,casual,brights,summer,0.38,like_new,,olx
4c19021f-3e27-43a0-a63b-174bcc97f910,,shirt,25-04-2026,2670,2190,,FALSE,,,429,36,3,0.0605,officewear,brights,all_season,0.45,like_new,,olx
ab11f34c-2c34-4856-b54d-d6afd8634b54,46ec220b-0a52-4713-825a-a0d93a159305,anarkali,21-09-2025,2330,1600,1560,TRUE,52,0.6695,7510,502,3,0.864,fusion,brights,festive,0.92,like_new,0.78,olx
3db7aca5-aa94-4216-9adc-b4961181ddf3,,jeans,08-06-2025,2480,1500,1280,TRUE,86,0.5161,2276,241,1,0.403,streetwear,neutrals,all_season,0.65,poor,,kaphor
e99a114f-2d7c-405f-af34-929da060029d,,tshirt,04-09-2025,2520,690,,FALSE,,,42,11,0,0.0184,minimal,darks,all_season,0.55,like_new,,kaphor
5796f8e2-fb4c-4f24-ba05-3007cd82f0d3,,lehenga,24-05-2026,9470,9470,8780,TRUE,94,0.9271,694,179,15,0.2998,bridal,neutrals,festive,0.9775,poor,,olx
0b5e9a1d-fa2b-4f5f-a97a-3485deebc180,d68d9b69-6eda-42e7-a70a-89cccb162bbe,kurta,08-02-2026,7060,1930,1860,TRUE,51,0.2635,5103,415,12,0.694,ethnic,brights,all_season,0.75,fair,0.4,olx
cc5dc8e0-552f-4771-aa43-e9b43e4d99b8,37b7f5ff-4605-4bce-8297-4759198b918e,lehenga,15-02-2026,9470,2670,,FALSE,,,99,10,2,0.0168,casual,pastels,festive,0.46,like_new,0.83,manual
1dce6c3e-ad14-41e4-8955-308fd231fcbb,2f354e35-a893-45de-8c08-64f10c56aae4,sweater,05-12-2025,11165,2030,,FALSE,,,250,26,0,0.0436,minimal,prints,winter,0.5775,like_new,0.76,olx
12a9bc76-f06d-46f6-b7b0-3f66900fd79c,c275776e-8171-4b2e-b9cb-9e7e7410b87d,sweater,17-09-2025,6660,5020,,FALSE,,,296,37,0,0.062,casual,metallics,winter,0.42,new_with_tags,0.91,olx
28adddd1-ebfc-4686-9d6f-486bf9c09ff1,93dc81aa-9677-4a9b-96e6-0057e5a48c50,blazer,05-07-2025,5765,3270,3250,TRUE,74,0.5637,3526,202,4,0.3412,formal,darks,all_season,0.45,like_new,0.84,olx
05ce99c4-9615-494c-8fc7-3556ac80fe91,,jacket,15-07-2025,8050,6850,5890,TRUE,94,0.7317,882,306,6,0.51,casual,brights,all_season,0.4,like_new,,olx
d3abf9de-bbf6-4e55-b09e-059f6f9cde7c,7c371d08-a2c3-44d7-873b-30d3f14680b4,other,19-08-2025,670,520,,FALSE,,,25,32,2,0.0534,casual,darks,all_season,0.4,new_with_tags,1,olx
b2c1651c-a691-434f-97fa-4388b2bb8739,23410bf7-2537-4dca-bcbb-3b8274b0aed3,lehenga,30-07-2025,9470,3870,3440,TRUE,27,0.3633,4243,495,9,0.8291,casual,darks,festive,0.46,good,0.58,olx
e04da571-ceb4-4e5b-904c-70cde45a9b75,,tshirt,12-11-2025,2520,560,480,TRUE,36,0.1905,4724,144,1,0.2404,casual,pastels,all_season,0.4,poor,,manual
cc56a242-7fa5-452d-a428-3af27f61e36c,f2a63f04-cfc6-448d-84ac-540d5841a786,blazer,03-01-2026,5765,2510,,FALSE,,,350,30,2,0.0507,"casual,formal",metallics,all_season,0.425,like_new,0.82,olx
e2c8d3a1-360d-4674-acae-39c9293aece4,a14405fd-e7e9-4fee-b60d-bfb46eb3cf28,blazer,17-11-2025,5765,2310,,FALSE,,,401,45,1,0.076,"casual,formal",brights,all_season,0.425,good,0.67,olx
ba6507d1-c827-4c64-b065-6b4a23674b85,ab7e9d13-bbc5-4075-b985-b28b4f775fdd,coat,17-09-2025,9620,3350,,FALSE,,,91,24,0,0.042,casual,metallics,winter,0.42,like_new,0.85,olx
2e2f115e-1bdf-4f81-8361-0a3c1f8a78c8,,lehenga,27-05-2026,9470,9470,,FALSE,,,353,13,1,0.0218,bridal,metallics,festive,0.9775,good,,olx
4d683c36-55f0-4d47-8beb-6e572a247c17,9489e9b2-baa4-4d70-ab61-2f743f6fadc1,tshirt,08-02-2026,2520,2070,,FALSE,,,175,3,1,0.005,minimal,darks,all_season,0.55,good,0.57,olx
fc3447f2-4884-4954-8a59-8d0a46c412c8,,trousers,07-06-2025,5970,4120,,FALSE,,,242,36,2,0.0611,"casual,formal",pastels,all_season,0.425,like_new,,olx
17d59d2c-e1f3-47e3-bdf3-de233d26ca31,d7f940f1-7477-425e-9295-cdd898998d0a,tshirt,19-04-2026,2520,1950,1860,TRUE,84,0.7381,1057,514,3,0.8581,minimal,neutrals,all_season,0.55,fair,0.41,meesho
ffd18cf8-7625-42fc-8cf7-9a8d74fb8a12,90a252f5-c711-4b5d-a02f-7c048e0776f1,blouse,10-10-2025,7880,3410,3120,TRUE,47,0.3959,4566,300,12,0.5025,bridal,darks,festive,0.9775,new_with_tags,0.95,olx
99bfb835-87de-478b-94f8-57fb48b819f8,,saree,26-12-2025,14100,1850,,FALSE,,,181,10,2,0.0167,ethnic,brights,festive,0.8625,poor,,olx
2ee5ec40-c524-4d33-a57d-9be874971f7a,bd4b251d-eaaf-43be-8a71-4f308db2bc9f,kurta,19-10-2025,7060,4030,,FALSE,,,245,38,2,0.0635,casual,darks,all_season,0.4,like_new,0.85,olx
fd35f8ba-6120-4e55-bfc4-4facab3887c9,1f7c8fdd-1d55-4f57-ac1a-fd96e2a20e8a,jacket,16-10-2025,8050,6010,5640,TRUE,54,0.7006,6238,316,10,0.5267,casual,neutrals,all_season,0.4,like_new,0.76,olx
27be22d7-7df3-49db-97e0-95dcc80973dd,,dupatta,21-02-2026,6070,4120,,FALSE,,,76,36,0,0.0601,ethnic,darks,festive,0.8625,poor,,olx
9b681eee-96fb-4bdf-a576-75d466dbf386,,saree,28-12-2025,14100,5800,,FALSE,,,234,42,1,0.07,bridal,brights,festive,0.9775,new_with_tags,,olx
f945788f-2255-43b9-8187-77a07937c6a0,5e05a044-a260-4a3d-b9a9-d53ea9408c38,tshirt,19-05-2026,1020,560,,FALSE,,,422,41,0,0.0684,minimal,darks,all_season,0.55,like_new,0.78,olx
8ee82f70-c11f-4f60-8155-1c22f6c968ba,,kurta,26-04-2026,7060,1780,1730,TRUE,93,0.245,4249,508,4,0.8495,casual,prints,all_season,0.4,poor,,olx
e2d90139-6332-4d7d-9aab-d63ff9b53a55,,blazer,11-08-2025,3030,2030,1890,TRUE,110,0.6238,651,118,15,0.1993,officewear,brights,all_season,0.45,like_new,,olx
01ab9b6a-329c-4897-8c58-395f05243781,a320ac5d-f23c-45ea-9167-d7e0616413d4,jacket,22-12-2025,9360,6790,6010,TRUE,54,0.6421,618,351,11,0.585,casual,pastels,winter,0.42,like_new,0.77,olx
28f39204-9d17-46ba-9182-162571338f58,c329be06-76f8-4969-920a-9b3de0184f9d,shirt,24-11-2025,2670,850,,FALSE,,,420,14,0,0.0235,officewear,metallics,all_season,0.45,good,0.68,olx
310c57e1-5f19-4de2-bfa9-4ec855fec6bc,920c20c1-f971-4565-a145-2131b9cb729a,lehenga,27-03-2026,14570,3650,,FALSE,,,29,17,1,0.0285,ethnic,brights,festive,0.8625,fair,0.5,olx
8b2552d5-b9df-4192-80b1-7f35b423c41a,b708baa8-f87f-4947-b58e-f8420df425e7,shirt,12-10-2025,2670,1470,1430,TRUE,24,0.5356,1403,499,4,0.8387,streetwear,neutrals,all_season,0.65,good,0.71,kaphor
05983828-9b2f-4f45-8e2a-3513936298b5,,shirt,19-09-2025,2670,340,330,TRUE,38,0.1236,7897,283,3,0.4756,minimal,brights,all_season,0.55,like_new,,olx
040b8063-2a14-447d-bd61-e6e93df75cce,,activewear,12-06-2025,4900,1060,,FALSE,,,397,38,2,0.0638,athleisure,prints,all_season,0.7,new_with_tags,,olx
c2e764c7-2501-41e0-8b92-a0ac839b1c4f,,tshirt,29-10-2025,2520,1140,980,TRUE,9,0.3889,6959,14,12,0.0234,casual,prints,all_season,0.4,like_new,,olx
4ec252d4-0f83-4122-9caa-790f5c6f59be,,saree,16-06-2025,14100,2620,2520,TRUE,116,0.1787,514,15,10,0.025,ethnic,darks,festive,0.8625,poor,,olx
66f7405a-f11e-4eb9-b3dc-b2c5c6bd4cd5,8725e26e-d596-479f-a7ff-89a43cc4b9be,kurta,27-12-2025,7060,3130,2830,TRUE,14,0.4008,7052,585,9,0.9783,casual,prints,all_season,0.4,good,0.71,olx
24dc8935-90e2-4eab-b560-98e482f2361f,282a1f08-6c1b-4f83-856d-ac282f391d56,jeans,16-01-2026,2480,1940,,FALSE,,,406,14,3,0.0234,casual,brights,all_season,0.4,new_with_tags,0.91,olx
0b174621-90fa-4d7b-9e6b-8b2e7226e9e0,,dress,08-03-2026,9210,4570,,FALSE,,,173,22,2,0.0401,casual,prints,all_season,0.4,good,,olx
0b7d0469-fdd9-40b4-9352-22d47d5fb5e4,68d9401e-f4ab-4f84-ad7b-40eb4e3acfd8,jeans,18-02-2026,5850,1070,,FALSE,,,413,33,3,0.0552,streetwear,brights,all_season,0.65,poor,0.18,olx
d772bbf4-e547-4e0e-bd8c-db09e3ea57bc,0b6e1d6b-5380-4aeb-823a-007580b2726c,jacket,23-06-2025,8050,6950,,FALSE,,,447,40,2,0.0667,casual,neutrals,winter,0.42,like_new,0.75,meesho
36976303-f400-498f-a2e2-0e63e4f1a101,,activewear,04-06-2025,4900,3240,,FALSE,,,171,45,3,0.0755,casual,brights,monsoon,0.34,new_with_tags,,olx
8ccf2e66-0cbf-49b5-86cc-feee3c87566f,4d15c275-b4bc-4ca9-9b6f-8f4783014560,activewear,18-04-2026,4900,3110,3040,TRUE,75,0.6204,3203,536,7,0.8993,athleisure,prints,all_season,0.7,new_with_tags,0.91,olx
c0f4dfe8-a65c-4cbd-8aef-fd5ebace4e9a,60701c05-2770-4b5f-b332-938c014a7c2b,lehenga,01-12-2025,9470,5750,,FALSE,,,359,29,0,0.0486,ethnic,neutrals,festive,0.8625,good,0.67,olx
beab2a56-53f7-4657-a572-3ea8114f651a,b9f95e25-72f1-40e9-a938-8157bc5304c4,trousers,12-09-2025,5970,3610,3390,TRUE,40,0.5678,4643,328,12,0.5569,formal,neutrals,all_season,0.45,like_new,0.75,olx
218b82a2-37e4-4434-84f3-facb5a155094,,activewear,19-01-2026,4900,850,800,TRUE,11,0.1633,1657,575,13,0.9648,athleisure,pastels,all_season,0.7,good,,olx
18d535e3-1d31-4767-8e0e-1d230144bb09,,activewear,04-01-2026,5940,3480,3440,TRUE,61,0.5791,261,299,13,0.5017,athleisure,brights,all_season,0.7,good,,olx
07d6ac38-a066-4f51-82d5-6d97f1c88bc3,d443dcf6-d2ef-4ee2-a229-e1ca8f28b141,tshirt,03-01-2026,1550,930,920,TRUE,55,0.5935,7725,557,3,0.9299,casual,brights,all_season,0.4,like_new,0.86,olx
567d3681-b81d-4889-ad17-8bbe963ed14f,5ec5779d-baa8-48a0-b077-3d8425ff9f8c,sweater,02-01-2026,11165,7200,,FALSE,,,296,8,2,0.0134,minimal,prints,winter,0.5775,fair,0.52,manual
88dd7bcc-acbf-44aa-a147-2252e35ffa58,,jeans,19-03-2026,2290,1330,,FALSE,,,66,3,3,0.005,casual,metallics,all_season,0.4,like_new,,olx
a6b4dcfe-8f40-48c1-9162-dbe9953994c9,360fc39e-9054-4bf9-82bd-f22cb26a5d48,kurta,26-02-2026,7060,3060,2830,TRUE,14,0.4008,6474,67,11,0.112,ethnic,prints,all_season,0.75,good,0.58,meesho
82ec47f1-ff0a-4442-ac47-265041b049f6,,tshirt,20-06-2025,2520,2010,1720,TRUE,113,0.6825,4478,493,5,0.823,athleisure,darks,all_season,0.7,fair,,olx
0dd1a4f8-7c25-4043-bc0b-024980c216f5,,kurta,02-05-2026,7060,5370,4810,TRUE,20,0.6813,957,395,5,0.6605,fusion,prints,all_season,0.8,fair,,olx
c9c08382-b45b-452f-bee7-9ac8d4d25c4d,bee35233-54a0-4828-ab5e-ba5b9894be5d,lehenga,16-07-2025,9470,4200,,FALSE,,,148,24,1,0.0402,ethnic,darks,festive,0.8625,good,0.63,olx
4ea8010d-aeff-4910-a94e-93175a9aac16,,jacket,29-07-2025,8050,7870,7860,TRUE,104,0.9764,4976,357,8,0.595,casual,metallics,winter,0.42,like_new,,meesho
3feef3b2-a59c-46c6-923d-132d9afa2744,,skirt,17-02-2026,2690,1150,,FALSE,,,273,38,3,0.0633,casual,brights,all_season,0.4,fair,,kaphor
c11dc309-15c3-4829-94a9-4d59feb8553c,,saree,21-06-2025,14100,1700,1500,TRUE,73,0.1064,1495,392,13,0.6533,ethnic,pastels,festive,0.8625,like_new,,olx
a73fe7d9-3580-4b88-9360-dc46d9a3e7d7,,other,19-10-2025,3770,1550,1540,TRUE,81,0.4085,6179,159,8,0.2654,casual,metallics,all_season,0.4,good,,olx
a99c8c20-783b-4ee1-b791-19d222235e47,,dress,31-03-2026,5980,2560,,FALSE,,,156,38,3,0.0692,"casual,formal",metallics,all_season,0.425,good,,meesho
217d535e-1fba-4302-aa28-ca55e18b7992,,trousers,19-09-2025,5970,4730,,FALSE,,,199,23,2,0.039,formal,brights,all_season,0.45,poor,,olx
9cf56001-8c16-470d-b0fe-41e6d68360c0,59404f1a-da7a-4373-907a-09590f6e835a,lehenga,08-08-2025,9470,4280,,FALSE,,,28,19,1,0.0318,casual,metallics,festive,0.46,fair,0.43,olx
207ce12b-b309-47e9-b073-b7f0cda2f555,,jacket,11-07-2025,8050,2400,,FALSE,,,369,3,0,0.005,casual,pastels,all_season,0.4,good,,olx
1ee4e336-d76e-46d1-acad-44e6d639b812,,formal_shirt,19-04-2026,5820,1240,,FALSE,,,82,6,1,0.0103,"officewear,formal",prints,all_season,0.45,poor,,olx
ba1bd28c-1998-44b2-9d7e-688433c583c8,,kurta,11-01-2026,7060,4490,,FALSE,,,222,27,3,0.0452,fusion,pastels,all_season,0.8,new_with_tags,,olx
d09509d9-8962-4f9f-9462-3055bc9ddd90,,lehenga,01-05-2026,9470,5040,,FALSE,,,255,36,3,0.0603,ethnic,brights,festive,0.8625,new_with_tags,,manual
56a37278-8c5c-4f34-818b-b7bfc06ae596,,coat,10-05-2026,5990,3040,,FALSE,,,316,35,2,0.0613,casual,metallics,winter,0.42,like_new,,meesho
cc7910c7-7f2b-4a8d-bb2d-a099aa1932ee,,tshirt,27-07-2025,2520,410,380,TRUE,113,0.1508,6383,501,6,0.8364,casual,darks,all_season,0.4,fair,,olx
299d53eb-5f1d-40e8-aad9-87471714f1e5,,kurta,11-01-2026,9340,4820,,FALSE,,,91,39,1,0.0652,fusion,brights,all_season,0.8,like_new,,olx
88f77220-e76e-474d-bdaf-2a74ccc53564,,trousers,09-03-2026,2240,780,,FALSE,,,249,13,3,0.0221,casual,metallics,all_season,0.4,fair,,olx
ef2bbbb4-d852-491b-b246-a9bd482c3801,80b18d59-48fa-4f7e-b208-8b39be570d25,formal_shirt,07-10-2025,5820,2410,,FALSE,,,451,45,3,0.0771,"casual,formal",neutrals,all_season,0.425,good,0.6,olx
6b6a89c6-a596-467f-af17-27daefcecbb5,,jacket,02-03-2026,1200,1010,940,TRUE,21,0.7833,1657,369,7,0.615,casual,darks,all_season,0.4,new_with_tags,,olx
7e73d4f9-2ea2-41a5-af84-d9b53fbf02f2,,tshirt,26-03-2026,960,590,,FALSE,,,351,37,1,0.0618,casual,brights,all_season,0.4,like_new,,olx
f0336da9-723f-42c2-8c0d-93dbc1531332,,shorts,01-09-2025,2690,730,710,TRUE,94,0.2639,6744,266,10,0.4433,casual,brights,summer,0.38,good,,olx
23de4ded-5957-4e10-8ff7-1b11093f75d7,a7abef17-8589-4f2e-88c1-7d9fc55177da,activewear,17-04-2026,4900,2480,,FALSE,,,180,41,0,0.0688,casual,brights,monsoon,0.34,good,0.62,manual
a0ef2508-1dda-4bef-846d-e411c7a19fee,,other,16-11-2025,1710,1300,,FALSE,,,310,32,2,0.0534,casual,darks,all_season,0.4,new_with_tags,,olx
0cd68759-4736-474f-9d45-df89e85a8a92,,blazer,16-11-2025,5765,2860,,FALSE,,,432,14,3,0.0236,officewear,brights,all_season,0.45,good,,olx
1b38322d-7b99-414c-8cc8-d35474a47384,1d540d62-4429-41b3-951a-71fd5380a63f,formal_shirt,27-03-2026,6440,3550,,FALSE,,,25,37,1,0.0634,"officewear,formal",darks,all_season,0.45,like_new,0.78,olx
6ab12130-83ca-4b8b-bac9-4cbc26e12bed,,anarkali,12-01-2026,11790,4970,,FALSE,,,148,0,3,0,bridal,metallics,festive,0.9775,good,,olx
90e84817-4c13-46c8-a9c6-03517ec67032,ad6a3db7-23b5-48a0-8387-806ada4784d4,tshirt,13-06-2025,2520,2010,,FALSE,,,490,36,3,0.0601,streetwear,neutrals,all_season,0.65,good,0.58,olx
302af3fe-1fe6-47de-8558-40e454c19fda,,tshirt,23-05-2026,2520,1290,1190,TRUE,72,0.4722,2206,558,5,0.9316,streetwear,prints,all_season,0.65,like_new,,olx
e0cf0240-02f6-4fcb-ac06-29de596a2165,704d3274-bdb0-4417-a54b-14ffad3e5a20,shorts,06-12-2025,1310,700,,FALSE,,,108,1,1,0.0017,athleisure,pastels,summer,0.665,like_new,0.83,olx
657d8f13-6a87-4e6f-bcda-7211e65e8f4f,,formal_shirt,21-12-2025,5820,2010,,FALSE,,,199,18,3,0.0308,"casual,formal",pastels,all_season,0.425,good,,olx
e3437aab-6643-461f-8c99-e635d3342bd7,,tshirt,14-09-2025,1630,1160,,FALSE,,,59,7,0,0.0117,streetwear,brights,all_season,0.65,like_new,,olx
1ad3e7f4-3a5f-4744-be08-f8a0a1b84118,8ed3a187-082f-4196-95f2-781fd8ca61d3,saree,15-10-2025,14100,11900,,FALSE,,,281,26,2,0.0433,bridal,darks,festive,0.9775,good,0.56,manual
8ba4a7cc-bede-41bf-8bf1-ff4fa86bb1a8,,trousers,19-07-2025,5970,3170,2880,TRUE,29,0.4824,5355,443,9,0.7521,officewear,brights,all_season,0.45,good,,olx
3ff0681b-04fe-4d74-a7d7-e2fe09345bce,d966e389-5fd8-4b6c-8f52-fc58bf492630,other,17-05-2026,3160,350,,FALSE,,,149,24,0,0.0401,casual,brights,all_season,0.4,like_new,0.82,olx
87fb9955-46ab-4cb8-97cc-8a5df9c25fdc,,tshirt,04-09-2025,2520,760,,FALSE,,,351,10,1,0.0167,casual,pastels,all_season,0.4,new_with_tags,,olx
0fead01c-a1a3-449b-b3f5-267b3a1bda18,1cbbb733-7695-42a0-ae99-cccdb9f081ef,activewear,06-12-2025,4900,670,,FALSE,,,13,32,3,0.0537,casual,neutrals,monsoon,0.34,fair,0.5,olx
8380f6ea-4ed6-4f0b-905b-417abc46834a,,saree,06-08-2025,14100,3330,,FALSE,,,215,26,1,0.0433,ethnic,prints,festive,0.8625,good,,olx
f1ccee2b-bcdf-4c8d-8d4f-91532960e43b,,jacket,29-01-2026,8050,6140,5230,TRUE,37,0.6497,4868,418,14,0.6967,casual,neutrals,winter,0.42,fair,,kaphor
83ed9856-12bf-4a0e-aa94-5d754240395b,,shirt,12-12-2025,2670,1110,,FALSE,,,62,24,2,0.0403,casual,darks,all_season,0.4,new_with_tags,,olx
1566398f-1ae4-4ec8-8e3b-7d9bed24e822,0dbc6add-384b-45de-8d14-8c5bbc0728f0,coat,01-03-2026,9620,3450,,FALSE,,,336,31,2,0.0543,casual,neutrals,winter,0.42,good,0.6,olx
ef990705-dab7-4edb-bb7a-c8ae32bdcaa0,,shorts,19-03-2026,2690,1110,1080,TRUE,105,0.4015,7608,328,13,0.5467,athleisure,prints,summer,0.665,like_new,,olx
d9e4d0f3-32b0-4a8a-a749-01e383b66a76,031b40f7-7ff4-4295-9e06-62e02bd3f8eb,anarkali,12-12-2025,11400,4650,,FALSE,,,203,35,3,0.0602,casual,pastels,festive,0.46,fair,0.52,meesho
a54a9725-0629-44b3-ac76-bc63d1edd9bd,,shirt,12-01-2026,2670,2070,,FALSE,,,332,25,2,0.042,minimal,brights,all_season,0.55,like_new,,olx
757ae2cb-bad5-4f19-b30e-4ceaba21d2dd,,blazer,06-02-2026,7030,4950,4770,TRUE,70,0.6785,2576,205,13,0.3463,casual,pastels,all_season,0.4,new_with_tags,,olx
0dccd2be-216b-4903-981b-aebb26ad8757,,kurta,01-09-2025,7060,1660,1650,TRUE,71,0.2337,6646,48,15,0.0803,casual,darks,festive,0.46,poor,,olx
12149fc5-2f8d-4316-9f8d-cc9a57074be6,,skirt,19-01-2026,2985,2440,,FALSE,,,221,4,0,0.0067,boho,neutrals,all_season,0.5,good,,olx
958d010b-01cd-4f75-8fa5-2921441eeb46,,tshirt,06-02-2026,2520,440,,FALSE,,,226,35,1,0.0584,minimal,darks,all_season,0.55,like_new,,olx
0b84b3cd-6aad-4041-84af-13bbbc0fbcb4,,other,09-09-2025,3950,2450,2340,TRUE,6,0.5924,3675,104,15,0.1736,casual,darks,all_season,0.4,like_new,,olx
a7721c94-0368-4e2f-852e-a8986ba7f5f2,,dupatta,28-03-2026,4010,2380,2370,TRUE,24,0.591,1988,442,4,0.7379,fusion,brights,festive,0.92,good,,olx
81315785-9584-4101-b97d-3aa36ec11a18,370da1fc-0bc7-4c13-b078-776e8ba7bcb6,jeans,16-10-2025,830,620,,FALSE,,,294,21,1,0.0351,streetwear,brights,all_season,0.65,new_with_tags,0.98,olx
d74fed2d-24bb-406c-95a7-0ef2b2e37ba3,14782c4d-5b4f-4236-b9bf-a0dd18150ee0,other,24-10-2025,3160,530,,FALSE,,,186,14,3,0.0234,casual,metallics,all_season,0.4,poor,0.21,meesho
9c890691-5e02-48ef-b110-c672c67ba9a0,b5fb7787-f773-4647-b8f7-cb9ae995294a,jacket,01-12-2025,8050,7000,6440,TRUE,83,0.8,1155,397,15,0.6617,casual,darks,all_season,0.4,like_new,0.81,olx
88cc2e6c-a7c8-491b-9936-38e7151fa78a,,shorts,07-07-2025,2700,2030,,FALSE,,,148,18,3,0.03,athleisure,prints,summer,0.665,new_with_tags,,olx
7342979f-1787-4a29-9f65-cc51ecc391a8,,other,24-01-2026,2080,1510,,FALSE,,,237,20,3,0.0334,casual,neutrals,all_season,0.4,like_new,,olx
da514450-669e-41dc-8b14-7ad7fd6f61d9,269447ff-178f-4811-8a03-5eba6baf99e3,blazer,23-10-2025,5765,3310,3000,TRUE,97,0.5204,444,68,10,0.1149,officewear,brights,all_season,0.45,like_new,0.85,olx
5a931edb-1e7b-4c66-9fa9-5ee46f154f11,e84584ca-b921-4185-85b1-a6dbeed9d74e,kurta,05-01-2026,7060,1860,1780,TRUE,14,0.2521,898,67,1,0.112,ethnic,prints,all_season,0.75,good,0.56,manual
89ee6e6d-bfcc-48d0-bd95-5c7074795edf,,kurta,02-08-2025,5300,4430,4030,TRUE,52,0.7604,2909,28,4,0.0468,ethnic,darks,all_season,0.75,new_with_tags,,olx
ab14d4df-e00f-4603-856a-32d4e69aede5,,saree,28-11-2025,35530,23500,,FALSE,,,251,42,2,0.07,casual,prints,festive,0.46,like_new,,olx
c01130d1-5829-4592-a2bc-cf7a53e1b274,,lehenga,27-06-2025,9470,9470,,FALSE,,,177,35,0,0.0586,bridal,darks,festive,0.9775,like_new,,olx
22400cd8-6db7-4eb3-b326-b3e0ff5b3566,240007dc-fb51-4d06-addb-a193a9bd8df7,other,21-06-2025,3160,1070,,FALSE,,,432,24,2,0.0401,casual,neutrals,all_season,0.4,new_with_tags,1,meesho
4758f597-bc81-4486-9a14-16fdd916031b,,formal_shirt,25-06-2025,5820,2820,,FALSE,,,146,40,1,0.0685,formal,darks,all_season,0.45,good,,olx
cd10371a-df0d-4624-811e-474f7116d3f8,,jeans,04-04-2026,2480,1580,,FALSE,,,331,42,0,0.0702,streetwear,darks,all_season,0.65,fair,,olx
127529c2-1684-4f00-9365-1c196eb56953,,anarkali,10-05-2026,5545,1040,,FALSE,,,48,10,1,0.0172,fusion,prints,festive,0.92,good,,olx
bcbca413-7e46-4f1c-8aab-27de4179034c,b81315fb-3bc9-4d36-b8d6-9c3970283b6b,formal_shirt,15-02-2026,5820,3880,,FALSE,,,245,5,1,0.0086,formal,neutrals,all_season,0.45,good,0.59,olx
5a8f8647-d9d3-44c3-9b9a-81bc49ae8a71,958ca4dc-2781-4986-9ae8-ea1334ae2e4e,shorts,18-05-2026,2690,1230,,FALSE,,,92,2,1,0.0033,casual,prints,summer,0.38,fair,0.37,olx
9083e665-19f9-41a1-ad54-eafd29fdb709,,activewear,15-01-2026,4900,2100,,FALSE,,,371,32,0,0.0537,athleisure,brights,all_season,0.7,poor,,olx
deec018d-59e2-4e4d-9b01-0fd9ef1a6297,94250a0e-d02c-4315-977f-9365ae41a32a,jeans,18-02-2026,2740,2080,1780,TRUE,86,0.6496,7542,455,6,0.7609,minimal,neutrals,all_season,0.55,new_with_tags,0.95,olx
92f42467-139b-4e0d-b060-66c7a4f4f4e6,,other,11-07-2025,3160,1340,,FALSE,,,401,0,2,0,casual,pastels,all_season,0.4,good,,olx
8719383f-2bb7-489c-bd62-0c16495b27a9,,saree,18-09-2025,14100,5820,5630,TRUE,91,0.3993,1990,352,10,0.5867,ethnic,pastels,festive,0.8625,good,,olx
a0a46eb9-f449-49ce-81d8-20487f60f1ac,,kurta,20-12-2025,7060,1790,,FALSE,,,218,27,0,0.0452,ethnic,metallics,all_season,0.75,poor,,meesho
4f1dfa66-3826-469a-9e49-fcd5ddbec3fb,,blouse,15-06-2025,7880,5930,5740,TRUE,33,0.7284,182,176,3,0.2948,ethnic,darks,festive,0.8625,good,,olx
8c95ea0a-e6e2-474e-a652-13a0bbbf5c9a,,shirt,10-08-2025,2670,620,570,TRUE,22,0.2135,2727,537,2,0.9025,minimal,darks,all_season,0.55,like_new,,olx
1a2e08ad-51e5-4640-8641-518ac2dc5f12,,trousers,10-10-2025,5110,3760,3220,TRUE,100,0.6301,3371,547,13,0.9287,casual,prints,all_season,0.4,like_new,,meesho
0c0cb0a7-2c44-4109-8a15-24d078a75280,,shorts,23-07-2025,2690,2280,2070,TRUE,95,0.7695,6129,56,9,0.0933,casual,brights,summer,0.38,fair,,olx
5aeeda6a-0e9f-46ea-b162-3df688c7aff9,9bb74333-ab61-488b-8ae8-fc23b6503419,tshirt,22-01-2026,2910,1560,,FALSE,,,338,45,1,0.0751,casual,metallics,all_season,0.4,good,0.59,olx
67e7aa3f-fb65-444e-9ee6-8ae344465f52,,saree,11-09-2025,14100,5830,,FALSE,,,163,30,2,0.05,ethnic,prints,festive,0.8625,new_with_tags,,olx
36e5168e-b73c-4bf1-867c-f048596cf4c3,0aaca615-1157-453d-b1f2-ea4c99d93677,shorts,11-11-2025,3780,1930,,FALSE,,,97,7,2,0.0117,casual,pastels,summer,0.38,like_new,0.82,meesho
b61dc06c-72e0-4ddc-a9fb-bbc8b6fbd93c,03848dd2-120d-4921-9a01-2a89e75b887b,activewear,03-06-2025,4900,2030,1790,TRUE,67,0.3653,2550,204,4,0.3423,casual,pastels,all_season,0.4,like_new,0.78,olx
b3e742a0-8b76-4f45-a936-27f2a8a75da5,536d1419-f8ec-4553-936c-9da9cd8277b3,kurta,14-11-2025,7060,5660,,FALSE,,,484,22,2,0.0368,fusion,neutrals,all_season,0.8,new_with_tags,0.96,olx
10bce110-acf7-4080-83d7-3d3fa3acdc68,,kurta,25-02-2026,7060,4320,,FALSE,,,380,44,2,0.0736,casual,prints,festive,0.46,good,,kaphor
0dc9bf10-32d4-4f1e-9c07-f4b89f20e4e3,b13da395-c889-458b-a6c0-3a009bfedb3d,shirt,18-11-2025,2670,1400,,FALSE,,,449,16,0,0.0269,streetwear,metallics,all_season,0.65,good,0.67,olx
7e7e14ac-3a78-46d3-bbdb-de640961ab2c,c9e19332-f617-4172-875b-87ba89261fd3,kurta,11-07-2025,7060,2600,,FALSE,,,306,18,3,0.0301,ethnic,darks,all_season,0.75,good,0.63,olx
21d343f0-2da4-4a66-b04c-530a1936eae3,d2515235-44b9-449e-9cd9-70c4736f969f,formal_shirt,25-11-2025,7390,2480,,FALSE,,,224,18,0,0.0308,formal,prints,all_season,0.45,fair,0.51,olx
92f2f730-4e81-44fd-9c10-54487b070f2a,,skirt,28-01-2026,2985,1090,1090,TRUE,11,0.3652,369,198,12,0.33,casual,brights,all_season,0.4,like_new,,olx
5a1d8de5-f138-4463-ab19-79be6100d63c,,kurta,19-11-2025,7060,3080,3070,TRUE,29,0.4348,2491,550,8,0.9197,ethnic,pastels,all_season,0.75,good,,olx
20047b24-8e0b-4025-8e62-47c9f8c5173f,,lehenga,13-04-2026,9470,3340,,FALSE,,,342,38,1,0.0637,ethnic,pastels,festive,0.8625,like_new,,olx
7d0d7c27-ca73-4e4d-8c13-418a62d598fa,,trousers,27-12-2025,5970,3830,3410,TRUE,46,0.5712,6642,413,5,0.7012,casual,brights,all_season,0.4,like_new,,olx
843a9fda-4a5c-459a-9b9b-c89487a40963,,lehenga,24-09-2025,10550,5730,5350,TRUE,54,0.5071,2081,455,6,0.7621,ethnic,prints,festive,0.8625,good,,olx
21c65592-0525-4798-a0d7-9dcb2324f1c0,f430b232-d546-4432-8e69-3db61226ae6f,formal_shirt,15-09-2025,4760,2270,,FALSE,,,281,19,2,0.0325,"casual,formal",pastels,all_season,0.425,good,0.74,olx
f179ca3f-4c7a-46d0-97df-13d551c4a8dc,5ac55167-9efb-4d34-91fd-f3df19a45b5e,tshirt,25-07-2025,3880,2080,1960,TRUE,10,0.5052,3195,366,12,0.611,minimal,metallics,all_season,0.55,like_new,0.87,olx
679f5861-8902-4b40-ba31-40388d375f6f,,jeans,18-03-2026,2480,750,,FALSE,,,290,43,0,0.0719,casual,metallics,all_season,0.4,poor,,olx
62df266c-49e2-47e1-8bdc-ad9e942cb28f,3f934b27-5b14-4ed4-a6ba-655361e7bbbe,sweater,18-05-2026,13160,5450,5220,TRUE,20,0.3967,5979,305,4,0.5109,casual,neutrals,winter,0.42,good,0.57,olx
106b5721-6e40-43c0-804b-851e251180da,406d0b31-151a-4d3d-bcdb-01f3133d470f,tshirt,13-07-2025,420,330,310,TRUE,118,0.7381,7261,243,2,0.4057,casual,prints,all_season,0.4,new_with_tags,0.95,olx
31c980f8-f172-4f65-b5e3-1f21fb3da0c5,79bbb8d0-4cc2-457a-87b7-f0cd31c0496f,anarkali,18-12-2025,5545,1000,920,TRUE,4,0.1659,842,484,9,0.833,ethnic,darks,festive,0.8625,fair,0.45,manual
8c731778-f4cc-4f03-bb43-68d5029024c4,,kurta,16-12-2025,7060,3230,,FALSE,,,378,39,1,0.0652,fusion,neutrals,all_season,0.8,good,,olx
6ba2736d-3385-4b2b-8870-f1fb9aef61e7,,activewear,25-03-2026,4900,720,,FALSE,,,398,9,1,0.0151,athleisure,pastels,all_season,0.7,fair,,olx
086cada6-c68a-4c70-8d80-82c251433868,,shorts,07-09-2025,1030,640,,FALSE,,,213,0,2,0,casual,metallics,summer,0.38,like_new,,olx
62f83330-7f95-4ff2-8338-e16887f4e6cc,d76a1c25-a236-4c77-a7d7-5b8c88d3a414,coat,26-01-2026,9620,7560,7400,TRUE,85,0.7692,4629,181,12,0.317,formal,metallics,winter,0.4725,good,0.61,olx
05c45ecb-85e5-4bcd-b1c5-1c190d416187,dc18ffb7-067d-4a24-9acf-978a0f1dec97,jeans,21-01-2026,2480,1320,1230,TRUE,8,0.496,5815,197,12,0.3294,streetwear,pastels,all_season,0.65,good,0.69,meesho
ed227cad-64d4-407c-8978-3c7250b9be92,,saree,19-07-2025,14100,14100,,FALSE,,,444,45,2,0.075,bridal,neutrals,festive,0.9775,fair,,olx
d74bc897-49a0-403e-993d-44740b3d8b41,cb90dc8a-0543-4ca3-ac4f-9a9d8e241154,tshirt,30-03-2026,2520,730,,FALSE,,,345,42,0,0.0701,athleisure,metallics,all_season,0.7,fair,0.51,olx
5ce42d34-505b-4cc1-bd65-c29cc74cfbbd,4031d7af-491e-4eb5-b1ca-a9d2220c6d6f,blazer,05-02-2026,5765,4130,3800,TRUE,108,0.6592,5715,222,8,0.375,"casual,formal",brights,all_season,0.425,new_with_tags,0.94,meesho
1f07d0e7-878d-48ee-a801-aa02c3dbbfd2,03f9fbf4-fb7d-4b44-ad8d-8398e74880aa,saree,29-08-2025,14100,5690,,FALSE,,,351,37,3,0.0617,ethnic,pastels,festive,0.8625,good,0.6,olx
a7597a9e-6de0-4f86-a6d4-7778c97cec87,a45507d7-1bb0-4915-b3b4-520ec2eb47b5,trousers,20-04-2026,6050,3260,3100,TRUE,30,0.5124,3547,349,12,0.5925,formal,pastels,all_season,0.45,like_new,0.76,manual
47e3ef82-1812-4158-be90-1dc8a7013d7e,d113b0b7-946f-4db1-8ba6-03612ce1a338,saree,23-10-2025,14100,880,,FALSE,,,61,6,1,0.01,ethnic,neutrals,festive,0.8625,good,0.63,olx
38ac44af-0637-48fb-a63e-acf4a1059546,,coat,22-09-2025,9620,1180,,FALSE,,,202,20,0,0.035,casual,metallics,winter,0.42,good,,olx
87cb1934-70a6-46df-a218-1b74f745c7a0,6fa94693-6681-4f4e-b894-f6d5bcf16fd5,shirt,03-05-2026,2670,460,,FALSE,,,488,3,2,0.005,casual,darks,all_season,0.4,new_with_tags,1,olx
dcae04ae-e61d-4c16-a6aa-926c887556b0,ddd252e0-5f4e-49d9-976a-4ce312eb4307,activewear,21-09-2025,4900,1800,1590,TRUE,33,0.3245,966,552,4,0.9262,casual,pastels,all_season,0.4,good,0.71,olx
aca24512-f7b2-434b-a804-b175a515b78c,,trousers,04-06-2025,5970,3900,3740,TRUE,114,0.6265,4195,489,9,0.8302,casual,prints,all_season,0.4,good,,olx
43737bbf-da41-43df-84e2-7a79ba0be9c1,f5819a38-069c-4fe4-912a-edd5508e2e03,shorts,14-08-2025,8290,1970,1720,TRUE,57,0.2075,4994,369,6,0.615,athleisure,neutrals,summer,0.665,poor,0.14,kaphor
91aa1fe1-dccb-46a5-b16a-4377834bc649,d07baa04-67cb-483e-9d91-316eab1234d4,other,26-08-2025,3700,2490,2170,TRUE,97,0.5865,2805,135,2,0.2254,casual,darks,all_season,0.4,like_new,0.82,olx
96811c73-5930-4415-8dbf-a1490b99522c,,dupatta,25-12-2025,6950,5200,,FALSE,,,26,29,2,0.0484,ethnic,metallics,festive,0.8625,like_new,,olx
af831de0-0a5c-442f-979d-ece03d56cae0,,jacket,05-06-2025,8050,6410,,FALSE,,,424,44,1,0.0733,casual,pastels,all_season,0.4,fair,,olx
7f6077c5-e1d7-4c12-83e5-161aeaf5bc7d,,other,07-04-2026,3160,420,,FALSE,,,91,3,2,0.005,casual,metallics,all_season,0.4,like_new,,olx
7081c150-998f-4b3a-b81b-fa78df2040cc,,lehenga,22-06-2025,1790,1070,1070,TRUE,52,0.5978,2716,214,11,0.3585,ethnic,darks,festive,0.8625,good,,olx
a559eb81-ae1c-4577-85ac-1db33ca9012a,,shorts,22-08-2025,560,450,430,TRUE,108,0.7679,7504,452,9,0.7533,casual,metallics,summer,0.38,new_with_tags,,meesho
885ff3e7-34c1-4c86-a872-2c5b0c964614,,kurta,17-01-2026,25020,4230,,FALSE,,,95,8,3,0.0134,fusion,metallics,all_season,0.8,poor,,olx
891ebb7e-4814-4288-a719-c929580a16a9,eaa1cb8e-8499-4773-8bad-8062667695c0,tshirt,02-04-2026,2520,930,,FALSE,,,269,42,1,0.0701,casual,metallics,all_season,0.4,good,0.57,manual
9c91cfc1-027d-4032-919c-a8d20694e936,,tshirt,08-02-2026,980,560,490,TRUE,4,0.5,6265,356,10,0.5943,streetwear,darks,all_season,0.65,good,,olx
20cb6294-514d-4317-8f15-8f801901f4a9,,trousers,23-03-2026,6120,4980,,FALSE,,,102,13,0,0.0221,casual,brights,all_season,0.4,new_with_tags,,olx
8615b3f4-a414-469f-b02c-f66b8f820910,cef9a453-f185-4f68-a09c-64e24b064728,jacket,21-12-2025,4430,3980,,FALSE,,,233,37,3,0.0617,casual,darks,all_season,0.4,new_with_tags,1,olx
b365d1c3-9689-42c7-81d6-588bd437c4a6,,other,19-08-2025,3160,2390,2390,TRUE,64,0.7563,6637,460,8,0.7679,casual,pastels,all_season,0.4,poor,,olx
8588fddd-2af4-4ddf-bf51-bf31cec25ed2,b46d7c55-cc4b-475e-8193-fddc9acc0801,coat,30-07-2025,9620,4250,,FALSE,,,352,32,0,0.056,casual,darks,winter,0.42,new_with_tags,0.95,olx
5049b260-9ab2-4af7-9192-87ca77df3396,a9029727-28fa-4481-9cbc-f1cdb865b8b3,saree,05-05-2026,14100,14100,13150,TRUE,14,0.9326,1672,131,9,0.2183,ethnic,prints,festive,0.8625,like_new,0.76,meesho
836cb18b-2f34-4507-ba52-29ce2e8b4e6d,,jacket,13-05-2026,8050,3130,,FALSE,,,344,28,1,0.0467,casual,pastels,all_season,0.4,good,,manual
ff1a65fb-f1da-40c7-80f6-a6fa5ef86fbe,fb633622-6f91-44d6-acba-6b9784666497,shorts,19-10-2025,2690,570,,FALSE,,,177,12,2,0.02,casual,prints,summer,0.38,good,0.71,meesho
7fbdfa6c-64f1-48f6-a549-723006208b03,af26eda7-d603-49f1-b670-534cbcd599ab,skirt,30-07-2025,870,370,350,TRUE,75,0.4023,183,346,3,0.5767,casual,metallics,all_season,0.4,fair,0.36,olx
cece518f-d63c-435a-b349-aab16034278a,,shorts,28-09-2025,2690,980,,FALSE,,,395,24,3,0.04,athleisure,neutrals,summer,0.665,fair,,meesho
a888a48e-6958-436a-b8c7-33a850fb4143,,jeans,26-01-2026,2900,1450,1310,TRUE,119,0.4517,7025,346,7,0.5786,streetwear,metallics,all_season,0.65,good,,meesho
e95226db-ec56-4d8f-a02e-12cad5793cda,,other,26-07-2025,2220,830,,FALSE,,,297,34,0,0.0568,casual,neutrals,all_season,0.4,fair,,olx
351a0d8b-2c29-4e89-9794-5243a9ef773b,,activewear,24-05-2026,4900,570,,FALSE,,,189,1,3,0.0017,athleisure,neutrals,all_season,0.7,like_new,,olx
616ce9de-7703-4b60-aee3-47e505779bc3,,dupatta,06-06-2025,7260,3700,,FALSE,,,15,12,0,0.02,ethnic,neutrals,festive,0.8625,good,,olx
2c703328-42cd-423b-b7e9-fc277da4dc97,,dupatta,17-05-2026,6070,3930,3690,TRUE,56,0.6079,3226,51,5,0.0851,ethnic,pastels,festive,0.8625,like_new,,olx
d8a9c941-3b1e-402e-af6a-32fcf9947ecb,9fcb2b02-15dd-479a-ba9a-602755c4d2be,dupatta,09-05-2026,6070,810,750,TRUE,116,0.1236,1223,161,10,0.2688,fusion,metallics,festive,0.92,new_with_tags,0.95,olx
de355b30-f773-4642-96e7-9f4373c1d2fd,,lehenga,25-08-2025,18820,10500,,FALSE,,,354,30,1,0.0503,bridal,brights,festive,0.9775,good,,olx
344fdd7b-3993-46c6-8444-289a6c0ade99,91a03bce-9a83-47cb-9278-ffe91d981fc8,blazer,19-06-2025,2670,2260,1980,TRUE,3,0.7416,5036,79,10,0.1334,officewear,pastels,all_season,0.45,new_with_tags,0.9,olx
e06c6884-46c3-4463-8b88-f4a9068b479e,8dfbac29-3dd8-4dd9-871b-69df4669f44d,shirt,24-09-2025,2670,1750,,FALSE,,,485,18,2,0.0303,casual,neutrals,all_season,0.4,good,0.62,olx
d71f8629-b5c8-4449-af72-e385358fb5a8,f8f7b040-de5c-4133-a6c9-83bfb19668f9,shorts,27-12-2025,1160,610,,FALSE,,,427,21,2,0.035,casual,metallics,summer,0.38,good,0.64,olx
2978a120-db10-4e46-b704-4ae099223800,e4fc4d36-714d-4b55-91a6-8a36800c06c2,saree,24-06-2025,14100,2880,2740,TRUE,91,0.1943,2167,135,4,0.225,casual,prints,festive,0.46,good,0.57,olx
67d377f8-a657-4b4b-8663-a694fc4d84b8,,saree,23-05-2026,14100,980,,FALSE,,,496,40,3,0.0667,ethnic,brights,festive,0.8625,poor,,olx
3ad8b259-e68c-44b0-b7c3-a00cb364b6c2,,kurta,08-07-2025,7060,2050,2050,TRUE,105,0.2904,7989,322,5,0.5385,ethnic,prints,all_season,0.75,like_new,,olx
5f183edc-ca67-473b-959f-94a2f20dc7fc,,tshirt,06-10-2025,2520,2460,2100,TRUE,34,0.8333,1751,242,15,0.404,athleisure,metallics,all_season,0.7,poor,,meesho
983c2ec1-5c5e-4196-b212-4f44f73762e9,1749231c-521f-471a-ad6e-2561fae7b7fb,formal_shirt,25-01-2026,4490,2810,2660,TRUE,35,0.5924,4928,385,14,0.6592,formal,brights,all_season,0.45,like_new,0.88,olx
3f7c12df-e178-4912-a1d6-3cff666cbee6,,skirt,22-12-2025,2985,550,470,TRUE,57,0.1575,249,420,15,0.7,boho,darks,all_season,0.5,good,,olx
c11ca24f-1413-40d4-b22e-04ddb7ce48ec,190df55f-fbce-49c9-bb58-a40d5557b0b6,other,03-07-2025,3160,1540,,FALSE,,,401,28,2,0.0467,casual,brights,all_season,0.4,like_new,0.8,kaphor
95190fbe-b292-4f33-bd0c-f74f24d4e9d2,0da50f51-d5ab-4089-a763-589e74aeb731,trousers,21-09-2025,4880,4140,,FALSE,,,134,35,1,0.0594,formal,pastels,all_season,0.45,new_with_tags,0.94,olx
0dc7c015-6b91-4359-b9f6-ebfd52ddeec5,0c80cc13-6f16-4a6d-9673-350711cee36c,tshirt,04-03-2026,2520,500,460,TRUE,33,0.1825,2082,450,8,0.7513,casual,pastels,all_season,0.4,like_new,0.83,olx
1336c5af-eec3-4a5d-bf3c-b268ef50ed59,5abc5ccc-685c-41f4-bbeb-18a5ef7743cb,saree,08-06-2025,14100,13400,,FALSE,,,167,34,2,0.0567,ethnic,darks,festive,0.8625,good,0.68,olx
8dca3e70-b8a8-41e8-a4ad-12ff6f7eb8ea,,lehenga,09-12-2025,9470,3180,,FALSE,,,456,37,0,0.062,ethnic,brights,festive,0.8625,poor,,olx
c1efd965-99da-4ba0-b61b-e4d7493988c7,,kurta,27-08-2025,7060,2930,2700,TRUE,12,0.3824,4837,486,4,0.8127,casual,neutrals,festive,0.46,poor,,kaphor
d3bff0c0-d0f0-49d9-9171-571da0d43973,bdd4b6ce-12e5-4c37-90d1-8f2f557eaa59,kurta,14-01-2026,7060,4330,4050,TRUE,21,0.5737,1153,176,14,0.2943,casual,metallics,all_season,0.4,good,0.55,olx
a27f6cf8-73fd-4128-abaf-00c65f1cc997,f8eaf256-bc54-4c41-95aa-ca19dcf000a2,trousers,14-01-2026,5970,2900,,FALSE,,,336,24,2,0.0407,officewear,brights,all_season,0.45,new_with_tags,0.97,olx
a92d7c8f-050a-4e9e-aeab-c9166e161623,,trousers,07-10-2025,5970,3550,,FALSE,,,271,1,2,0.0017,casual,brights,all_season,0.4,good,,olx
8c6d273c-eaf0-4482-9d6c-ee0854eedf93,000d1acb-3e88-41d8-aa1e-6221090cdc5e,jeans,13-06-2025,2480,2160,,FALSE,,,450,45,3,0.0753,streetwear,brights,all_season,0.65,poor,0.26,olx
b455dbc0-d12a-4101-924e-b44406d7455b,2a7fb459-19b4-4a2a-891a-c3df5ccfd9bb,lehenga,12-02-2026,66550,44000,,FALSE,,,60,44,2,0.0737,bridal,pastels,festive,0.9775,like_new,0.86,meesho
4ad101f4-c914-44aa-aa1e-58fab130c44e,1a51102a-e0bb-4567-9b07-9417498115ad,shirt,23-11-2025,2670,360,,FALSE,,,175,13,0,0.0218,casual,metallics,all_season,0.4,new_with_tags,0.91,olx
fae7eaba-1d09-498f-a501-8ac9d88c9c2c,e0955632-2550-4d5f-9f93-4c25e5fde19b,activewear,15-04-2026,4900,1920,,FALSE,,,172,1,1,0.0017,athleisure,metallics,all_season,0.7,good,0.67,olx
6bb432f2-f432-468a-9eeb-fa59d1324fcb,,tshirt,09-06-2025,5020,930,890,TRUE,42,0.1773,2788,110,15,0.1836,minimal,neutrals,all_season,0.55,poor,,manual
e0dfbc25-f001-4e90-b438-37c1fb5d52fb,,blazer,10-10-2025,5765,3520,,FALSE,,,56,33,0,0.0557,casual,brights,all_season,0.4,like_new,,meesho
94e5991b-f1b6-4a94-b973-158b5de1d250,,saree,02-10-2025,5010,2210,2180,TRUE,13,0.4351,6242,486,11,0.81,ethnic,prints,festive,0.8625,good,,olx
0580b451-9aaa-482b-84fa-1253e8e6d0f7,,trousers,01-05-2026,5970,4960,,FALSE,,,10,4,2,0.0068,officewear,neutrals,all_season,0.45,good,,olx
57ce05f2-75cc-48a6-8308-3ef0f127b0cd,0cbcded9-0848-4de3-bd1c-1921c78a19d0,lehenga,06-10-2025,9470,9470,,FALSE,,,129,4,2,0.0067,bridal,prints,festive,0.9775,like_new,0.77,kaphor
399c0aec-72e5-4328-afd2-8e03554b9add,,shirt,22-09-2025,3520,1030,1020,TRUE,41,0.2898,4798,588,11,0.9882,minimal,neutrals,all_season,0.55,fair,,olx
9abdeab5-2fd9-443d-aba4-4e0d41aa6ad8,,jeans,05-05-2026,14810,2170,,FALSE,,,113,4,0,0.0067,streetwear,prints,all_season,0.65,poor,,olx
0200b3c9-2667-4052-a571-b23c542cbf1e,,anarkali,15-03-2026,5545,2180,,FALSE,,,356,29,1,0.0499,bridal,darks,festive,0.9775,poor,,olx
1fd13861-98de-4633-ac83-2a04e0694b77,,formal_shirt,17-04-2026,5820,2480,,FALSE,,,82,0,2,0,formal,pastels,all_season,0.45,good,,olx
9bbbc9a5-67a7-4a56-87be-2408834b9b0a,,formal_shirt,13-03-2026,5820,3200,2730,TRUE,119,0.4691,4432,261,10,0.4469,formal,neutrals,all_season,0.45,poor,,olx
59a6b8b4-6aa1-4a25-adc2-10a7747fd188,,dupatta,11-04-2026,6070,4880,4510,TRUE,73,0.743,2228,63,7,0.1052,ethnic,neutrals,festive,0.8625,poor,,kaphor
07f993c5-aec1-4d0a-b693-42ca9bfdbdd4,2a5c0b63-de95-4bbd-b644-6dbce4ac06f9,formal_shirt,13-10-2025,1790,1120,1080,TRUE,51,0.6034,3628,254,5,0.4349,formal,brights,all_season,0.45,like_new,0.76,olx
dcba2de4-1d69-4f34-8a01-8132c4e42fa6,,activewear,07-01-2026,4900,1200,,FALSE,,,43,23,3,0.0386,casual,prints,all_season,0.4,like_new,,olx
75a92945-2c9d-4273-a3c3-db03b1b5d53b,c98ad975-4cf5-4970-9e0d-39c119b2793a,dress,10-02-2026,5980,2620,,FALSE,,,263,24,0,0.0437,casual,neutrals,all_season,0.4,poor,0.21,olx
bc0a6bf3-3670-45cc-84ba-dd45fbb7d836,3105eb1f-7f1a-4ee8-b994-cc52ac4b7b9c,blouse,30-07-2025,11230,5570,4800,TRUE,48,0.4274,5739,494,2,0.8275,bridal,neutrals,festive,0.9775,good,0.68,manual
b2fc9a76-1f2f-4310-9d20-fe9943547b30,8eb42505-9081-4dd6-a075-8b92ffa0384b,saree,28-07-2025,4570,2000,1790,TRUE,104,0.3917,7713,277,11,0.4617,ethnic,metallics,festive,0.8625,good,0.65,olx
46015039-50e4-428d-863d-d53216892412,31bf7ab3-8b66-4adc-87cf-296af820d0bd,jacket,27-04-2026,7960,1260,,FALSE,,,489,1,3,0.0017,casual,metallics,winter,0.42,poor,0.3,olx
92b8d12f-87e6-4d96-b821-a9666184a9e3,,kurta,16-02-2026,7060,2540,2510,TRUE,66,0.3555,7709,502,5,0.8395,ethnic,prints,all_season,0.75,fair,,olx
7a6863e6-a939-45f3-8fe6-7de599078020,84b99356-7ba0-47ae-a4b2-8ed916279eaf,skirt,15-11-2025,2985,2190,1960,TRUE,98,0.6566,884,137,14,0.2283,boho,pastels,all_season,0.5,new_with_tags,0.91,meesho
421b7c47-3141-432f-b26b-ff69349f9531,,other,01-11-2025,3160,1320,1290,TRUE,60,0.4082,3240,477,12,0.7963,casual,darks,all_season,0.4,fair,,manual
d8e63cd8-a173-425a-8612-da0f26e7da6d,,formal_shirt,27-08-2025,7690,4000,3700,TRUE,55,0.4811,3412,349,4,0.5976,formal,metallics,all_season,0.45,good,,olx
e5be13a3-d6b8-4439-9ae9-3b4673943b79,,shorts,15-12-2025,770,460,400,TRUE,64,0.5195,1719,453,14,0.755,casual,prints,summer,0.38,good,,meesho
143ab0ec-bec7-4ba5-99e4-19a021d2bf53,,shirt,07-06-2025,2670,910,880,TRUE,11,0.3296,6844,363,12,0.6101,casual,neutrals,all_season,0.4,new_with_tags,,olx
d276c977-f843-4fc0-92dc-4f8a4f02f9a7,9c2eab05-0f7f-48cd-9823-3d2f05e825d9,jeans,22-11-2025,2480,1610,1580,TRUE,25,0.6371,7420,235,10,0.393,minimal,darks,all_season,0.55,fair,0.5,olx
aae32995-cec4-4548-a8ce-c80beac47ec4,1825491f-1fb9-48c7-9c4e-a66836293289,trousers,25-05-2026,5970,1190,1050,TRUE,117,0.1759,134,150,9,0.2547,formal,brights,all_season,0.45,fair,0.53,olx
73a7c8b6-597e-447f-8075-a4ffd849d4e5,d53d1317-43d4-453d-bed6-397bffb802de,lehenga,05-11-2025,9470,6100,,FALSE,,,28,7,2,0.0117,bridal,metallics,festive,0.9775,like_new,0.76,olx
e1c88c9d-8ef9-4419-b304-312e1ae9d5ac,51e18137-6238-43d2-a726-f5455793a090,shirt,20-05-2026,2670,1420,1260,TRUE,52,0.4719,7283,392,4,0.6588,casual,pastels,all_season,0.4,like_new,0.75,olx
5f2a5abd-e98e-4c7e-8d97-a9917b6ed120,,anarkali,04-06-2025,14030,3720,,FALSE,,,107,26,1,0.0448,ethnic,brights,festive,0.8625,fair,,meesho
38dbe1d6-f0f2-41c5-a07b-9ce454d16da3,123cd04b-3868-46d5-9530-d8f061124739,formal_shirt,17-05-2026,5820,3970,3890,TRUE,34,0.6684,7739,348,10,0.5959,formal,brights,all_season,0.45,like_new,0.75,olx
1d6dbefa-1bcb-42f2-a103-c8716d0e743e,,lehenga,07-11-2025,9470,9470,,FALSE,,,214,6,3,0.0101,bridal,brights,festive,0.9775,good,,olx
f090db4a-ed04-4851-8fde-64308512c334,ee3c9538-c766-4a29-985d-b68f816d3b7c,saree,31-07-2025,14100,14100,,FALSE,,,229,2,2,0.0033,ethnic,brights,festive,0.8625,poor,0.32,olx
dbd1614c-aafb-46d8-b160-f5bb66b77eca,,formal_shirt,20-02-2026,5820,1930,1910,TRUE,72,0.3282,4511,370,1,0.6336,"officewear,formal",metallics,all_season,0.45,poor,,olx
937db7d7-26e6-487c-a69e-691035f7863b,,lehenga,10-02-2026,9470,5810,,FALSE,,,88,18,2,0.0302,ethnic,metallics,festive,0.8625,good,,olx
fef7a5d6-a54e-49a7-a3d6-0e87d0f4465b,,shirt,09-10-2025,2670,1680,,FALSE,,,16,15,2,0.0252,casual,neutrals,all_season,0.4,poor,,meesho
a21a4e7a-9392-4f30-a233-63d6a6ba9617,43944fee-23f8-46ea-b231-48324b19b6d4,shorts,10-12-2025,2690,1970,,FALSE,,,471,20,1,0.0333,casual,metallics,summer,0.38,like_new,0.78,olx
afb3b6a2-afc5-40db-bdff-04d7a3a91eac,,kurta,23-11-2025,2420,1320,,FALSE,,,492,23,2,0.0385,ethnic,prints,all_season,0.75,like_new,,olx
3b773cbe-ed67-4340-a848-78541422a843,1c51765e-9caa-4812-b3a8-6413026e54df,saree,08-07-2025,14100,1630,1560,TRUE,90,0.1106,2627,195,7,0.325,ethnic,brights,festive,0.8625,like_new,0.77,meesho
42c04247-8d1b-41b3-b959-10c904533df8,9386d8af-a49e-415f-b40a-3b8d5cc1e265,other,17-10-2025,530,430,380,TRUE,18,0.717,2833,212,9,0.3539,casual,brights,all_season,0.4,new_with_tags,0.99,olx
802507e5-c6da-4bfa-a2bd-2eadde21b857,,blouse,12-03-2026,7880,3210,2850,TRUE,116,0.3617,5403,325,8,0.5444,casual,prints,festive,0.46,poor,,olx
94a35c64-b79a-45c7-86e1-03e65511734e,795d1278-587f-4704-922d-05f60494f63d,activewear,08-07-2025,3560,760,,FALSE,,,146,43,2,0.0721,casual,metallics,monsoon,0.34,poor,0.22,meesho
fcd8f2ab-ec83-4f4a-b74a-1a979d924fff,ebafbe1c-bd2f-4e9e-929c-443c8868ba7b,other,18-10-2025,1530,1030,,FALSE,,,261,4,1,0.0067,casual,pastels,all_season,0.4,like_new,0.77,olx
083df6c5-d52a-4431-b513-00da31744d19,d7591a04-7ee7-45f2-b860-0e78a8c81274,formal_shirt,24-11-2025,5820,3150,,FALSE,,,388,17,3,0.0291,formal,darks,all_season,0.45,like_new,0.86,olx
fbf65eec-cc8a-4e28-ba7e-3da619a674a7,45fc86c7-9e70-4231-b451-66e4513dff4e,kurta,25-11-2025,7060,5430,,FALSE,,,219,18,1,0.0301,ethnic,neutrals,all_season,0.75,like_new,0.8,olx
d88198c3-c968-4118-951a-e073773e9b44,6235167d-fb44-4a81-aad5-31e79cf29904,jeans,19-04-2026,1930,1660,,FALSE,,,275,40,2,0.0669,casual,brights,all_season,0.4,new_with_tags,0.94,olx
76b77fe3-5336-4c9e-9370-39c0d71f836f,,shirt,16-12-2025,5980,2410,,FALSE,,,415,30,3,0.0504,casual,darks,all_season,0.4,good,,olx
60dfdbf5-a958-4e64-98ae-d7450ae6c469,,jeans,13-08-2025,3130,1170,1000,TRUE,13,0.3195,4989,80,3,0.1338,casual,prints,all_season,0.4,fair,,olx
bd1421d3-0b3e-497a-8337-54ab98d1c2a8,318f4eab-ffae-4d83-ac84-07a6a04bfe10,formal_shirt,14-12-2025,5820,3440,,FALSE,,,358,25,1,0.0428,"officewear,formal",pastels,all_season,0.45,good,0.74,olx
18b59eb6-8269-4a78-8883-71277139427c,,anarkali,18-11-2025,4960,2560,,FALSE,,,143,45,1,0.0775,bridal,darks,festive,0.9775,good,,olx
d81cc53f-6b93-4046-959a-a73312c6d5a0,,jeans,30-09-2025,2480,320,300,TRUE,117,0.121,7759,424,8,0.709,streetwear,prints,all_season,0.65,like_new,,olx
a7e993aa-d961-40c0-880c-2449c978dc57,47473ebc-4451-4723-b226-ead2c3b5ade1,tshirt,16-11-2025,2520,1150,,FALSE,,,35,19,3,0.0317,casual,darks,all_season,0.4,poor,0.17,olx
3c9d395f-5952-4ddd-b372-411317aa11b0,d20483ef-3fae-46fe-8831-b62d9ce79d90,blazer,28-01-2026,8690,3090,,FALSE,,,47,8,3,0.0135,officewear,metallics,all_season,0.45,fair,0.41,olx
a8f25270-cd36-421e-a37e-53e0fd7a99a0,,tshirt,02-08-2025,2520,1830,,FALSE,,,232,10,1,0.0167,athleisure,pastels,all_season,0.7,like_new,,olx
4f11b231-117d-41f0-851d-0a56cf8135ea,5dd3e998-fbd4-4d10-b726-474d4d2ab781,activewear,12-02-2026,4900,1430,1310,TRUE,54,0.2673,2888,553,10,0.9279,casual,prints,all_season,0.4,like_new,0.84,olx
65839da0-ed62-42d4-a97a-0ecaa145967d,c298dce8-943f-4c67-926e-4e557b358f65,trousers,30-09-2025,5970,1120,1050,TRUE,12,0.1759,7074,263,13,0.4465,formal,prints,all_season,0.45,like_new,0.87,olx
cddb95e1-bcef-4678-af2c-e6740adf3abd,,shorts,28-06-2025,5160,2350,2140,TRUE,57,0.4147,2529,423,9,0.705,casual,prints,summer,0.38,good,,olx
7d314fb8-6cf6-4f46-8df0-72908f6bf2d8,,other,08-04-2026,3160,2430,,FALSE,,,409,32,1,0.0534,casual,metallics,all_season,0.4,new_with_tags,,manual
203df0e2-70ee-496a-bdf5-7c8b5614180e,,skirt,17-11-2025,2985,2100,,FALSE,,,15,34,3,0.0567,casual,brights,all_season,0.4,good,,olx
853f5d45-b8e3-4e26-87f3-7588895eb27b,65c3a812-b0a4-4d6a-bad5-f53855fc34d0,jeans,15-06-2025,2480,910,790,TRUE,6,0.3185,1909,586,4,0.9799,streetwear,darks,all_season,0.65,fair,0.44,olx
5364cfbe-bd83-41ad-ba81-fc3a0249db50,054cea01-1c9f-43a1-ab91-ecd174b5fd6e,formal_shirt,27-11-2025,5820,4400,,FALSE,,,141,40,0,0.0685,formal,metallics,all_season,0.45,like_new,0.86,olx
9531c0ef-c4b7-43f6-9f00-5cf32b0da4be,,activewear,01-10-2025,4980,2940,,FALSE,,,463,3,1,0.005,athleisure,pastels,all_season,0.7,like_new,,olx
ae2b20f1-b989-479f-a414-dd6a1274b549,,anarkali,30-08-2025,5545,2530,2320,TRUE,97,0.4184,1089,275,6,0.4733,bridal,neutrals,festive,0.9775,good,,olx
f092649e-1bf4-44b5-b590-8f3875563f86,,other,03-07-2025,3160,1440,,FALSE,,,97,25,0,0.0417,casual,prints,all_season,0.4,like_new,,olx
a3e9c1ca-c99b-4c15-ba2d-82adbf68f092,,coat,03-03-2026,9620,5140,4720,TRUE,23,0.4906,5464,109,3,0.1909,casual,darks,winter,0.42,like_new,,meesho
32b1e26e-04f4-4a41-ac07-729a42261543,1bb08cd9-c922-4291-8269-677a92e2df99,jeans,05-01-2026,5490,2250,,FALSE,,,178,41,2,0.0686,streetwear,brights,all_season,0.65,good,0.67,kaphor
ae526e3f-54b4-4cbe-b39b-4dd9e80069b5,,jacket,12-08-2025,11490,6250,,FALSE,,,109,4,2,0.0067,casual,brights,all_season,0.4,good,,olx
a856d882-f699-406f-baee-293398923c63,c2aeab00-55d3-4be2-a960-4646720cb4f8,blazer,01-12-2025,1740,790,730,TRUE,89,0.4195,465,452,7,0.7635,formal,brights,all_season,0.45,good,0.71,olx
c4872c5c-0e97-4aa1-bb7b-7d45df01f5ef,,kurta,04-09-2025,7060,5320,,FALSE,,,32,0,0,0,fusion,metallics,all_season,0.8,good,,olx
2020192a-352e-49b2-b198-9d82aad6dbc1,bbc63c52-07e7-4524-8d7f-449962bdd302,shirt,20-07-2025,2670,920,,FALSE,,,48,12,3,0.0202,casual,metallics,all_season,0.4,like_new,0.81,olx
1e0f68dd-80d2-4296-8386-30e00910b518,,formal_shirt,03-09-2025,4190,2650,,FALSE,,,209,32,1,0.0548,"officewear,formal",brights,all_season,0.45,like_new,,olx
471f12b2-68ee-4ef3-882f-56b8131508cc,,lehenga,11-12-2025,3670,2590,,FALSE,,,141,42,1,0.0704,casual,pastels,festive,0.46,like_new,,manual
2a74e6fa-ec84-436c-bd48-ce88ac0a3abe,f561fa18-ebd6-4522-ae45-1ec8163cde5b,lehenga,01-05-2026,9470,9470,,FALSE,,,364,8,1,0.0134,casual,metallics,festive,0.46,fair,0.47,olx
d98096b9-016c-422e-b72c-7782ac4cf967,746dc77e-94e8-4252-9e5b-d3f52c6a8aee,shorts,02-02-2026,2200,1820,,FALSE,,,468,25,3,0.0417,casual,metallics,summer,0.38,new_with_tags,0.99,olx
a0ccb357-d5e0-4eb8-80ff-a5461177ae72,23ad7a55-69db-4bb1-bd4b-9c5e2c704c0b,shirt,04-09-2025,2670,2180,,FALSE,,,337,3,0,0.005,officewear,prints,all_season,0.45,new_with_tags,0.96,olx
1c88f1b4-70c3-4f5e-8bc6-cd4d2f2e6b88,4de012ef-5936-4a5a-a39a-cd8088f8098b,saree,21-03-2026,14100,2590,,FALSE,,,428,9,3,0.015,casual,metallics,festive,0.46,like_new,0.8,meesho
2648a158-f46e-4e1d-ad9b-0654c3d76181,3b37e48c-dec9-47e0-a054-8e2d962ed394,skirt,12-11-2025,3510,1780,,FALSE,,,437,45,1,0.075,boho,brights,all_season,0.5,good,0.56,olx
7f5d2e4e-5578-4e54-ae9d-b2600a810cd8,,dress,03-06-2025,1950,1120,,FALSE,,,312,4,2,0.0073,"casual,formal",pastels,all_season,0.425,good,,olx
7ec138ca-3dba-4c7d-9693-532fc0dfb577,,saree,18-09-2025,14100,13900,13010,TRUE,67,0.9227,4687,474,10,0.79,ethnic,pastels,festive,0.8625,like_new,,olx
1ddc8196-4b18-46e9-a4a5-6a92fd159e39,49e9eb8a-2b7d-4d7d-82bb-5c0a401ca76a,other,17-01-2026,3160,320,,FALSE,,,498,43,2,0.0718,casual,prints,all_season,0.4,good,0.62,olx
26a4f893-e9e4-463a-b3f7-188c0bdb1c4a,,anarkali,24-02-2026,5545,2600,,FALSE,,,187,36,0,0.062,casual,metallics,festive,0.46,poor,,meesho
b2e92cb2-8fe3-47a6-ba55-585c4ce1e50a,,trousers,06-08-2025,8010,2970,,FALSE,,,377,12,3,0.0204,casual,darks,all_season,0.4,fair,,olx
7de384f5-968f-40cb-a84e-a32d09c5fd60,2ef16230-39a8-406d-84bb-5206de56823f,shirt,09-10-2025,2670,1080,,FALSE,,,234,38,1,0.0639,officewear,neutrals,all_season,0.45,new_with_tags,0.9,olx
70504bf9-7753-47a7-b08c-a25def287015,42728c8b-965e-47d3-a361-26b99e5d2c59,shirt,29-08-2025,2670,1960,1670,TRUE,71,0.6255,7050,474,14,0.7966,casual,neutrals,all_season,0.4,like_new,0.81,olx
6c51672b-c567-408a-ae25-d6ea79d250c4,,saree,26-05-2026,14100,1240,,FALSE,,,166,39,2,0.065,ethnic,pastels,festive,0.8625,fair,,meesho
c066adcb-2ad5-4ce5-82c3-df2f4813b5ff,970f3d48-9f29-4040-b0a7-3604cd90f48f,jeans,08-07-2025,2480,440,440,TRUE,65,0.1774,7008,351,1,0.587,streetwear,neutrals,all_season,0.65,poor,0.14,olx
3ab7bd93-e4d1-4633-bc64-b3a7524f8140,,activewear,22-07-2025,4900,2290,,FALSE,,,310,19,1,0.0319,casual,brights,all_season,0.4,poor,,olx
0079484a-c86f-4ba4-b1d9-d2b442b0bc76,,kurta,21-08-2025,7060,5050,,FALSE,,,311,34,1,0.0569,ethnic,brights,all_season,0.75,like_new,,olx
e33b77d4-8427-413f-9a9d-d97bfd90b039,,formal_shirt,06-03-2026,5820,3130,2860,TRUE,63,0.4914,5129,300,11,0.5137,"officewear,formal",brights,all_season,0.45,good,,olx
458dacd4-c220-4cfc-b8ae-b82531a30960,879b7956-a4c2-4e22-9840-f21a4c0fc563,kurta,21-07-2025,7060,1570,,FALSE,,,84,15,0,0.0251,ethnic,brights,all_season,0.75,good,0.66,olx
5d620288-c0d6-4134-86e2-08225455f9da,ee5367e6-967a-43bf-9a33-9f3927516120,coat,09-06-2025,9620,3210,,FALSE,,,388,28,0,0.049,casual,pastels,winter,0.42,like_new,0.76,olx
10f57497-5989-48f2-b98a-a05e22d2ae45,,tshirt,11-02-2026,2520,320,,FALSE,,,327,13,2,0.0217,casual,brights,all_season,0.4,good,,olx
7801c6af-2517-4c78-ad50-a6bc97bbac04,8365c715-37df-4985-a34f-53a19633be34,shirt,18-06-2025,2670,1310,,FALSE,,,331,13,2,0.0218,officewear,prints,all_season,0.45,new_with_tags,0.92,olx
ac2e2322-3865-4e8a-893f-02179c4d672d,,dress,11-09-2025,5980,4190,,FALSE,,,297,34,2,0.0619,"casual,formal",prints,all_season,0.425,fair,,manual
e7d4b00e-9c01-43d9-a3c2-be9cab1bf7b8,721ab68d-4293-4784-b77a-6b7ede26bc56,saree,19-09-2025,14100,2670,,FALSE,,,63,0,0,0,ethnic,brights,festive,0.8625,like_new,0.83,meesho
6a81b55a-143c-46c9-9610-8cc011d450ec,,blazer,04-02-2026,5900,3390,3130,TRUE,78,0.5305,3191,240,5,0.4054,casual,prints,all_season,0.4,good,,kaphor
1cfd0831-a7b4-46d3-9aac-4c8ca636fb97,d6b04669-b257-450c-9136-8c30eff23237,other,05-06-2025,3160,1250,1230,TRUE,18,0.3892,6570,436,7,0.7279,casual,brights,all_season,0.4,fair,0.45,olx
3373f365-afca-4356-b1fa-77893c33fc47,,saree,21-09-2025,13810,5950,,FALSE,,,301,13,2,0.0217,ethnic,pastels,festive,0.8625,good,,olx
a136e3d5-47c6-4a34-bbd6-4d488899ab84,46f609a5-fd5a-4e36-ac4f-d52081078d8e,shirt,19-07-2025,2670,1350,1170,TRUE,27,0.4382,230,43,14,0.0723,minimal,metallics,all_season,0.55,good,0.66,olx
ac8f973d-f494-4eaf-8a35-c2bca7f5a121,c0b84244-cf23-4b0a-b38f-bab5984e469b,kurta,20-02-2026,2390,1210,,FALSE,,,127,1,0,0.0017,fusion,pastels,all_season,0.8,like_new,0.8,olx
0b835055-26d8-4cab-bd0a-b6d541bd495c,,shirt,07-09-2025,2670,820,700,TRUE,35,0.2622,4644,590,13,0.9916,officewear,prints,all_season,0.45,new_with_tags,,manual
98870006-2df8-4de1-ad52-357df6b73845,ac317543-13a7-4511-aac6-93f15eb10bbc,other,21-07-2025,3160,600,,FALSE,,,54,9,1,0.015,casual,brights,all_season,0.4,poor,0.28,olx
5ce59bac-61d1-4b4c-9aab-0add5e93f349,,jacket,19-11-2025,8050,4530,4180,TRUE,67,0.5193,4772,207,5,0.345,casual,metallics,all_season,0.4,like_new,,olx
7866b303-2c49-471e-bc74-0a817ad727ce,d6a566f2-a564-4915-8049-79812a9bbec0,jeans,31-12-2025,4570,2320,2300,TRUE,120,0.5033,7546,484,1,0.8094,streetwear,neutrals,all_season,0.65,like_new,0.77,olx
7e110d5f-b0d7-4547-a752-fe5bbb7ed197,,other,21-06-2025,3160,1270,1100,TRUE,5,0.3481,6803,22,11,0.0367,casual,pastels,all_season,0.4,new_with_tags,,olx
74ee5631-8510-48c6-8ef2-4bfb09f71573,12a5e789-354b-4ed2-b131-ae760ac3fa41,blouse,21-06-2025,3130,1320,,FALSE,,,169,35,2,0.0586,ethnic,prints,festive,0.8625,fair,0.46,olx
21c0ac42-2255-452c-91e9-721330e1edd8,194db816-f8ab-4b99-9890-72c58b656dd6,shorts,23-01-2026,2690,890,,FALSE,,,331,26,1,0.0433,casual,brights,summer,0.38,new_with_tags,0.98,olx
df10a034-2aeb-4c51-b223-f470cedf221d,,shorts,06-05-2026,760,550,,FALSE,,,311,45,2,0.075,athleisure,brights,summer,0.665,new_with_tags,,olx
bf75fcb1-da88-461c-8fbb-e2e4fcdf4344,,coat,15-12-2025,9620,3170,3080,TRUE,100,0.3202,1858,189,2,0.331,casual,prints,winter,0.42,poor,,olx
f03a32a7-ad39-449a-92bb-8512f239d5df,42a47896-15a9-4e12-8f61-4d6a5d9e91d9,saree,10-07-2025,13290,9400,,FALSE,,,454,33,0,0.055,bridal,neutrals,festive,0.9775,like_new,0.87,kaphor
d20a6f2a-028e-45aa-9005-a6e33f2ba588,567854bb-2ff0-4cd5-b099-c7c29b148e38,saree,05-04-2026,14100,1790,,FALSE,,,396,13,2,0.0217,ethnic,prints,festive,0.8625,fair,0.39,olx
95596b10-de5e-48ce-a50c-ffcef3c8b02d,,dupatta,08-03-2026,6070,4790,4140,TRUE,80,0.682,1961,560,8,0.9349,fusion,pastels,festive,0.92,new_with_tags,,olx
1a52877e-425f-47bf-a770-f44b4d9a36ed,,saree,24-08-2025,14100,2510,,FALSE,,,272,29,1,0.0483,ethnic,darks,festive,0.8625,fair,,olx
b302a910-0667-4bd0-9fdb-a2518b4e84b1,,kurta,14-03-2026,7060,5790,5040,TRUE,50,0.7139,237,187,12,0.3127,fusion,metallics,all_season,0.8,poor,,meesho
f155df79-68cb-489d-a16b-4ce670b51c2c,,tshirt,20-06-2025,2520,1100,1020,TRUE,72,0.4048,4109,240,10,0.4007,streetwear,pastels,all_season,0.65,like_new,,olx
8d069109-8ab5-4f9b-b0ba-391489baefd1,,tshirt,01-06-2025,2320,1410,1350,TRUE,103,0.5819,524,413,4,0.6895,minimal,prints,all_season,0.55,like_new,,olx
3218a66a-719d-47c9-a95c-9932935fb15a,bc46883c-4d01-4161-a07a-b8d4f6a2c91e,formal_shirt,18-11-2025,5820,2450,,FALSE,,,354,13,2,0.0223,"casual,formal",prints,all_season,0.425,new_with_tags,0.97,olx
9ef9696c-b86f-474b-8b05-9c500829709a,,trousers,28-10-2025,5560,3270,,FALSE,,,374,9,1,0.0153,"casual,formal",metallics,all_season,0.425,like_new,,olx
29cc0a79-d524-4c64-85f8-d56d6431ae9e,f4f0188b-3c62-4b95-a621-029ed623a558,other,06-04-2026,3160,1740,1580,TRUE,102,0.5,2900,527,12,0.8798,casual,pastels,all_season,0.4,good,0.74,olx
d5459d49-5941-44ba-ba8b-1fd1f483f2c2,ac18a7a7-8e0c-4c5f-9a9c-91f5494216f2,shorts,06-06-2025,2690,1980,,FALSE,,,184,44,3,0.0733,athleisure,darks,summer,0.665,poor,0.16,olx
fbce283a-93c3-4eb3-bd97-52e9382ed6b8,527ffe83-095f-4e9a-b726-7e71d198bb59,tshirt,29-07-2025,2520,670,,FALSE,,,183,35,1,0.0584,casual,metallics,all_season,0.4,good,0.72,olx
5c212548-e987-46f5-a1cb-f836a5c65431,bcefec46-3878-402a-a5de-543179bf875e,jeans,28-02-2026,3010,760,680,TRUE,52,0.2259,4306,246,1,0.4114,casual,pastels,all_season,0.4,poor,0.25,kaphor
0f8467d9-2b46-49fd-9894-937cc42915ee,323e0af2-3722-4e3e-b50f-860ac482fc6b,tshirt,14-04-2026,2210,1580,,FALSE,,,248,9,1,0.015,casual,pastels,all_season,0.4,new_with_tags,0.92,olx
38019c97-913f-4565-b255-c70cfad13e7f,,jacket,14-09-2025,8050,7070,6090,TRUE,1,0.7565,5103,556,13,0.9267,casual,prints,winter,0.42,fair,,kaphor
3c853a47-b0b7-4a7e-8833-1e711fc603dd,,shirt,28-03-2026,2670,1220,1200,TRUE,95,0.4494,668,263,5,0.442,officewear,brights,all_season,0.45,like_new,,meesho
5813479e-484d-4ef7-855d-89be85ff95b6,4be1f5bc-244d-47ea-96ac-24ae9459de91,tshirt,20-02-2026,2170,1640,1600,TRUE,6,0.7373,1239,216,14,0.3606,streetwear,metallics,all_season,0.65,new_with_tags,0.91,manual
6808dec7-97a3-47dc-b075-30367e14ed65,e42c5436-0b7a-413b-806d-8b6980742fd4,dress,27-05-2026,5980,4950,4220,TRUE,71,0.7057,2939,59,5,0.1075,casual,metallics,all_season,0.4,poor,0.12,meesho
bd8132f3-5388-4c82-af0e-94a0462c5dbe,101a4045-ba88-488f-b12a-85596ec8f8d6,activewear,09-04-2026,3880,2680,,FALSE,,,178,36,1,0.0604,casual,neutrals,all_season,0.4,like_new,0.77,olx
3376d43a-3c2e-4234-9038-cdd4f55d7d2e,,tshirt,13-06-2025,2520,1400,,FALSE,,,114,23,2,0.0384,casual,pastels,all_season,0.4,good,,kaphor
7dc9a06a-7008-4bda-b0f9-0421a125ace4,,blouse,29-06-2025,7880,3350,3200,TRUE,75,0.4061,5755,259,8,0.4338,ethnic,metallics,festive,0.8625,like_new,,olx
7cbca6bd-fe9e-4f20-9aa6-227d5c3c685d,42929687-50da-46da-8690-0d16c7143aa9,saree,29-12-2025,14100,2870,,FALSE,,,139,10,2,0.0167,ethnic,metallics,festive,0.8625,poor,0.15,olx
a2b6ffe3-8375-4a3a-8ba2-a08645d2a927,350f68bb-0d30-4f95-bff2-b84162b808e1,sweater,22-08-2025,5300,3180,,FALSE,,,79,20,3,0.0335,casual,metallics,winter,0.42,good,0.61,olx
81024926-e022-424a-942c-cdf86a082d0e,,kurta,16-07-2025,7060,2180,,FALSE,,,179,45,2,0.0753,ethnic,darks,all_season,0.75,good,,kaphor
0fa28edd-364f-4eee-8bad-8aa69a644705,3be87c51-e775-491a-a0aa-289dc4c093d5,jeans,30-03-2026,2480,1270,,FALSE,,,119,3,3,0.005,streetwear,metallics,all_season,0.65,new_with_tags,0.95,olx
dbf452b9-46c3-497c-a204-d7ae8e85e796,4477c0a6-609b-49ce-a0c2-4b1463879b36,shorts,09-04-2026,2690,870,800,TRUE,18,0.2974,1914,176,5,0.2933,casual,pastels,summer,0.38,like_new,0.8,olx
6018ab07-b6c7-426f-8cc2-e3212ce31826,2d6a977c-0fcb-432a-86e1-07a01d37d9a7,dress,09-10-2025,5980,3160,,FALSE,,,126,10,2,0.0182,minimal,darks,all_season,0.55,like_new,0.88,olx
05eb724d-3d66-41dc-af38-f2426f4ac8d5,,sweater,15-09-2025,11165,3390,,FALSE,,,439,40,0,0.067,casual,pastels,winter,0.42,good,,olx
52e8fec9-0a66-4ecd-9c96-bac55599405a,e8881b9b-59f5-4286-9f7b-09e67b91cb9f,jacket,02-05-2026,14770,3920,,FALSE,,,351,2,1,0.0033,casual,darks,all_season,0.4,fair,0.38,olx
2d1a9014-87ae-47dc-9c9a-4ad33bccbfc8,,dress,23-12-2025,5980,1830,,FALSE,,,106,45,2,0.082,formal,metallics,all_season,0.45,good,,olx
c20d0f64-6c45-4d17-917d-41ff98305b20,ff32042e-e538-4c67-b668-9f4f997a3422,blouse,23-03-2026,7880,2300,2210,TRUE,42,0.2805,2185,256,1,0.4288,bridal,pastels,festive,0.9775,good,0.62,olx
212eba2e-4e88-4682-9e17-1fb56484affa,0ecd5b5e-c35e-4922-9c1d-69ca49705aa7,skirt,08-11-2025,2985,1880,,FALSE,,,262,23,2,0.0383,casual,pastels,all_season,0.4,like_new,0.83,olx
c158d8e6-cf1f-449e-a280-98acd8795cd1,2781e3bb-a7ab-40fb-b1b9-b9ab66f63759,skirt,13-03-2026,2985,1450,1370,TRUE,90,0.459,3083,150,12,0.25,casual,prints,all_season,0.4,new_with_tags,0.96,olx
2e9f54e2-ef60-4ceb-97c1-2ff9f37342ba,,other,30-01-2026,5590,770,750,TRUE,69,0.1342,6489,517,2,0.8631,casual,pastels,all_season,0.4,poor,,olx
be60e225-4a96-4dc4-8b47-20d048575195,98f7d4fd-0af3-4b3f-b996-36beecdc0d30,kurta,26-08-2025,7060,3950,,FALSE,,,44,39,2,0.0652,ethnic,darks,all_season,0.75,poor,0.22,olx
bad233ef-19be-462e-9862-1d6c5c3d2295,17b5bc6b-ed59-41cb-b27d-9652bf5bbe65,kurta,08-04-2026,7100,1680,1640,TRUE,88,0.231,3472,372,13,0.6221,casual,darks,festive,0.46,poor,0.27,olx
c46e27f4-65f2-4c42-97d8-013594dcfbe7,,saree,05-03-2026,14100,1230,,FALSE,,,80,43,2,0.0717,ethnic,neutrals,festive,0.8625,new_with_tags,,olx
0d1b8b73-1a94-4d23-b7d8-ea46efdf077e,3614ed6e-be5c-40fa-82ff-d5f2742ce422,activewear,17-02-2026,3810,2190,2060,TRUE,40,0.5407,7104,127,6,0.2131,athleisure,pastels,all_season,0.7,good,0.7,olx
ea678eb3-7ff5-4bad-b8d7-4b6fd8f033d5,fabbc9db-60e6-4b7e-aec2-eda1fb8baf5f,activewear,06-02-2026,4900,3290,,FALSE,,,34,44,3,0.0738,casual,pastels,all_season,0.4,good,0.61,olx
9f5b1cfb-f8f0-4318-9c0b-4ed094cb5b01,,saree,06-06-2025,2570,1510,,FALSE,,,84,4,3,0.0067,ethnic,prints,festive,0.8625,like_new,,olx
7ca94228-60d8-4a40-897a-02eba9051744,,coat,30-08-2025,8250,4490,4470,TRUE,28,0.5418,7429,565,11,0.9895,casual,prints,winter,0.42,good,,olx
bf0dd59f-8a11-48bd-8aa8-5dac2b6ce67d,,lehenga,06-08-2025,9470,3870,3450,TRUE,62,0.3643,4883,526,5,0.8811,ethnic,neutrals,festive,0.8625,good,,kaphor
f59016c1-c63e-4dc3-80c1-dde3f6a90117,,other,24-01-2026,3160,1660,,FALSE,,,7,33,1,0.0551,casual,neutrals,all_season,0.4,good,,olx
9488fec3-8c7e-47bf-a0e7-c49a8d069691,,blouse,31-12-2025,7880,2200,,FALSE,,,405,32,3,0.0536,ethnic,metallics,festive,0.8625,like_new,,manual
20d2f374-9909-4ce1-b442-9d906fee8b1f,25f78778-a836-49de-945f-ce6933b56645,kurta,25-10-2025,13080,5710,,FALSE,,,380,34,2,0.0569,casual,prints,festive,0.46,fair,0.45,olx
9603a3f2-fdf8-4afb-a596-553fe800a3ba,,lehenga,18-04-2026,9470,4660,,FALSE,,,413,9,0,0.0151,ethnic,metallics,festive,0.8625,like_new,,olx
f6cccd8f-258c-47a2-bc1f-72fa8f6d43c4,f2f42afc-d921-4cc7-8bd0-370cacb62025,activewear,20-03-2026,3940,2790,,FALSE,,,482,28,1,0.047,casual,brights,monsoon,0.34,new_with_tags,0.95,olx
99726d09-4936-42ee-b37f-588d65206c9f,1144063b-750a-4acf-9910-dc8c4d5d1b8c,formal_shirt,03-03-2026,5820,4640,,FALSE,,,183,17,1,0.0291,"casual,formal",darks,all_season,0.425,new_with_tags,0.93,olx
d9b3e621-6f40-4459-9fe9-e6e44287c253,539500d7-aa73-4e52-bb16-946961c7cead,lehenga,13-01-2026,9470,9470,9130,TRUE,82,0.9641,6292,225,10,0.3769,bridal,brights,festive,0.9775,like_new,0.82,manual
9779e249-9678-4162-8322-070c32900d08,30291beb-c7a4-479b-b6a5-a732611e8ac2,jacket,03-09-2025,6970,4780,4630,TRUE,74,0.6643,6187,507,14,0.845,casual,prints,all_season,0.4,like_new,0.8,meesho
17b214a5-7604-4bfb-8ab9-f497b66dc97d,,kurta,18-09-2025,7060,4530,4040,TRUE,115,0.5722,6238,516,7,0.8629,ethnic,brights,all_season,0.75,good,,meesho
e4c34ff9-428a-4425-b1fd-4257a11045d3,6140c41e-1904-477b-95df-f8e7e1d5d863,trousers,15-11-2025,3720,1970,1880,TRUE,104,0.5054,6767,398,3,0.6757,formal,brights,all_season,0.45,like_new,0.8,olx
6fc77b49-a3a8-41b5-ae6e-8f4fa47c0ab5,292763c6-a9be-4c3c-9956-f21b5ee4c162,lehenga,21-10-2025,9470,2780,2550,TRUE,91,0.2693,386,537,8,0.8995,ethnic,darks,festive,0.8625,good,0.55,olx
486986d4-f72a-48f1-a600-ed748e912bba,18ee390d-7081-4804-82f8-9e0b363ef531,jacket,23-01-2026,8050,3210,3120,TRUE,114,0.3876,226,419,11,0.6983,casual,darks,all_season,0.4,like_new,0.84,manual
70ff88ac-f567-4319-a0f8-81710bcdde8d,d78786e0-7280-4625-a482-ed04e81b53f9,kurta,15-01-2026,24630,4860,4380,TRUE,106,0.1778,7106,585,10,0.9783,casual,brights,festive,0.46,poor,0.28,kaphor
c101404f-09d6-4324-93cc-23b471b836d7,,blouse,23-10-2025,5910,2180,1940,TRUE,1,0.3283,7368,245,12,0.4104,casual,neutrals,festive,0.46,fair,,meesho
57fe4476-d8a0-4fb5-9a25-223d05920b25,,blouse,26-07-2025,7880,1780,1700,TRUE,74,0.2157,4856,407,6,0.6817,ethnic,metallics,festive,0.8625,fair,,olx
bb7931f6-da68-4c73-8d34-1e06aed3f113,,other,03-01-2026,4060,2140,,FALSE,,,85,11,3,0.0184,casual,darks,all_season,0.4,good,,olx
1f8808ee-76f7-4cab-bcdb-59bef6388e1b,,other,04-04-2026,1650,350,,FALSE,,,353,39,2,0.0651,casual,neutrals,all_season,0.4,poor,,manual
8862a77a-3d6e-4a97-9180-36a652d4f8b5,c11c235f-4fd6-4635-b45d-4dbe3b8df780,lehenga,02-11-2025,9470,5830,,FALSE,,,429,12,1,0.0201,casual,brights,festive,0.46,new_with_tags,0.99,olx
76fdfec6-2506-440a-baa3-b330fe9aca33,74fe0aeb-3bcf-4bb8-a788-a632fdbf85fb,other,24-03-2026,3160,2120,1920,TRUE,105,0.6076,1800,62,2,0.1035,casual,metallics,all_season,0.4,good,0.72,kaphor
6b633f93-e1da-4268-884f-54a1ed134172,ca07155e-7191-4c80-8122-081c19b3ec82,lehenga,18-05-2026,9470,5010,,FALSE,,,252,45,3,0.0754,ethnic,pastels,festive,0.8625,poor,0.13,olx
39ef13a3-ca75-455d-b9ae-d6c2b9283c4e,,sweater,19-03-2026,11165,5350,,FALSE,,,186,34,1,0.057,casual,metallics,winter,0.42,good,,olx
32aa19a5-f7d7-42cc-a36c-88f5f86d9fe7,1a071946-5a01-4aea-8418-34584d13e57e,saree,14-02-2026,64220,39600,,FALSE,,,271,1,3,0.0017,ethnic,neutrals,festive,0.8625,like_new,0.76,olx
e2d73689-72fc-4105-9393-ae160afe30e8,,dress,30-12-2025,5980,2670,2630,TRUE,48,0.4398,4878,454,13,0.827,"casual,formal",brights,all_season,0.425,new_with_tags,,olx
4d9143f1-b95d-49b4-a51b-d0cdbac5576c,7a95f74e-130f-4c4a-97cc-72c6a5dc9ecf,blazer,11-03-2026,5765,4470,3920,TRUE,99,0.68,6774,320,11,0.5405,casual,neutrals,all_season,0.4,good,0.6,olx
0cf741db-0c2f-48a7-8c0f-85db06542d2b,5d1bfa94-00f0-46f3-b42a-ccd33a3d1ecf,dress,06-08-2025,5980,970,,FALSE,,,20,33,0,0.0601,formal,pastels,all_season,0.45,fair,0.35,olx
80ac3148-6a0c-40df-8859-bfec062e7a5a,7b29d3f9-47ee-4aa8-adba-0f851f0c75eb,formal_shirt,11-09-2025,5820,3760,,FALSE,,,30,26,3,0.0445,formal,metallics,all_season,0.45,like_new,0.77,olx
cde68b54-9b8a-419f-a333-5b19c438379f,6c0fdff0-2987-4330-bc3c-18ce17432f6f,shorts,26-11-2025,2690,1470,1450,TRUE,116,0.539,2685,242,4,0.4033,casual,metallics,summer,0.38,like_new,0.85,olx
c87b8593-6352-4975-9b25-06bda6714beb,5d276e95-3859-4fd9-88b8-bae976989c32,formal_shirt,04-01-2026,18390,4690,4610,TRUE,106,0.2507,3596,152,5,0.2603,formal,pastels,all_season,0.45,fair,0.4,olx
86a9081b-b0d7-4247-b955-ea06a5ed7d7e,6b18f3f3-1b7a-48c0-afb6-63fa631f17b7,shirt,24-10-2025,2670,1290,1180,TRUE,60,0.4419,6761,588,5,0.9882,casual,darks,all_season,0.4,new_with_tags,0.94,olx
38111fa9-226f-477f-99c2-aac8f8ee3471,,other,03-09-2025,1910,1270,1090,TRUE,55,0.5707,6942,320,8,0.5342,casual,prints,all_season,0.4,like_new,,olx
4ade66e9-3ba2-416c-a72d-554eca379554,,jeans,22-04-2026,2480,2360,2060,TRUE,52,0.8306,5136,459,3,0.7676,casual,pastels,all_season,0.4,like_new,,olx
1dc9bca2-5f63-4a92-8f08-db13e9ad9354,00784772-b1f3-4a74-a8ab-a98565171f78,tshirt,17-11-2025,2520,2170,,FALSE,,,61,27,2,0.0451,casual,metallics,all_season,0.4,like_new,0.75,olx
bc04d078-5af3-4545-9d62-507d54df5ef7,5d5f3637-fe90-47ae-b10b-751fd72ad20b,blazer,29-06-2025,5765,710,,FALSE,,,333,32,1,0.0541,officewear,brights,all_season,0.45,like_new,0.86,meesho
b9788808-804f-4824-85e3-3e033e521980,2597f538-3b40-4cc0-86f7-0118dacea77b,tshirt,09-10-2025,2520,2380,,FALSE,,,257,1,3,0.0017,streetwear,prints,all_season,0.65,fair,0.54,olx
266198b8-28d5-4d7b-89c2-518599a340d7,,jacket,10-05-2026,8050,3450,,FALSE,,,325,43,2,0.0717,casual,neutrals,all_season,0.4,like_new,,manual
623ee0e3-42f9-41d7-8428-a80816101884,031f9adb-dbb9-4b03-b3ac-99178799be8c,shirt,21-04-2026,860,430,390,TRUE,37,0.4535,3878,592,9,0.995,casual,brights,all_season,0.4,good,0.56,olx
ce91b569-d9e9-45cd-94dc-62e3ac639afb,52414596-0b41-4bab-8996-61d125871025,jeans,29-03-2026,2480,1910,1660,TRUE,81,0.6694,958,115,2,0.1923,casual,neutrals,all_season,0.4,like_new,0.87,olx
a01f6283-5c29-46d0-8b35-3e9d6c5c0fa7,,jacket,27-11-2025,8050,4060,,FALSE,,,393,29,3,0.0483,casual,neutrals,winter,0.42,like_new,,olx
0656ee00-bd67-4bcb-b2e2-2b60a0a2d138,,blouse,26-04-2026,3630,2320,2230,TRUE,85,0.6143,4589,207,9,0.3467,ethnic,darks,festive,0.8625,like_new,,olx
f8118840-e902-4c1c-a067-da5715a54762,,trousers,22-01-2026,5970,2360,,FALSE,,,477,34,1,0.0577,"casual,formal",prints,all_season,0.425,fair,,manual
93d03405-9dc8-4aa2-9b1c-0ae60259b430,d9d4923b-067a-4652-b042-ed7ac39bacc9,kurta,22-01-2026,13990,4100,,FALSE,,,255,41,0,0.0686,fusion,prints,all_season,0.8,fair,0.44,kaphor
4d50a8ee-5172-45f5-a3b4-73d82fbbe05d,,blazer,05-06-2025,7030,2870,2640,TRUE,71,0.3755,560,169,6,0.2855,formal,neutrals,all_season,0.45,good,,olx
ec257ef2-28ce-4c4b-9a19-31bcf6989f9e,6fa95546-53ac-4cd0-a723-20ddae79dc48,trousers,08-03-2026,5970,1890,1720,TRUE,92,0.2881,6652,78,8,0.1324,formal,pastels,all_season,0.45,like_new,0.89,olx
ae487ee6-33c3-4b74-bae8-7f1f02ca639b,,saree,28-08-2025,375910,40200,,FALSE,,,453,45,3,0.075,bridal,metallics,festive,0.9775,poor,,olx
8a6e5c27-f56d-47c3-a447-a56ea3a9ac96,beca7ac0-0017-4896-9e0a-468b933c5e8a,lehenga,04-12-2025,9470,1020,,FALSE,,,254,7,3,0.0117,casual,pastels,festive,0.46,good,0.56,olx
121cfcf2-be06-461d-83fa-2d93cbc5947b,2b6fe314-a9bc-409f-bcd2-d1ebbe45a223,blazer,11-02-2026,5765,1580,,FALSE,,,221,41,3,0.0693,formal,metallics,all_season,0.45,good,0.69,olx
dc9ccd9d-e336-40d1-b9b9-8d49aef9bf7a,,shirt,01-08-2025,2670,990,980,TRUE,67,0.367,3935,469,1,0.7882,minimal,darks,all_season,0.55,new_with_tags,,olx
7317f922-9c35-4ebb-aca8-a77ee022ee70,,blouse,24-03-2026,7880,5530,,FALSE,,,367,40,1,0.067,bridal,metallics,festive,0.9775,new_with_tags,,olx
ecdf3939-ad08-4b40-a13c-61bf8a606c51,,dress,26-04-2026,6110,4500,3900,TRUE,65,0.6383,4487,170,13,0.3097,casual,darks,all_season,0.4,like_new,,olx
4504ef5f-2908-49d4-af92-ac86403e1c16,,shirt,01-05-2026,2670,1760,,FALSE,,,469,37,3,0.0622,casual,neutrals,all_season,0.4,fair,,olx
2f6a3e14-5e81-4030-ba39-141d25e2774d,644bd3cb-7047-4feb-9ba6-61336aaf8aac,activewear,28-01-2026,1470,790,710,TRUE,21,0.483,3407,460,4,0.7718,casual,prints,all_season,0.4,good,0.68,olx
1ca26d8d-95e0-4ab1-9c4e-4ff95c17e1aa,a9fd8434-38b9-4594-a67a-a4a7041eca0e,shorts,09-01-2026,1420,690,610,TRUE,115,0.4296,3733,428,3,0.7133,athleisure,pastels,summer,0.665,good,0.71,manual
666501a0-79c9-482a-98a4-d9558e0d1af4,,activewear,16-02-2026,3420,1060,,FALSE,,,190,25,1,0.0419,athleisure,darks,all_season,0.7,fair,,kaphor
e9331f51-922f-45cc-a64d-d4d3ea8628f6,8310b67a-2458-4d1c-8c5c-63375d9d8d27,blouse,26-04-2026,7880,4450,,FALSE,,,433,28,0,0.0469,ethnic,pastels,festive,0.8625,good,0.59,olx
a670fa69-9747-4ab0-b352-14e9ebd931a9,,formal_shirt,06-12-2025,2570,2290,,FALSE,,,256,44,3,0.0753,formal,darks,all_season,0.45,new_with_tags,,kaphor
c811eafc-633b-49c5-b922-5b88a07122d2,,tshirt,13-05-2026,2520,1330,,FALSE,,,446,13,2,0.0217,casual,neutrals,all_season,0.4,good,,meesho
21b8aabb-7dca-4f31-8c67-1770632753b3,b6642b4d-0432-49a0-afbe-c909890bc855,tshirt,09-11-2025,2520,1230,,FALSE,,,435,4,2,0.0067,casual,darks,all_season,0.4,poor,0.26,meesho
45e91e5e-dec9-4ca1-919e-0a3e524c9330,,shirt,12-10-2025,2670,2350,2170,TRUE,30,0.8127,2013,459,13,0.7714,streetwear,metallics,all_season,0.65,poor,,olx
382fd266-6237-409c-bf12-5ae2d72f7e23,,jeans,20-03-2026,2480,2350,2210,TRUE,54,0.8911,3165,381,5,0.6371,streetwear,darks,all_season,0.65,like_new,,kaphor
a788d6d9-ad2b-4359-b1e0-b64cd7ac6a0c,f2f30c79-b59c-4357-b0c9-1c4f930f2eb1,tshirt,08-09-2025,2680,1380,,FALSE,,,212,13,2,0.0217,casual,metallics,all_season,0.4,like_new,0.8,olx
9b844e84-5a83-481c-a72c-3a2278f7c290,c331dc1a-4b0e-4d7b-9212-b51c346c9eea,jeans,16-03-2026,2480,1790,,FALSE,,,449,8,1,0.0134,minimal,prints,all_season,0.55,like_new,0.87,olx
78e0b4c6-7a6e-4a8c-987c-822901a95ffe,,shorts,08-04-2026,2770,2480,2400,TRUE,113,0.8664,3985,474,11,0.79,athleisure,pastels,summer,0.665,new_with_tags,,manual
938f25d4-be41-4fff-9e51-4395cee35154,,kurta,29-03-2026,7060,3810,,FALSE,,,450,29,3,0.0485,ethnic,prints,all_season,0.75,like_new,,olx
e401ae35-14da-483d-bb41-619cadaab7b6,057a9144-8861-49ee-bd7f-9ad1f777cd37,kurta,16-04-2026,7060,5550,4960,TRUE,83,0.7025,2838,463,5,0.7742,ethnic,brights,all_season,0.75,good,0.72,olx
ba26428f-aa98-4418-afa8-9d9f53e9bde7,6407795f-c30e-4a4b-aa72-373ff118baec,jeans,04-10-2025,2480,980,860,TRUE,9,0.3468,4871,100,8,0.1672,streetwear,pastels,all_season,0.65,fair,0.43,olx
b7b1d6bb-60bf-482d-bd4e-a4d7427c97cd,,shirt,02-01-2026,2670,1980,,FALSE,,,52,30,3,0.0504,casual,neutrals,all_season,0.4,new_with_tags,,olx
0a417eff-7ec1-49a5-b570-ee084bafb5ec,,trousers,20-09-2025,5970,1240,,FALSE,,,201,33,2,0.056,casual,metallics,all_season,0.4,like_new,,olx
29ce90a0-8033-4e1f-ac17-f613a0e67a81,,blouse,20-07-2025,7880,4050,3860,TRUE,69,0.4898,1437,259,7,0.4338,casual,pastels,festive,0.46,like_new,,olx
0af29a1b-25d3-45da-a353-30d1e142ae29,,coat,04-03-2026,4790,3090,,FALSE,,,321,34,2,0.0595,formal,pastels,winter,0.4725,like_new,,olx
2782fac2-340e-47b9-8a8e-05b8194c5cf2,49015496-1861-4379-8573-cb74d205f93d,jeans,25-07-2025,2480,370,360,TRUE,29,0.1452,7362,451,10,0.7542,casual,brights,all_season,0.4,good,0.59,olx
29b433e6-4c02-4cd8-9a0e-ba119eed95fb,db585b1f-2feb-4041-a9ba-a4ac4043fb01,jeans,20-03-2026,2940,1200,1040,TRUE,63,0.3537,5860,231,10,0.3863,streetwear,neutrals,all_season,0.65,fair,0.43,olx
52ee3f05-2562-4138-b84a-48e6d9851fd1,,anarkali,24-03-2026,19950,5900,5600,TRUE,13,0.2807,7545,452,15,0.778,ethnic,darks,festive,0.8625,fair,,olx
b57c642b-d3a6-4dcb-a0ae-3561162519f0,9e16173c-037c-48b4-b3af-9a5d0f2ac515,trousers,19-09-2025,4310,3540,3480,TRUE,44,0.8074,3996,260,13,0.4414,casual,neutrals,all_season,0.4,new_with_tags,0.94,olx
8f40016b-641a-475e-9ed8-9b88b8860693,2f0c6198-4583-4eb4-9cbf-d217338f8054,other,18-05-2026,3160,1870,1790,TRUE,44,0.5665,2614,402,12,0.6711,casual,neutrals,all_season,0.4,like_new,0.81,olx
7b291833-a36e-4b9f-b722-e39280a5cffd,,coat,10-09-2025,9620,1640,1540,TRUE,10,0.1601,4574,486,13,0.8511,casual,brights,winter,0.42,good,,olx
32b1f013-caec-43d6-9c05-5a00247d4587,c439eda8-4287-427f-bf80-60f43aab8774,trousers,18-02-2026,5700,4530,4340,TRUE,11,0.7614,4376,201,14,0.3413,casual,brights,all_season,0.4,new_with_tags,0.97,olx
02466447-7046-4610-9a32-f78990c8d531,a343ba75-b838-48c9-b1f7-ccef17781729,tshirt,29-09-2025,3880,2270,,FALSE,,,168,15,3,0.025,athleisure,prints,all_season,0.7,good,0.69,olx
2639a1b1-5a8c-44af-a617-e5a8cdd14060,c3dae04d-3410-4860-bd13-fbb321b78b13,anarkali,21-06-2025,5545,3590,,FALSE,,,43,13,1,0.0224,bridal,neutrals,festive,0.9775,poor,0.15,meesho
3346de25-7e7e-4e71-b257-d642b69d7680,,blouse,14-03-2026,1270,880,,FALSE,,,300,24,2,0.0402,ethnic,neutrals,festive,0.8625,like_new,,olx
be90df53-faf5-4bf2-bebd-a39c01439346,,shirt,16-08-2025,2670,340,,FALSE,,,448,29,1,0.0487,casual,brights,all_season,0.4,like_new,,olx
7f891783-a24e-4ed2-9a26-8a5b7aa1c952,,lehenga,24-12-2025,9550,5210,4960,TRUE,67,0.5194,4259,13,8,0.0218,casual,brights,festive,0.46,good,,olx
f24b1955-8dcb-443e-8859-630caf717346,ec758f77-c5a1-43b1-b661-cef952a03f3b,anarkali,13-06-2025,3300,2050,,FALSE,,,26,0,3,0,ethnic,brights,festive,0.8625,like_new,0.75,olx
5e02c240-c72b-43c6-8b20-aa92ab6de77e,,tshirt,20-03-2026,2520,1960,1830,TRUE,108,0.7262,2242,406,4,0.6778,casual,pastels,all_season,0.4,new_with_tags,,manual
c09637ef-d450-4878-88b1-aefac4e9fe2e,,blazer,01-10-2025,5765,2730,2710,TRUE,98,0.4701,2948,400,11,0.6757,officewear,brights,all_season,0.45,like_new,,olx
087eb20c-e946-43a4-bd52-0cd9e05f0f54,db5f3f81-a15a-427b-a01e-c560cfe41cf2,trousers,13-09-2025,5970,4930,,FALSE,,,201,2,2,0.0034,officewear,brights,all_season,0.45,fair,0.4,olx
898f9f71-3f24-407f-b4db-7b5029edca68,c18107b8-5584-44ba-bc5e-c67024b422a0,saree,12-05-2026,14100,14100,,FALSE,,,409,41,3,0.0683,bridal,prints,festive,0.9775,new_with_tags,0.97,olx
32750679-2b9b-45f6-b97a-cf139073124f,,lehenga,05-08-2025,3750,2570,2560,TRUE,99,0.6827,6733,103,10,0.1725,ethnic,prints,festive,0.8625,like_new,,meesho
c2b78afc-5fba-47b1-af3c-a36750078e02,aa737ef8-0bfb-41b0-b615-cd69d431c028,formal_shirt,21-02-2026,5820,4610,4520,TRUE,44,0.7766,6850,357,15,0.6113,"casual,formal",brights,all_season,0.425,good,0.71,meesho
df354672-b69b-4a2f-a09a-a903fb8a99a5,50b10aaf-6e13-4080-a0ca-2954d807c06f,sweater,04-04-2026,11165,6710,6280,TRUE,13,0.5625,4053,380,3,0.6365,casual,metallics,winter,0.42,fair,0.45,olx
21dd73c3-522a-4d60-a123-c77733b3e048,,tshirt,11-07-2025,2520,1560,,FALSE,,,378,15,2,0.025,streetwear,neutrals,all_season,0.65,like_new,,meesho
734e1fff-f717-4d86-8047-b0c146643f5a,20b50e97-e3a2-4f4d-a9c2-756686d0fbd5,formal_shirt,18-02-2026,2070,1170,,FALSE,,,214,26,0,0.0445,formal,pastels,all_season,0.45,like_new,0.78,olx
53b21c4f-1680-474a-80c7-495e5633d8f6,14bf1b72-81d5-43f0-b529-b5a0c3d4c268,activewear,09-04-2026,4900,2450,2220,TRUE,49,0.4531,3716,283,14,0.4748,casual,prints,all_season,0.4,new_with_tags,0.96,olx
54281f1e-c1fa-4ab3-8994-1e77f493e1fb,,saree,31-12-2025,14100,14100,,FALSE,,,381,33,1,0.055,ethnic,brights,festive,0.8625,good,,olx
fb78c2f1-34e1-449e-9acb-0671b37c7500,,sweater,01-03-2026,11165,7580,7110,TRUE,79,0.6368,798,483,7,0.809,casual,darks,winter,0.42,like_new,,olx
a07bc2a0-51a5-4c6f-a3c7-567497bd0090,,lehenga,31-03-2026,9470,2250,,FALSE,,,472,25,3,0.0419,casual,brights,festive,0.46,fair,,olx
a214539e-5b12-4127-b22a-4ff96abe42b2,1e4ede91-b557-4708-b15f-d128c58389ec,activewear,13-06-2025,1430,870,,FALSE,,,479,38,0,0.0638,casual,metallics,all_season,0.4,like_new,0.78,olx
1c48bd62-2bd8-4356-816f-e9ebdeb8d344,e7a2e718-f7b3-40c5-999d-3ba84eb2e055,trousers,16-11-2025,5970,4250,4100,TRUE,99,0.6868,3616,55,9,0.0934,casual,metallics,all_season,0.4,good,0.67,olx
4c87c07e-5e6d-4b06-a5d0-e2d07a67d80f,cdc1288d-12b0-4c75-85c3-b02a57f174a9,lehenga,02-08-2025,9470,9470,,FALSE,,,405,12,1,0.0201,bridal,darks,festive,0.9775,like_new,0.88,olx
01ce6076-9cbc-4613-b126-d82cf3351e4f,aa0c3d4c-d023-427a-af1d-63a82570b0ae,formal_shirt,22-09-2025,5820,4620,,FALSE,,,249,27,3,0.0462,formal,prints,all_season,0.45,fair,0.52,olx
42a59006-915d-4cf5-a0cb-840dddedf654,,shirt,24-12-2025,2670,530,,FALSE,,,51,29,3,0.0487,streetwear,brights,all_season,0.65,good,,olx
0ae73e9c-15fa-48a4-ad96-dce51c8c43a3,,trousers,09-07-2025,5970,3410,,FALSE,,,43,41,1,0.0696,formal,brights,all_season,0.45,new_with_tags,,kaphor
31d810f6-1a5d-4b64-8fef-e391d350434a,,trousers,27-12-2025,5970,4470,,FALSE,,,484,23,1,0.039,"casual,formal",darks,all_season,0.425,like_new,,olx
753d5c60-fd32-4f7b-90ec-eeef1cd1a43a,,kurta,10-03-2026,7060,2940,2820,TRUE,102,0.3994,2353,445,6,0.7441,fusion,metallics,all_season,0.8,like_new,,olx
c360397c-8c4c-4572-b0e3-f806684b2a99,,shorts,05-02-2026,2690,910,,FALSE,,,326,34,3,0.0567,casual,brights,summer,0.38,poor,,olx
d99b958a-f085-4abc-8ef9-3bbdd0159832,9abeb810-d2fc-47ae-8f87-71bfa5bacc84,other,15-01-2026,12270,2480,,FALSE,,,436,19,2,0.0317,casual,darks,all_season,0.4,poor,0.32,manual
b8446ab8-3a89-4c97-a07e-8b6f8fbc87b4,,trousers,25-07-2025,5970,2980,,FALSE,,,131,17,1,0.0289,officewear,pastels,all_season,0.45,like_new,,olx
206aa29a-db18-4b11-9904-822c52fec33d,e3882259-0823-4fac-b7a8-3843506835c5,blazer,12-10-2025,5780,2870,,FALSE,,,444,40,3,0.0676,casual,brights,all_season,0.4,good,0.72,olx
efcecd6d-906e-49b1-b001-5a9a1b485535,,saree,01-05-2026,14100,14100,,FALSE,,,89,26,1,0.0433,bridal,pastels,festive,0.9775,fair,,olx
9f60ee8e-ecd8-4c4d-8603-eec835de8fda,,sweater,07-05-2026,17270,4450,,FALSE,,,486,33,2,0.0553,minimal,neutrals,winter,0.5775,fair,,olx
39a17285-8e9b-41ac-8c2c-9922fae960ab,752b4cff-452d-4b04-9c77-81dff8358c99,blouse,21-07-2025,7230,5260,,FALSE,,,51,42,1,0.0704,ethnic,prints,festive,0.8625,new_with_tags,0.91,olx
bdc61609-4f4b-4dbb-a520-0300562f8953,f6df133d-6537-4a09-8897-2db3a3842a6c,anarkali,14-03-2026,5545,1760,,FALSE,,,239,3,2,0.0052,casual,brights,festive,0.46,like_new,0.88,manual
27eb434c-e3ed-4590-bb8e-3438e779d7cd,,kurta,21-12-2025,7060,4850,,FALSE,,,178,20,0,0.0334,ethnic,darks,all_season,0.75,good,,olx
594b9fd4-f0dc-447e-9c60-01d1447c19b3,069d620c-c457-4f48-90ce-a632590a8f80,jacket,19-07-2025,8050,5840,5370,TRUE,88,0.6671,7397,243,5,0.405,casual,darks,winter,0.42,good,0.63,meesho
cb84474e-d489-43b3-83b3-bee2d501ecdb,,anarkali,17-12-2025,3640,3240,3240,TRUE,17,0.8901,2847,573,1,0.9862,fusion,neutrals,festive,0.92,new_with_tags,,olx
7510703b-09c3-48f9-aa90-6a87e6f7ee77,,formal_shirt,18-12-2025,5820,3460,3030,TRUE,13,0.5206,848,256,9,0.4384,formal,brights,all_season,0.45,new_with_tags,,meesho
a440698f-5cfa-4273-8902-ed202c552e97,,anarkali,05-02-2026,5545,3020,2960,TRUE,16,0.5338,5680,383,8,0.6592,fusion,metallics,festive,0.92,poor,,olx
269e9697-fd51-43cb-bfb5-f21ebd98277a,,tshirt,01-03-2026,1740,730,660,TRUE,101,0.3793,3654,576,2,0.9616,streetwear,prints,all_season,0.65,good,,olx
5c5cfaa7-8593-46ab-9b59-612036ebd0f9,9249c89e-a694-46bf-ae49-581e44ff012b,blazer,01-08-2025,5765,2160,2030,TRUE,90,0.3521,1828,428,8,0.723,officewear,prints,all_season,0.45,like_new,0.78,meesho
fac49bce-f8fd-4303-b655-10fcf987e923,e110af89-cd5c-4da9-b128-08f0ea48060f,other,24-01-2026,3530,2050,,FALSE,,,288,38,2,0.0634,casual,brights,all_season,0.4,good,0.7,olx
3306c320-224e-4a4c-8cf1-2af6e735acd7,,activewear,14-04-2026,4900,560,530,TRUE,78,0.1082,4533,93,13,0.156,casual,metallics,all_season,0.4,fair,,olx
c2ea1b05-1071-410c-b167-a08eabace4f4,,blazer,20-08-2025,5830,2770,,FALSE,,,382,29,2,0.049,officewear,brights,all_season,0.45,good,,olx
7ff69e79-f705-449a-a3dd-5549e3ca8873,,trousers,14-11-2025,1720,760,,FALSE,,,375,35,0,0.0594,formal,brights,all_season,0.45,good,,meesho
ab90f18c-b493-42ef-9cc2-a8c2ace9edfe,28b391f6-2a2d-4893-b56d-680c2a666c35,blazer,22-02-2026,5765,2840,2780,TRUE,22,0.4822,671,317,2,0.5355,casual,pastels,all_season,0.4,poor,0.15,meesho
c1a0453e-9f42-4cef-aadd-17f47c6d4ff3,,kurta,04-08-2025,7060,3510,,FALSE,,,97,2,3,0.0033,fusion,metallics,all_season,0.8,new_with_tags,,olx
3bbff168-961a-4f70-b189-17e843fbcf34,beb56dc5-01e5-40e0-88c4-a5af8111619b,jeans,07-06-2025,2480,700,,FALSE,,,481,45,2,0.0753,streetwear,pastels,all_season,0.65,fair,0.47,kaphor
b6b0af72-8507-480c-b96d-d75b25f57a6d,,saree,23-05-2026,14100,14100,13330,TRUE,66,0.9454,4845,134,4,0.2233,ethnic,metallics,festive,0.8625,poor,,olx
0b09cf70-1f94-4e42-b346-82d0868f9ee4,,tshirt,21-04-2026,2520,2170,,FALSE,,,193,7,0,0.0117,athleisure,prints,all_season,0.7,like_new,,olx
9bd2f643-4101-403f-8bef-44a061f68194,,jeans,08-10-2025,2480,1480,,FALSE,,,291,9,2,0.0151,streetwear,prints,all_season,0.65,like_new,,olx
c2eac2b6-5535-4fc5-9812-a8e4ca3fdd8c,,sweater,15-05-2026,11165,5560,5270,TRUE,34,0.472,977,104,4,0.1742,casual,metallics,winter,0.42,like_new,,olx
4bae1110-fda9-411e-9f5e-1572fa826f6c,,shirt,23-05-2026,4190,1250,1130,TRUE,16,0.2697,7268,404,4,0.679,streetwear,neutrals,all_season,0.65,fair,,olx
53956599-1cb1-4bbd-b9de-4c374cf3cb62,c2346062-91b7-48a4-9dcd-3d8100e11780,blazer,30-09-2025,2040,1180,1110,TRUE,9,0.5441,3160,178,14,0.3007,formal,brights,all_season,0.45,like_new,0.8,kaphor
f691aac0-a86a-421c-88b3-abe534080eb6,,blazer,10-09-2025,3030,1730,,FALSE,,,101,6,2,0.0101,casual,brights,all_season,0.4,like_new,,meesho
3f1010c5-34c1-401c-8904-49ac72952ca7,d2966123-50e4-493c-b2e1-d8d05a4fd5e3,jacket,17-02-2026,1240,1010,,FALSE,,,79,43,2,0.0717,casual,metallics,winter,0.42,new_with_tags,0.91,olx
09c87dc1-9b24-4a93-8523-752d6adb32b3,,coat,08-10-2025,9620,7060,,FALSE,,,165,37,2,0.0648,formal,darks,winter,0.4725,like_new,,olx
6318282b-89cb-4086-9bbc-c844dab30c86,,shirt,28-10-2025,2670,730,,FALSE,,,189,35,0,0.0588,casual,brights,all_season,0.4,new_with_tags,,olx
fa0011ef-ee55-405d-9a88-adb564f3953f,e26bbfea-3790-414f-a904-c04aa5948ac9,tshirt,01-08-2025,2520,1620,,FALSE,,,210,17,1,0.0284,casual,neutrals,all_season,0.4,like_new,0.88,olx
27e8d098-bb2f-492f-b218-1c096d9e92a9,,coat,17-10-2025,9620,4260,,FALSE,,,118,38,3,0.0665,casual,metallics,winter,0.42,poor,,olx
bd44f85f-62b6-473a-861d-9bc41fd341b0,a345f7cd-cdd8-4c81-9d50-b46842e0a952,saree,19-06-2025,14100,9700,,FALSE,,,477,3,2,0.005,casual,metallics,festive,0.46,like_new,0.82,meesho
ad60addf-8ae9-4388-a8ba-155afe87d8b5,,formal_shirt,19-05-2026,5820,2150,,FALSE,,,191,2,0,0.0034,formal,darks,all_season,0.45,good,,olx
17d0123b-b460-4a86-a048-3dccb02a7975,,sweater,11-05-2026,11165,6860,,FALSE,,,354,27,1,0.0452,casual,prints,winter,0.42,like_new,,olx
15476f79-d45d-4968-bf78-e7f40aaa1af3,,shorts,05-01-2026,2690,440,410,TRUE,107,0.1524,5602,531,9,0.885,athleisure,brights,summer,0.665,like_new,,meesho
3f626e16-ad40-43cf-8c0d-302ddad11181,,blazer,15-01-2026,5765,4350,4010,TRUE,49,0.6956,1020,65,12,0.1098,casual,brights,all_season,0.4,like_new,,olx
e93077f1-ff3e-4320-8e43-d4de407cd729,,jeans,06-07-2025,2480,1160,1130,TRUE,91,0.4556,3341,63,12,0.1054,minimal,neutrals,all_season,0.55,fair,,olx
d99f4abc-759c-4624-8c51-517c0044d799,14525760-8eb0-4454-a6f8-5af546afc654,skirt,06-09-2025,2985,1200,1190,TRUE,95,0.3987,3716,78,12,0.13,boho,brights,all_season,0.5,fair,0.41,olx
1daf6174-a654-4cc0-b2cf-7c5ad3392aae,,jeans,18-11-2025,3320,1650,,FALSE,,,192,32,0,0.0535,streetwear,darks,all_season,0.65,good,,olx
c282a09c-0ba3-4337-85c5-da20b14050de,35f235b8-aa30-4b3f-8c5d-cdfc836fa68c,shorts,19-04-2026,2330,1670,,FALSE,,,460,4,3,0.0067,casual,brights,summer,0.38,like_new,0.86,olx
0854a22b-b07e-4df4-a29d-bf0144b1726e,,dupatta,13-10-2025,6070,3590,,FALSE,,,106,7,1,0.0117,fusion,neutrals,festive,0.92,like_new,,olx
09325137-311e-4353-be85-e7d72eff136b,,saree,05-10-2025,6210,3710,,FALSE,,,236,41,2,0.0683,ethnic,darks,festive,0.8625,like_new,,olx
8b4e267c-68b2-4141-bdf2-ef62e6c7c6fd,,tshirt,17-05-2026,2520,1670,1570,TRUE,53,0.623,7508,345,7,0.576,minimal,darks,all_season,0.55,poor,,olx
288b2257-9a1e-45e7-a0a9-d5b10397bd26,5b9a68e2-30fd-48ad-85e8-cba76097f24e,jacket,09-03-2026,8050,1340,,FALSE,,,240,36,2,0.06,casual,prints,all_season,0.4,new_with_tags,0.95,olx
425fff16-678c-4568-8a65-3c59c8bcd76f,,formal_shirt,16-05-2026,10390,2150,,FALSE,,,214,29,1,0.0497,formal,brights,all_season,0.45,poor,,meesho
e5578e1a-2878-45d8-a783-9f63e450bac5,,kurta,29-08-2025,7060,4650,,FALSE,,,491,30,2,0.0502,ethnic,neutrals,all_season,0.75,fair,,olx
54a08e3a-c546-4a47-80a6-788024e20068,b53618a2-43dc-4e01-867a-e7e4405561fc,shirt,13-02-2026,1380,1150,,FALSE,,,8,3,3,0.005,casual,darks,all_season,0.4,new_with_tags,0.93,olx
522ed932-838b-4e8f-9592-5c8bf9655ef5,,trousers,08-11-2025,5970,2750,2400,TRUE,89,0.402,6129,300,3,0.5093,formal,pastels,all_season,0.45,fair,,olx
a9694b30-e94e-4102-ad68-734ce0235c7a,04000f71-dde2-42fe-a48d-6ca50e7c2492,kurta,31-07-2025,7060,3300,,FALSE,,,467,38,2,0.0635,casual,brights,festive,0.46,like_new,0.82,olx
7b366c1c-dd35-4980-96dc-a9f7ad9cc297,,saree,24-12-2025,14100,14100,12880,TRUE,84,0.9135,6422,129,9,0.215,ethnic,metallics,festive,0.8625,poor,,olx
7a50c425-420f-491b-8510-da7a1a72dbc5,f1deefe9-883f-4424-b2c2-14a3d10560e1,formal_shirt,16-04-2026,5820,2170,2050,TRUE,115,0.3522,4635,310,6,0.5308,formal,brights,all_season,0.45,poor,0.13,olx
5bece662-8c03-4b30-9051-2c20a52fa2b1,4fe852fd-9840-4870-b35d-fe414b9df69d,tshirt,29-08-2025,2520,980,920,TRUE,85,0.3651,3160,525,14,0.8765,casual,neutrals,all_season,0.4,fair,0.4,olx
555b7e5e-06a0-42ba-a1d6-fc9d8bff15f1,19758d03-3c66-46f7-a585-50fc1f0efa34,other,11-09-2025,3160,1810,,FALSE,,,209,37,0,0.0618,casual,neutrals,all_season,0.4,new_with_tags,0.99,olx
3968d16c-53bc-4314-bdd5-fa15d43e45e2,63ce8f02-c298-4cae-8d22-65714740891f,dress,12-06-2025,5980,4810,,FALSE,,,223,33,0,0.0601,casual,pastels,all_season,0.4,good,0.57,meesho
ad244865-8534-47a3-8dae-58b587ea42be,,activewear,10-10-2025,9440,2740,,FALSE,,,198,14,2,0.0235,casual,pastels,monsoon,0.34,poor,,olx
28fe5c79-0525-403a-87ce-44d760b5e61f,c098d8ae-9c82-4ac3-a53d-343c12a22117,tshirt,01-12-2025,2520,1130,,FALSE,,,61,20,1,0.0334,casual,metallics,all_season,0.4,fair,0.39,olx
5da88a37-f082-4abc-84d3-e230199310c5,2aca7432-0614-4651-911d-bca69085a3bb,sweater,24-08-2025,11165,1910,,FALSE,,,124,17,2,0.0285,casual,brights,winter,0.42,poor,0.26,olx
7bb27482-ccf2-4dc9-b87e-fee07ff03253,,jacket,06-07-2025,8050,3790,3780,TRUE,102,0.4696,4783,383,5,0.6383,casual,darks,winter,0.42,like_new,,olx
d966c8cb-f6c1-4030-a85e-33ac833e5807,,shorts,08-08-2025,2690,740,,FALSE,,,492,19,3,0.0317,casual,metallics,summer,0.38,good,,manual
648c4346-3e7d-477a-8697-6a634a10cbd1,6efb4e4a-a49a-4fb9-a562-460f3127d894,jacket,10-07-2025,8050,5610,,FALSE,,,486,9,2,0.015,casual,pastels,all_season,0.4,like_new,0.83,olx
2bcfe887-090a-455b-aa04-2fadadc476cf,,jacket,26-10-2025,8050,7740,7130,TRUE,93,0.8857,6654,288,5,0.48,casual,neutrals,all_season,0.4,good,,olx
7e6971c8-97d8-43e2-8695-ff6f0caa820b,,formal_shirt,26-02-2026,5820,1420,,FALSE,,,322,10,2,0.0171,"casual,formal",prints,all_season,0.425,like_new,,olx
2d7660f9-d511-4856-9b68-944fa0782988,,trousers,10-05-2026,5970,2010,,FALSE,,,309,41,0,0.0696,formal,brights,all_season,0.45,good,,olx
d919b97a-1f5e-4297-a702-d121d968f031,b54053b5-9de7-48a7-83a9-e7ac5cd2a920,dress,25-08-2025,5980,3090,2930,TRUE,115,0.49,1525,40,8,0.0729,formal,metallics,all_season,0.45,like_new,0.85,manual
aac3435d-e58b-40de-862f-9802bf69df69,,saree,22-08-2025,12370,8300,8050,TRUE,20,0.6508,4383,509,15,0.8483,ethnic,brights,festive,0.8625,like_new,,olx
cf067b58-6eec-4f5e-9103-24198f69aed6,6246745a-655a-4a4b-a68f-f3488a9b62ef,trousers,11-04-2026,5970,3310,3050,TRUE,109,0.5109,5771,556,3,0.944,casual,prints,all_season,0.4,good,0.63,manual
fb760a72-95bc-4381-bbab-b88c7aaab646,,kurta,29-03-2026,7060,4560,4510,TRUE,106,0.6388,929,212,14,0.3545,ethnic,darks,all_season,0.75,good,,olx
70e41433-3ac8-4677-b1ca-b50f2ab4f0c8,9094aea9-a481-442a-82f2-2152c1d8cd85,other,25-07-2025,3160,920,,FALSE,,,140,18,1,0.0301,casual,brights,all_season,0.4,new_with_tags,0.92,olx
4895b80a-f9bb-49fa-876a-eaa6c0bfa1e0,eb5c6eb2-a21f-4cfa-b659-f9247f83339d,other,16-09-2025,3160,790,,FALSE,,,47,0,3,0,casual,brights,all_season,0.4,fair,0.42,olx
02f93fde-298f-4d0f-aaf1-49386594f08a,,lehenga,15-07-2025,73940,34100,,FALSE,,,370,39,0,0.0653,bridal,pastels,festive,0.9775,good,,olx
d2a691f9-eb05-44a6-bba0-6e244c05cef8,,shirt,02-07-2025,2670,2330,2150,TRUE,113,0.8052,1141,208,11,0.3496,casual,neutrals,all_season,0.4,good,,olx
10c5d22a-e70a-4c2e-9f08-e0da296c245a,,tshirt,26-04-2026,3040,410,,FALSE,,,152,44,3,0.0735,casual,neutrals,all_season,0.4,poor,,olx
46588dd3-5e68-4092-b2af-c0aef695e91c,f773225f-d065-400d-8a65-44ecfb4daa43,kurta,30-04-2026,7060,4980,4360,TRUE,84,0.6176,5561,245,1,0.4097,casual,darks,all_season,0.4,good,0.63,olx
a9c1a80b-0fd3-41c1-9942-55792493663d,,tshirt,08-12-2025,2520,1810,1770,TRUE,35,0.7024,3722,448,10,0.7479,casual,darks,all_season,0.4,good,,olx
c5d6177a-521b-4ad7-8132-dece355475a9,,saree,24-11-2025,14100,5620,,FALSE,,,47,1,3,0.0017,ethnic,prints,festive,0.8625,like_new,,olx
d74fdd2e-068f-4756-a54e-3de2d79776cf,63374e31-0dfd-40eb-a8be-ed965b32f3f1,tshirt,03-09-2025,2520,1300,1130,TRUE,20,0.4484,2235,475,10,0.793,casual,metallics,all_season,0.4,like_new,0.86,meesho
cfb5ba80-0212-47e1-ab59-0725e95d265c,694e0305-51a5-4175-9926-8a6c40b2dd97,lehenga,13-06-2025,9470,2140,,FALSE,,,208,35,0,0.0586,ethnic,darks,festive,0.8625,new_with_tags,0.97,olx
aeaeaff3-9f9c-478e-af32-8f74fe70a0d1,,shorts,19-07-2025,2690,770,700,TRUE,116,0.2602,6421,144,9,0.24,athleisure,metallics,summer,0.665,good,,manual
c9b5e2e7-dff2-4add-9b69-2e4407f4a822,,kurta,12-08-2025,7060,2470,,FALSE,,,43,17,0,0.0284,casual,pastels,all_season,0.4,good,,olx
5a1b12e6-3160-4cf7-9642-5423e031115e,bcafc921-84d9-48a1-b615-3e513cd400a9,shirt,08-03-2026,1590,1120,970,TRUE,28,0.6101,5672,379,14,0.637,casual,prints,all_season,0.4,new_with_tags,0.94,olx
e6d12c6f-b56c-49e6-a81b-24e7a29f859d,,saree,08-06-2025,14100,14100,,FALSE,,,103,0,1,0,bridal,prints,festive,0.9775,good,,olx
e77c1c9c-c44a-4811-aee0-421488e0ddb7,8331cb8f-80fc-4c14-9843-5f67dac16488,jeans,07-03-2026,3580,1490,1480,TRUE,70,0.4134,1348,215,2,0.3595,streetwear,metallics,all_season,0.65,fair,0.41,olx
0fdecf34-dc44-463e-8402-a2fdc78d88c5,85a7badc-a703-41b3-8dda-5f20439f7fdd,formal_shirt,05-11-2025,17990,2160,,FALSE,,,20,40,1,0.0685,"officewear,formal",darks,all_season,0.45,poor,0.2,olx
f21bd71b-2769-4278-9b7b-739c715b6782,,saree,19-04-2026,7790,3600,,FALSE,,,477,15,2,0.025,ethnic,pastels,festive,0.8625,good,,olx
7172ac97-4a46-449f-b00b-e7fcef3a3f99,,trousers,02-08-2025,7310,4160,,FALSE,,,393,1,1,0.0017,formal,brights,all_season,0.45,good,,olx
27f601e4-21a9-406f-920f-6ea48b670364,70897b0c-05b7-45fb-a3c1-363506ec9a70,kurta,29-08-2025,7060,4160,,FALSE,,,418,10,1,0.0167,fusion,prints,all_season,0.8,fair,0.46,olx
d784d9ce-df2c-4985-9d8d-bb1e3510a9aa,c8dd6972-2de5-4df5-8e27-4e0fe67e6a19,dupatta,10-09-2025,6070,3540,3100,TRUE,115,0.5107,6818,72,12,0.1202,ethnic,metallics,festive,0.8625,poor,0.12,olx
494fb042-8e5b-4e70-86d3-274488c7d812,,tshirt,01-04-2026,2520,2420,,FALSE,,,252,26,0,0.0434,minimal,darks,all_season,0.55,fair,,olx
51b71b93-d9d6-4415-a86f-4caef2ea5148,,activewear,15-04-2026,4900,780,750,TRUE,75,0.1531,176,157,12,0.2634,athleisure,pastels,all_season,0.7,good,,kaphor
621c0c31-7541-4fed-9302-2ea41b65558a,688bc1b1-d362-4c93-b569-938381d36436,trousers,06-03-2026,5970,4180,,FALSE,,,136,21,0,0.0357,formal,darks,all_season,0.45,good,0.64,olx
aab440ba-8490-4889-b6a3-70dfe23fce7f,c5d67f2b-8f52-4da4-beb0-17bae87fc5bd,jeans,23-01-2026,2480,2260,,FALSE,,,183,43,2,0.0719,streetwear,darks,all_season,0.65,new_with_tags,0.95,kaphor
f9bab1ce-8b2d-4654-9202-5a6f65496a7d,7d96601b-32ca-4a22-bac5-0eb1973309d3,jeans,25-06-2025,650,510,460,TRUE,9,0.7077,7620,201,3,0.3361,streetwear,pastels,all_season,0.65,new_with_tags,0.91,olx
0e86ee30-09b6-47b9-bf51-f1b391e9fd6c,,tshirt,31-12-2025,2520,1790,,FALSE,,,317,25,0,0.0417,athleisure,pastels,all_season,0.7,fair,,olx
4531553d-a185-4e71-b240-52caebdca27e,,kurta,29-07-2025,7060,2770,,FALSE,,,464,21,1,0.0351,ethnic,metallics,all_season,0.75,poor,,olx
663f25ee-3095-448c-a1c1-dd47291ddef2,7cb31f21-daf9-4834-923c-3766c5d1a7e4,skirt,24-11-2025,2985,2490,2470,TRUE,34,0.8275,7692,396,11,0.66,casual,prints,all_season,0.4,poor,0.2,olx
ab9d1296-0b4e-410b-a841-c406a68d3279,b8d3a6bd-ef7e-439a-997c-834a90aa70c4,dress,23-01-2026,5980,1380,,FALSE,,,462,22,2,0.0401,boho,metallics,all_season,0.5,like_new,0.85,olx
aff818cb-d4e1-4e16-b572-82919930b480,dd063a2f-ae23-490e-b451-582e6bcc28a0,sweater,19-04-2026,11165,6550,6240,TRUE,55,0.5589,4607,20,10,0.0335,casual,prints,winter,0.42,fair,0.43,olx
85d3f998-9f08-4646-ab4f-25178320736a,6b3ba1ba-5f62-4439-a5fc-02ebbe4a4d1e,anarkali,08-05-2026,5545,2130,,FALSE,,,429,39,1,0.0671,fusion,darks,festive,0.92,like_new,0.88,olx
9a5e09bb-bf34-403f-9685-ca70c7a0abea,4427b141-8d6b-4466-8678-91d92c045dd3,anarkali,05-12-2025,5545,2300,,FALSE,,,38,9,2,0.0155,ethnic,prints,festive,0.8625,poor,0.31,olx
61bdbc68-6b4f-4745-a483-7a98014231d2,,blazer,23-02-2026,5765,3630,,FALSE,,,463,6,3,0.0101,officewear,prints,all_season,0.45,like_new,,meesho
9ec3868d-8ec7-4bfd-804d-241c7e87cb75,b844d2e6-445d-4a5a-b6e6-209a4b0d7741,blouse,27-10-2025,21160,5420,,FALSE,,,125,31,3,0.0519,bridal,brights,festive,0.9775,poor,0.15,olx
57148c8e-5bcb-4999-b68d-302bdbfc72c2,,shirt,24-07-2025,2670,1790,1720,TRUE,4,0.6442,371,572,3,0.9613,officewear,metallics,all_season,0.45,good,,olx
cd512a10-5214-4051-b82d-9d1982ad2d48,c33cdb5b-e2e2-40b0-911f-9d32ced1ecf5,tshirt,05-04-2026,2520,1750,,FALSE,,,247,20,2,0.0334,casual,brights,all_season,0.4,like_new,0.76,olx
0935e76a-7f29-48f6-94e3-6ee08bc55813,d0efd590-0f7c-4dc3-8313-29e1ef8a05ae,jeans,05-12-2025,2600,1550,1320,TRUE,2,0.5077,5853,91,11,0.1522,streetwear,metallics,all_season,0.65,good,0.65,olx
cfbd04af-d0ae-46cb-ab0a-9eb234a39137,b71895e6-6757-47f5-a71f-cf0d30a9998e,trousers,06-03-2026,5970,3450,,FALSE,,,349,1,1,0.0017,formal,metallics,all_season,0.45,like_new,0.82,olx
fe7fd91c-44cc-4681-8f40-098db7497075,e1890690-f714-4d7b-8ee7-d9c16a848f0c,tshirt,17-08-2025,2520,1810,1730,TRUE,102,0.6865,904,41,7,0.0684,casual,brights,all_season,0.4,good,0.57,olx
b3792179-fd1d-441d-a91b-caa9a629431b,,other,27-02-2026,3160,1100,1100,TRUE,95,0.3481,987,389,1,0.6494,casual,neutrals,all_season,0.4,like_new,,meesho
8f6d002a-6dae-4a79-ab8b-bd45cc4e42fe,6f8ced58-2d3c-4e88-adbe-3762510c7d6b,formal_shirt,29-03-2026,5820,2850,,FALSE,,,246,34,3,0.0582,formal,pastels,all_season,0.45,poor,0.29,olx
c1931382-d85f-4004-a9ac-c2e020fe0cc1,,dress,03-02-2026,5980,4150,4070,TRUE,79,0.6806,2604,517,10,0.9417,formal,darks,all_season,0.45,new_with_tags,,olx
58e0494e-ab44-47a1-9c56-0f6b4eb94842,30cc71b1-6cf0-41cb-b003-c5d3b12a39c4,saree,19-10-2025,14100,5120,,FALSE,,,18,32,2,0.0533,casual,pastels,festive,0.46,fair,0.36,olx
f74c25e7-c4f7-4e8a-9034-c37f271fdb0c,0c70515b-ff3f-4ec9-870c-e65f0931b148,trousers,12-09-2025,5970,2040,,FALSE,,,144,7,3,0.0119,formal,neutrals,all_season,0.45,like_new,0.88,olx
01c4ae07-52d8-4c32-b123-6a06066ee63b,,other,23-11-2025,3160,820,,FALSE,,,416,16,2,0.0267,casual,pastels,all_season,0.4,like_new,,olx
c228a864-da0a-4b82-83c0-87f8f5931600,f2957aed-7886-4fa0-8b25-68c17c11d4ed,sweater,27-12-2025,11165,5330,4710,TRUE,49,0.4219,7026,174,14,0.2915,casual,brights,winter,0.42,new_with_tags,0.98,olx
e01b1f9d-8e0e-4f6d-a241-2d5d98bee4a9,,activewear,23-11-2025,4900,1260,1250,TRUE,99,0.2551,7878,425,2,0.7131,athleisure,brights,all_season,0.7,new_with_tags,,olx
4eebf0c5-b005-4656-8a97-47abe2341f32,2225b48a-4cd0-4772-9f05-8563bcffeeee,saree,27-07-2025,14100,4880,4520,TRUE,56,0.3206,367,172,2,0.2867,casual,prints,festive,0.46,fair,0.49,olx
4d479bf3-b314-4cb8-b6d4-8d23edfb72bf,3e502458-a9ec-45cc-a56d-5ba4dd771ff2,trousers,12-12-2025,5970,2400,,FALSE,,,145,33,0,0.056,casual,prints,all_season,0.4,fair,0.4,olx
16932ae3-b11a-4983-a11f-e453430e49b4,,blouse,23-12-2025,7880,5910,5230,TRUE,5,0.6637,3058,527,8,0.8827,casual,neutrals,festive,0.46,poor,,kaphor
9b47f741-3f12-40ae-93e8-2565e55e9f79,,saree,19-03-2026,25710,5220,,FALSE,,,405,0,0,0,ethnic,darks,festive,0.8625,poor,,olx
00f06463-5394-428e-8c0c-93b868c07906,,anarkali,01-06-2025,5545,2800,2790,TRUE,59,0.5032,5043,26,9,0.0448,bridal,pastels,festive,0.9775,like_new,,olx
acb8d50b-ab60-4514-816e-c9c2d107a97e,1a172da8-49df-4628-bdc6-4f9eaab43dcb,formal_shirt,23-04-2026,5820,1960,1750,TRUE,48,0.3007,662,16,15,0.0274,formal,brights,all_season,0.45,poor,0.15,kaphor
1fc88c92-69bb-4142-83af-42df89c69c45,,jacket,10-09-2025,9160,5060,4570,TRUE,106,0.4989,120,313,14,0.5217,casual,prints,all_season,0.4,like_new,,olx
ff9eec1e-000d-4f62-84ee-d59ff212375a,,skirt,09-01-2026,2985,1430,,FALSE,,,477,43,3,0.0717,boho,darks,all_season,0.5,like_new,,olx
c5b74f80-a810-4bc2-9012-ac862bda0143,df0c5cf4-9e08-4476-a647-b1d996c8ca6c,other,18-07-2025,2790,1570,1560,TRUE,55,0.5591,1781,423,9,0.7062,casual,darks,all_season,0.4,like_new,0.79,olx
fba9b7ee-8aba-45d0-9db5-cb94b790bae3,17e34284-76ab-4c00-9a5d-ce099162c7c7,trousers,27-07-2025,5970,890,,FALSE,,,53,0,1,0,"casual,formal",prints,all_season,0.425,good,0.67,olx
01fa2da5-c2ff-4f3f-8fd1-382425dfeac6,,saree,07-05-2026,14100,2020,,FALSE,,,130,1,2,0.0017,ethnic,darks,festive,0.8625,new_with_tags,,olx
0154d3ce-88d0-4580-be2a-857ebe88df9f,,formal_shirt,26-01-2026,6210,3660,3430,TRUE,118,0.5523,2676,318,12,0.5445,formal,neutrals,all_season,0.45,good,,olx
7dc87790-6370-4282-b19d-ec582991ec71,08b3e4b3-0d03-4218-a22c-6e9a1c8967e4,saree,24-02-2026,14100,4770,,FALSE,,,98,16,1,0.0267,ethnic,pastels,festive,0.8625,fair,0.43,olx
c74a0de1-fc36-4b92-ae6d-6632d14a9cfd,,lehenga,22-11-2025,9470,9470,9120,TRUE,41,0.963,7253,131,12,0.2194,bridal,prints,festive,0.9775,new_with_tags,,olx
b6173476-943f-478f-8f5b-d0b8646491ab,,tshirt,17-04-2026,2520,1870,1690,TRUE,120,0.6706,1338,581,12,0.9699,minimal,brights,all_season,0.55,like_new,,olx
f2f411bf-8ef5-4c5b-a57e-d7ca9e0d326a,675c5fc2-75ee-483c-9e60-4bd68417ee37,other,20-06-2025,3160,520,,FALSE,,,276,2,2,0.0033,casual,pastels,all_season,0.4,good,0.64,olx
c7952bda-2851-454b-ac1a-6301502d4642,7b2a03fd-d15a-432e-8971-d529ee9b79b6,kurta,13-09-2025,7060,5530,5340,TRUE,43,0.7564,7722,167,3,0.2793,fusion,darks,all_season,0.8,good,0.68,olx
03e0502a-966b-424f-8626-63678ddc8dd2,,anarkali,27-11-2025,9790,4970,,FALSE,,,375,35,2,0.0602,ethnic,pastels,festive,0.8625,like_new,,manual
4657418d-3cf5-464f-af16-31cb6a20fb17,,kurta,17-01-2026,15410,3270,,FALSE,,,104,31,3,0.0518,ethnic,neutrals,all_season,0.75,poor,,olx
08d2baa8-9f2f-4352-874f-aa8d2aae6428,fb070ebe-e159-49c3-9cce-f93df0f31594,jeans,06-01-2026,2310,1250,,FALSE,,,25,13,2,0.0217,streetwear,darks,all_season,0.65,good,0.63,olx
64f06053-fa16-4cd3-a6cd-6e28a2bd8c3c,8b11dde5-3b8d-4940-85e3-c6bb6cc661b2,blazer,08-05-2026,1400,790,,FALSE,,,227,45,1,0.076,"casual,formal",metallics,all_season,0.425,good,0.73,olx
8d74eef0-06ee-41a2-a426-7184b093afff,,jeans,15-09-2025,2480,330,290,TRUE,89,0.1169,7546,156,2,0.2609,minimal,brights,all_season,0.55,like_new,,olx
a5c5bb5a-fd03-45fc-a815-1dddad849f51,660c6f5d-03d7-4e6c-b875-6003ae67e27b,lehenga,03-12-2025,9470,9470,,FALSE,,,141,31,2,0.0519,bridal,darks,festive,0.9775,new_with_tags,0.97,olx
db32904d-1697-4e5b-bb3b-3dad990739cc,79aeb8ef-81d0-4433-93c5-865e699dc90c,activewear,18-06-2025,5290,3140,,FALSE,,,105,1,2,0.0017,athleisure,pastels,all_season,0.7,good,0.67,olx
e47baf0d-fc63-48f1-ac97-31be05486238,de8d9978-2734-4c82-a59d-44ec54a79deb,blouse,29-11-2025,7880,1800,1620,TRUE,87,0.2056,7064,264,4,0.4422,casual,metallics,festive,0.46,poor,0.13,olx
9392fee3-8e1a-453c-8f3a-3452a524bfba,39066e28-3f8a-4da0-9ed1-202446d25596,jeans,17-01-2026,2480,1880,1750,TRUE,99,0.7056,7889,182,1,0.3043,streetwear,prints,all_season,0.65,good,0.67,olx
eea14f32-fccb-4a04-8214-3d47d5eee026,3d84ba65-bcb8-4202-874c-f42b27ac4ee2,tshirt,25-05-2026,2520,430,370,TRUE,98,0.1468,3913,548,2,0.9149,athleisure,brights,all_season,0.7,good,0.64,olx
89667887-9fc7-4506-8ff7-2d3ac205a066,1a5ded8b-9ed8-4e46-b6f7-6956301503c4,jacket,04-03-2026,8050,6500,,FALSE,,,403,22,0,0.0367,casual,darks,all_season,0.4,like_new,0.85,meesho
6d5d0ce7-358b-4731-ab27-31aa6ca66aba,,saree,16-10-2025,14100,4260,,FALSE,,,249,9,2,0.015,ethnic,pastels,festive,0.8625,new_with_tags,,olx
601222b4-ef33-4e3b-81d6-7e1b25a8423f,92aa99bf-b280-412f-83fd-138a7b3cd005,dupatta,30-01-2026,6070,3020,,FALSE,,,443,24,0,0.0401,ethnic,brights,festive,0.8625,fair,0.46,olx
edbb2201-4745-4801-9182-f5b904260254,4bd7ff85-6aa7-486b-8cc5-a7bc2b0fccf5,lehenga,08-02-2026,9470,1820,1810,TRUE,8,0.1911,4010,336,3,0.5628,ethnic,neutrals,festive,0.8625,like_new,0.84,olx
b1bcb1ac-0431-4603-8b8a-987e3153ed9c,,formal_shirt,13-04-2026,5820,1420,,FALSE,,,301,35,2,0.0599,formal,prints,all_season,0.45,new_with_tags,,manual
4345f0c0-aaec-4da3-986b-880fbeb583d3,0ba3c548-d8d3-46c0-9719-28041bebcc0d,shorts,11-10-2025,2690,1620,,FALSE,,,180,10,0,0.0167,athleisure,pastels,summer,0.665,like_new,0.82,olx
471f6521-dc69-419d-a922-65bb762f4029,,saree,29-07-2025,7430,5380,5070,TRUE,116,0.6824,3326,467,12,0.7783,ethnic,pastels,festive,0.8625,new_with_tags,,olx
7e543e5e-7dce-4b3d-9f15-e8a3450109f0,581186f8-3f1d-499c-beab-6bd386a51d99,saree,09-02-2026,14100,2950,2640,TRUE,54,0.1872,114,358,12,0.5967,ethnic,pastels,festive,0.8625,good,0.56,olx
a2769c34-df09-469d-8e92-77ee1ae37995,,blazer,24-08-2025,5765,4990,4550,TRUE,71,0.7892,4209,26,14,0.0439,casual,prints,all_season,0.4,new_with_tags,,olx
72bc41d0-fa8f-42cc-a9e8-87af937ff7a1,751a763f-c7d4-47b9-97b7-3bf801e84912,trousers,11-12-2025,5970,720,640,TRUE,80,0.1072,2007,305,10,0.5178,casual,prints,all_season,0.4,like_new,0.77,kaphor
f7659b1b-6350-4607-b994-5dbe936671a1,c52f8a13-7810-4223-9e02-ca10f5f7454b,other,02-05-2026,3370,1930,1640,TRUE,34,0.4866,1590,251,6,0.419,casual,pastels,all_season,0.4,like_new,0.84,olx
1968ee00-3ea4-41b8-b21f-3dfd4b942803,,kurta,23-11-2025,10750,5370,,FALSE,,,329,28,0,0.0468,ethnic,metallics,all_season,0.75,good,,meesho
e0caedf9-6585-4d82-b47e-94d7aefee3a7,,saree,22-10-2025,14100,14100,,FALSE,,,437,28,1,0.0467,bridal,neutrals,festive,0.9775,new_with_tags,,manual
a225ecd2-d9de-4117-aee5-574e9f460f06,2c284f6c-4c9d-4f78-9103-0dbc27e120b9,shorts,05-03-2026,2690,500,430,TRUE,95,0.1599,6663,392,2,0.6533,athleisure,brights,summer,0.665,good,0.66,olx
2f0303c2-2510-4fff-a363-67f7497ea9af,,activewear,16-12-2025,4900,1740,,FALSE,,,67,38,3,0.0638,athleisure,pastels,all_season,0.7,poor,,olx
b9f5824d-7850-4dc5-ad71-dd16fe7bfab6,a674b8cc-dd70-439b-8d8f-dec152a013eb,trousers,14-07-2025,5970,2060,,FALSE,,,479,26,1,0.0441,"casual,formal",pastels,all_season,0.425,like_new,0.8,olx
1c451572-adaa-462b-ac08-b955ace1f391,48d42b46-e3b0-4143-8369-036cc4393009,shorts,16-12-2025,2970,2170,,FALSE,,,285,38,3,0.0633,casual,brights,summer,0.38,like_new,0.78,olx
932ca5cc-6977-44f4-8c90-1278aac7d3ad,,activewear,08-04-2026,4900,2610,2270,TRUE,16,0.4633,1879,152,15,0.255,athleisure,neutrals,all_season,0.7,new_with_tags,,olx
5531e557-036d-4e1d-a9ee-7bcada10f718,a953565b-5e6b-4e5c-8c18-597de087a758,trousers,04-08-2025,5970,2670,,FALSE,,,107,5,1,0.0085,officewear,brights,all_season,0.45,like_new,0.76,olx
6b19ec35-083e-44e4-9f59-d4c9791ffd87,,blouse,08-06-2025,7880,4730,,FALSE,,,86,42,0,0.0704,casual,pastels,festive,0.46,good,,olx
a0bb4d31-b1da-4e36-9a16-2e162176e857,ecb6e035-a2fe-4460-be86-f23dcbcfaef2,formal_shirt,16-05-2026,5820,1880,1750,TRUE,83,0.3007,4856,62,1,0.1062,formal,neutrals,all_season,0.45,good,0.67,olx
a38c6827-ed29-41f5-a151-880b633d066c,,blazer,04-04-2026,5765,4620,3950,TRUE,79,0.6852,5016,442,1,0.7466,casual,brights,all_season,0.4,good,,olx
404bc734-d0e9-407a-911a-6aafca2c35c2,,lehenga,14-04-2026,9470,9470,8620,TRUE,15,0.9102,4287,20,13,0.0335,bridal,neutrals,festive,0.9775,like_new,,olx
e4a47e15-4b7d-4d19-8379-a672c6263677,2f24d30a-bd97-4af2-82ee-62908070de48,kurta,14-11-2025,7060,1100,,FALSE,,,383,36,0,0.0602,casual,brights,all_season,0.4,fair,0.5,meesho
39a922c3-f38b-4d41-8432-194a3055384f,,anarkali,12-11-2025,8640,2940,,FALSE,,,485,6,2,0.0103,casual,darks,festive,0.46,fair,,meesho
0db57955-113f-473e-8bdc-370720017d20,,skirt,24-07-2025,1550,1200,,FALSE,,,336,4,0,0.0067,casual,prints,all_season,0.4,new_with_tags,,olx
a4bb2d7d-0ee6-43e8-a427-c795e96f15c2,d27eb75e-f64b-469f-a71d-e21139417b80,tshirt,11-02-2026,2520,720,,FALSE,,,371,37,0,0.0618,minimal,prints,all_season,0.55,poor,0.12,olx
2c76a184-6b38-4fae-8ae3-37baacaa1e93,94852065-1038-4095-816e-90d09d26273d,other,28-03-2026,6180,1830,,FALSE,,,338,30,1,0.0501,casual,metallics,all_season,0.4,fair,0.47,olx
42780a1a-4c95-405d-8e2c-824e6663795e,,anarkali,15-10-2025,5545,4680,4300,TRUE,74,0.7755,3650,376,12,0.6472,ethnic,pastels,festive,0.8625,good,,manual
9c62b4b5-08a5-4b0a-abb8-7a4b4787db2d,00eb5ac4-08fc-4425-976c-e07554436d27,shirt,21-12-2025,2670,1940,,FALSE,,,305,35,1,0.0588,casual,neutrals,all_season,0.4,good,0.66,olx
2c297085-d4d0-41f4-9a33-8b2e65a33ab7,,skirt,17-02-2026,2985,1160,1010,TRUE,25,0.3384,297,227,2,0.3783,casual,darks,all_season,0.4,good,,meesho
a7cb9e76-f8e0-4ae6-893c-bf4e521539f8,682e0b42-c71b-4509-a88f-d6d793ba157b,skirt,17-08-2025,2985,1800,1680,TRUE,25,0.5628,6605,265,14,0.4417,casual,pastels,all_season,0.4,good,0.64,olx
a5e24328-f6de-46a7-b58c-43525522329a,54215c51-066e-429d-bced-959d96375d2a,kurta,04-08-2025,7060,1870,,FALSE,,,279,8,2,0.0134,casual,darks,all_season,0.4,like_new,0.88,olx
6a4406fe-2d91-4f26-a0e4-d3bf7a90c0b4,,lehenga,13-05-2026,4760,1950,1850,TRUE,69,0.3887,6068,515,9,0.8626,ethnic,metallics,festive,0.8625,good,,olx
1b6c5f2b-06f4-48d6-aacb-7c4787d6ac4c,,blouse,12-12-2025,7880,4090,3650,TRUE,19,0.4632,2337,146,6,0.2446,casual,brights,festive,0.46,fair,,olx
6702422a-cf32-4832-96b0-c9f6ee101928,83f82fc1-2d67-49e9-9376-e76412ebc32e,dupatta,02-10-2025,15570,3570,,FALSE,,,368,19,1,0.0317,fusion,brights,festive,0.92,poor,0.2,olx
2351da43-d297-4a14-b66c-bb4a5f12780d,,lehenga,18-04-2026,9470,9470,,FALSE,,,259,44,0,0.0737,bridal,brights,festive,0.9775,new_with_tags,,olx
c154bc81-5f6d-4d82-8783-e6680e569486,,skirt,04-12-2025,2985,480,410,TRUE,74,0.1374,372,139,2,0.2317,casual,brights,all_season,0.4,like_new,,olx
5428a51e-8c29-4612-bbd9-b3b3cf39af82,7d6b1e74-bfbb-40d4-8f72-81c3ea79a1ab,tshirt,28-10-2025,2520,2240,2190,TRUE,29,0.869,3063,439,2,0.7329,streetwear,darks,all_season,0.65,good,0.58,olx
ac72d91f-0e91-445e-987f-f223d420035f,,shorts,22-10-2025,2690,750,,FALSE,,,261,2,1,0.0033,casual,neutrals,summer,0.38,new_with_tags,,olx
1b4a1540-2843-485a-af2d-2c902dbb6217,08ad4b3b-f93b-4729-b696-f46a27744796,kurta,04-01-2026,7060,1010,,FALSE,,,451,29,3,0.0485,casual,pastels,festive,0.46,fair,0.45,meesho
275d3b63-9538-46b0-9a0b-e31a68407339,aa45328f-f4aa-4de1-9514-9f490c1b121d,lehenga,27-05-2026,9470,9470,8330,TRUE,109,0.8796,2447,407,12,0.6817,casual,neutrals,festive,0.46,like_new,0.86,olx
5eb671f1-36e8-4a1c-a8b2-94990d702709,,dress,26-04-2026,5980,1290,1120,TRUE,102,0.1873,2313,549,12,1,minimal,brights,all_season,0.55,new_with_tags,,meesho
0137110f-e531-4353-aff4-8a40be1db6d6,,shirt,24-04-2026,2670,1400,,FALSE,,,278,10,1,0.0168,streetwear,prints,all_season,0.65,new_with_tags,,olx
96e5ba73-34d0-42d4-ae72-5b1795213720,cf2dd04e-77e9-4bdd-891b-afbc4b81aee2,saree,31-08-2025,16770,5720,,FALSE,,,237,38,2,0.0633,ethnic,neutrals,festive,0.8625,fair,0.37,olx
ce8d1112-a8c8-4540-ba96-492c3a0c672c,88d29912-f068-44d1-a664-a055a53959bb,activewear,09-05-2026,4900,970,,FALSE,,,130,6,1,0.0101,athleisure,darks,all_season,0.7,fair,0.51,manual
b13b7ed4-3c65-432e-b2f6-d76c4e75345e,c518e24a-8790-44d4-86c9-ebb0796b6178,blouse,02-01-2026,7240,5370,4860,TRUE,9,0.6713,1057,38,7,0.0637,casual,prints,festive,0.46,new_with_tags,0.95,olx
4379a078-0dfe-4c0d-9d1e-5dcff332229e,6fc3b38a-15f8-4bdb-b308-1be52971a83c,blazer,24-01-2026,5765,2360,,FALSE,,,208,35,0,0.0591,officewear,brights,all_season,0.45,new_with_tags,0.93,manual
908328d4-27e5-4f1d-a3eb-368caf20a640,001235cd-fb69-409d-9c24-707cdc5613bf,trousers,02-09-2025,5970,1730,,FALSE,,,273,19,2,0.0323,formal,pastels,all_season,0.45,new_with_tags,0.94,meesho
122d4b8c-abb9-407f-a5de-00336676ce3b,86cfd64f-18ca-40f1-ac88-cefed729b975,saree,03-11-2025,58880,14500,,FALSE,,,336,2,3,0.0033,bridal,darks,festive,0.9775,poor,0.25,olx
6d31b623-2a48-47f3-a115-9620ed23fcc6,0804bbc3-edf6-45ff-b9d2-23cdc6faae4b,shorts,21-09-2025,580,430,430,TRUE,4,0.7414,1618,229,11,0.3817,athleisure,prints,summer,0.665,like_new,0.88,olx
17057d0c-73f8-4715-8bea-3a76433cde84,,lehenga,28-04-2026,9470,9470,8280,TRUE,28,0.8743,3880,528,13,0.8844,bridal,metallics,festive,0.9775,like_new,,olx
a96516aa-da9f-4627-b9d8-35e294d99b3e,,formal_shirt,20-08-2025,5820,4910,,FALSE,,,233,19,1,0.0325,"officewear,formal",brights,all_season,0.45,like_new,,olx
5835918c-889f-4cc5-8fd3-5febdf198c39,,activewear,16-01-2026,4900,2510,2210,TRUE,112,0.451,7755,596,14,1,casual,pastels,monsoon,0.34,poor,,olx
ab13fc12-64c0-46dc-a7ed-744819f26c9f,909a8361-bee7-4ebd-809b-c9347bed422c,shorts,19-01-2026,2690,1820,1610,TRUE,117,0.5985,7029,247,3,0.4117,athleisure,pastels,summer,0.665,good,0.73,olx
bf3a72d7-4645-4ec7-8e8d-c7e13d12fdd5,86a1e269-732a-4ce5-8486-bb8907fbfbc1,anarkali,19-10-2025,6020,3670,,FALSE,,,141,4,2,0.0069,ethnic,pastels,festive,0.8625,like_new,0.77,olx
20c0b10c-4a90-4cd3-a41b-b2ed84e26285,9493ec76-fd6b-4762-ade2-19f0abc7ed43,trousers,27-01-2026,5970,2700,,FALSE,,,459,34,2,0.0577,formal,darks,all_season,0.45,good,0.71,olx
63bb3696-5f1d-4605-8558-0a8feae5b8ff,,jeans,26-08-2025,2480,1390,1220,TRUE,49,0.4919,125,126,4,0.2107,minimal,neutrals,all_season,0.55,good,,olx
6ffa1dd6-40cf-418c-a981-88a7a98efc91,,blazer,04-05-2026,5765,1590,1560,TRUE,30,0.2706,1671,352,3,0.5946,officewear,brights,all_season,0.45,fair,,olx
a8a9b4d1-c01e-472d-b7b8-fdcda396ac9d,,blouse,06-09-2025,7880,4950,,FALSE,,,170,13,0,0.0218,casual,metallics,festive,0.46,new_with_tags,,olx
4645a5dd-af6a-49a1-b690-c3bf9ac71b38,,jacket,04-05-2026,11070,6440,,FALSE,,,133,45,1,0.075,casual,prints,all_season,0.4,good,,olx
3df03a66-07ce-4f83-93ff-3bbd26e25fa8,,formal_shirt,09-06-2025,5820,860,,FALSE,,,86,22,0,0.0377,formal,brights,all_season,0.45,new_with_tags,,olx
ea65f14d-21d7-4b06-91b6-d33fcf4b7157,eb8c9eab-d6e5-4e24-b432-6156adc5ac85,trousers,23-06-2025,5970,4990,4330,TRUE,71,0.7253,7169,101,13,0.1715,formal,neutrals,all_season,0.45,like_new,0.76,olx
db5f7661-ef91-4c43-94b2-ee0a225996a6,0a3f2eea-4835-4c68-844b-d36aeb65e252,jeans,14-06-2025,2480,480,,FALSE,,,423,35,1,0.0585,casual,prints,all_season,0.4,new_with_tags,0.99,olx
a12438ea-bc9a-43e9-9c7a-c841cd05494b,e1b604c9-f6a1-427e-a57d-747b05e11c1f,activewear,11-10-2025,4900,810,790,TRUE,8,0.1612,1963,583,5,0.9782,casual,brights,all_season,0.4,like_new,0.81,olx
50fc5ecc-a79e-4649-ac99-3e23ad540a20,,shirt,04-03-2026,3270,1390,,FALSE,,,60,14,0,0.0235,casual,brights,all_season,0.4,fair,,olx
83476ed6-dcde-44ae-82c4-43269b1a3e84,5f9af516-d966-424d-9e7b-59df73f9e7cf,shorts,14-08-2025,4220,2130,,FALSE,,,379,13,0,0.0217,athleisure,darks,summer,0.665,like_new,0.83,olx
f581b73f-4c7b-4f4a-950f-d3fa42da05c0,,kurta,12-03-2026,7060,2680,,FALSE,,,388,16,1,0.0268,fusion,neutrals,all_season,0.8,poor,,olx
6b0b428a-83df-44f2-9e55-5496f1af628c,f2a53daf-f8b7-4837-97f0-848dd5c0377c,dress,26-08-2025,1220,720,,FALSE,,,498,31,0,0.0565,casual,brights,all_season,0.4,good,0.65,olx
b6543b73-9afd-4eb7-96f0-6c060323c23f,,sweater,01-02-2026,11165,6780,6400,TRUE,33,0.5732,4778,127,10,0.2127,casual,prints,winter,0.42,like_new,,meesho
8b61117a-751c-44c8-8241-5ef274db30ea,e31932ef-133b-4faa-a0a5-55debab1cb11,jeans,30-07-2025,2480,1750,,FALSE,,,212,43,2,0.0719,streetwear,brights,all_season,0.65,like_new,0.81,olx
7fdf67fe-f867-4017-939e-cb5bf0337cc3,3aad398a-097b-48b1-a259-9d2d00f21b28,coat,21-10-2025,9620,7470,,FALSE,,,345,37,0,0.0648,formal,neutrals,winter,0.4725,good,0.59,olx
c417791d-2691-42cd-8ffc-46eb59d4fbef,,coat,19-07-2025,9620,6790,,FALSE,,,326,9,2,0.0158,casual,darks,winter,0.42,good,,meesho
ec5643dc-e362-417b-8a52-d37b97c2dffb,,skirt,16-08-2025,2985,2010,,FALSE,,,137,31,1,0.0517,casual,neutrals,all_season,0.4,fair,,olx
d6d36dc5-a36b-49be-8af1-01cb8ed523aa,,jeans,18-05-2026,2480,2450,,FALSE,,,49,36,3,0.0602,minimal,darks,all_season,0.55,good,,manual
3f722962-4095-436f-9de0-b94ba873fd86,75b1c028-409c-4d72-aa9d-d1c9f735a882,kurta,18-03-2026,7060,2540,2380,TRUE,109,0.3371,510,398,11,0.6656,ethnic,brights,all_season,0.75,fair,0.35,meesho
71ce75ce-216e-455d-bbca-710ca321ec62,7f48b821-4356-48f6-816f-268a42c38e6c,jeans,04-11-2025,6220,2260,,FALSE,,,92,35,0,0.0585,minimal,prints,all_season,0.55,fair,0.47,olx
d3e9d946-4fff-444f-bc96-fe46a5803986,,saree,19-08-2025,82760,27300,,FALSE,,,187,45,0,0.075,casual,metallics,festive,0.46,fair,,olx
826951f6-bd93-4541-81a8-118f6613baa9,be6e102a-2105-410a-9042-4dc3232c413b,blazer,20-06-2025,5765,1980,,FALSE,,,442,22,1,0.0372,officewear,brights,all_season,0.45,good,0.73,olx
bb7cdf64-0eae-4eb3-99d6-eb41b8f5b188,,saree,17-12-2025,14100,12200,,FALSE,,,476,23,3,0.0383,bridal,metallics,festive,0.9775,like_new,,olx
941de71e-e78f-4c25-9f16-14813fbf4887,16fe6b5b-1dda-484a-80fa-3b05cf18737e,blazer,02-01-2026,5765,1890,1630,TRUE,42,0.2827,2345,179,6,0.3024,officewear,brights,all_season,0.45,good,0.74,manual
98f88014-79c4-4d3e-afd9-10e6d59f2165,ec747bab-53c4-4276-80e5-9e0c1c3aea80,blazer,01-10-2025,5765,3810,,FALSE,,,478,2,1,0.0034,"casual,formal",metallics,all_season,0.425,fair,0.37,olx
7dcd39a4-a0c1-42a4-b061-673060ffad2b,,jeans,01-06-2025,2480,1450,,FALSE,,,9,29,1,0.0485,streetwear,brights,all_season,0.65,poor,,olx
8e93f4ae-414a-46aa-a7eb-51c52fbf4be6,,kurta,24-02-2026,8760,4350,,FALSE,,,278,18,0,0.0301,ethnic,neutrals,all_season,0.75,good,,olx
c01f336d-994e-4712-957c-681765860047,421a63ea-d2b6-46e1-9174-e881b0af9e87,anarkali,15-02-2026,5545,1180,1010,TRUE,108,0.1821,5605,417,10,0.7177,ethnic,neutrals,festive,0.8625,like_new,0.79,olx
5afff7f7-9008-4ccd-8725-378bf489366e,,anarkali,10-12-2025,5545,5130,,FALSE,,,437,14,0,0.0241,bridal,metallics,festive,0.9775,fair,,olx
86839dce-3957-4067-9d43-db3c24bac57f,,shirt,07-09-2025,2670,370,320,TRUE,71,0.1199,3767,164,15,0.2756,casual,pastels,all_season,0.4,new_with_tags,,olx
d4a7b353-d272-4208-994d-92beef8e9432,,other,27-12-2025,3160,860,,FALSE,,,370,3,0,0.005,casual,brights,all_season,0.4,like_new,,meesho
0f39017d-ac53-4da9-a213-df4f3bca2fb8,,blazer,04-11-2025,2350,1590,1420,TRUE,113,0.6043,4502,557,3,0.9409,formal,pastels,all_season,0.45,like_new,,olx
4259e733-4377-4dc8-abd2-6d1c40e67de5,9205f05b-2a8b-43d0-8bdd-2a155bd292f6,kurta,21-09-2025,7060,5130,,FALSE,,,430,19,3,0.0318,casual,pastels,festive,0.46,new_with_tags,0.99,olx
1a77ac9d-6ca2-4f78-b7d8-ce1daa577121,56f567e8-ffb1-4c1d-9351-9d84733a0320,skirt,24-08-2025,4590,1930,1650,TRUE,7,0.3595,6345,526,4,0.8767,fusion,neutrals,all_season,0.8,good,0.6,olx
78a01284-84ff-4e1f-a8f3-d088bd259d1f,,tshirt,07-08-2025,2520,1290,,FALSE,,,334,2,1,0.0033,casual,brights,all_season,0.4,new_with_tags,,olx
b14e0165-29d9-4e28-b99e-8e74d8eaf8ec,be941dca-c27a-4996-88c2-1df8121526da,other,22-08-2025,3160,2100,,FALSE,,,164,13,0,0.0217,casual,neutrals,all_season,0.4,good,0.64,olx
b1524769-2962-42cf-9ab9-56ed5c341bf9,,other,17-06-2025,4310,2260,,FALSE,,,105,42,0,0.0701,casual,brights,all_season,0.4,like_new,,olx
64c8aa96-f951-419d-80e2-526fc4db6d25,,jeans,12-09-2025,2480,430,,FALSE,,,488,40,0,0.0669,streetwear,brights,all_season,0.65,like_new,,olx
c3355465-9c94-4063-b865-a92634bd5e4b,7cab4350-e7ef-49ba-8c01-bb8fbaaf6059,shirt,03-03-2026,890,490,,FALSE,,,75,5,3,0.0084,casual,prints,all_season,0.4,like_new,0.88,olx
5ddd66ba-364e-409a-a863-3dad68cd78fa,b4a30876-62cc-403d-a485-fed5d8a5c688,skirt,04-07-2025,2985,1840,1730,TRUE,113,0.5796,7113,50,12,0.0833,casual,brights,all_season,0.4,poor,0.33,olx
15cb1c29-1634-44f0-ba07-a13f11e98c9a,,kurta,08-08-2025,7060,2840,2740,TRUE,28,0.3881,7496,457,4,0.7642,casual,metallics,festive,0.46,fair,,olx
53fdced7-a664-44ad-b870-4d8cade8961e,01b16098-1ccb-400d-86ea-750bc581e77c,other,11-07-2025,3160,1940,,FALSE,,,195,29,1,0.0484,casual,prints,all_season,0.4,poor,0.24,olx
bd99a295-ed22-4946-b51f-efc5bfb8db5c,,saree,09-03-2026,59460,33000,29610,TRUE,56,0.498,6259,481,14,0.8017,bridal,neutrals,festive,0.9775,like_new,,olx
d7ae8aa1-ea08-4647-955c-9b1cfceee1f9,,saree,28-08-2025,19120,5450,5050,TRUE,16,0.2641,6640,334,3,0.5567,ethnic,darks,festive,0.8625,fair,,olx
440186f0-56cf-4556-90ae-a352fac039ed,,sweater,31-03-2026,11165,2840,,FALSE,,,175,19,1,0.0318,casual,neutrals,winter,0.42,good,,olx
1a4ac9fa-846a-4f7e-a648-5ea9702487b8,0e498ee8-2674-4010-ab02-1ebf62a5dc22,saree,19-06-2025,14100,4320,3740,TRUE,104,0.2652,5461,525,5,0.875,casual,pastels,festive,0.46,good,0.69,olx
13242acf-d154-461f-8702-465ebc61184b,,formal_shirt,15-11-2025,5820,3840,,FALSE,,,264,5,2,0.0086,"casual,formal",darks,all_season,0.425,fair,,olx
9c219df4-72e0-4205-8500-a9fcdf2e6a66,21eb00ef-da4e-4790-a6b8-8815c3717d0c,trousers,21-03-2026,5970,4780,,FALSE,,,241,33,0,0.056,minimal,neutrals,all_season,0.55,like_new,0.87,manual
c2adaa5f-96fa-4542-a5a7-cb80710c8ecb,,formal_shirt,13-10-2025,5820,3770,,FALSE,,,406,19,2,0.0325,formal,pastels,all_season,0.45,like_new,,olx
94df79c5-f633-43c9-9c33-e0dd6ad64a4a,a212e1ae-8703-404b-9cf5-74a7716af497,sweater,04-12-2025,3120,2700,2690,TRUE,86,0.8622,3620,30,9,0.0503,casual,metallics,winter,0.42,new_with_tags,0.99,olx
c18bd562-77c6-4780-abdb-66fe9bca9f21,,kurta,12-06-2025,8990,4890,4390,TRUE,40,0.4883,6741,415,13,0.694,casual,pastels,festive,0.46,like_new,,olx
be5da485-16d9-4dc0-a532-34bb0a5bd50b,bd2d4565-40b5-41a8-915a-d2e606815ba2,sweater,13-12-2025,11165,7520,,FALSE,,,214,31,2,0.0519,casual,brights,winter,0.42,poor,0.15,olx
c71a439b-9f66-4a3d-a7f1-76bd4a2829e9,,tshirt,08-08-2025,2520,380,360,TRUE,23,0.1429,6650,161,11,0.2688,athleisure,brights,all_season,0.7,like_new,,olx
539aaf41-a524-480a-bbfa-1e389e094928,,trousers,14-10-2025,5970,1950,1760,TRUE,54,0.2948,4536,429,14,0.7284,casual,metallics,all_season,0.4,good,,olx
8191ef6c-598a-44a5-b0e4-438312d8283a,,lehenga,02-06-2025,9470,9470,,FALSE,,,375,25,2,0.0419,casual,brights,festive,0.46,poor,,olx
583a02ba-d6c9-4273-9afb-acfa81bbaa50,,dress,12-04-2026,2930,1580,,FALSE,,,392,17,1,0.031,formal,brights,all_season,0.45,good,,meesho
7829ff8a-844a-44cf-b063-d88c71b25b80,cfdfc794-9118-433b-a4fd-a29345bb478b,dress,23-02-2026,5980,3810,3770,TRUE,94,0.6304,7024,131,1,0.2386,casual,darks,all_season,0.4,new_with_tags,0.94,meesho
6182cc67-17d0-4cb2-9d88-7ad50004f8f1,,tshirt,24-05-2026,2520,1730,,FALSE,,,412,34,0,0.0568,streetwear,prints,all_season,0.65,poor,,olx
8e1a7037-78d6-4824-bb8b-a7dd01a54e33,,lehenga,17-05-2026,9470,2660,,FALSE,,,301,30,2,0.0503,ethnic,pastels,festive,0.8625,new_with_tags,,olx
63cfe6ec-4c6a-44d2-8d84-f713b5b09069,,trousers,24-11-2025,5970,1450,1310,TRUE,48,0.2194,5205,420,11,0.7131,formal,prints,all_season,0.45,fair,,olx
a043c393-1857-411f-a737-91c89760cf58,9f6873b4-fd04-427e-b68c-d0f1c943465e,sweater,16-02-2026,11165,5970,,FALSE,,,116,21,2,0.0352,casual,neutrals,winter,0.42,good,0.63,olx
3cc21d35-8810-4716-9a0b-3cdacab54e50,d6a1c062-8220-4cd0-8742-f8d5f79ae427,formal_shirt,14-06-2025,13190,4980,,FALSE,,,215,5,1,0.0086,formal,neutrals,all_season,0.45,fair,0.39,manual
7fa8050e-5898-4a07-b9e6-d0e0aea14ad7,c3db6f3a-694c-409d-bedb-cdd7a7e8c209,anarkali,13-08-2025,5545,5370,5080,TRUE,67,0.9161,7342,517,4,0.8898,casual,neutrals,festive,0.46,fair,0.53,olx
911d262c-24aa-4fe0-a435-2e111b9dd330,aa57ec73-f560-42d4-9b9c-bcadb361f926,other,19-10-2025,6020,1640,,FALSE,,,112,15,0,0.025,casual,brights,all_season,0.4,poor,0.27,meesho
057e6b9b-885b-49cb-88e3-dfee61dc2df9,bbaffc21-5668-402d-8891-76b8e9d86631,blazer,06-12-2025,5765,2420,,FALSE,,,354,19,2,0.0321,formal,pastels,all_season,0.45,poor,0.16,meesho
2f5f5965-4237-487f-a6f3-75c23e35cf8f,,blazer,21-09-2025,5765,4220,,FALSE,,,132,35,3,0.0591,casual,neutrals,all_season,0.4,new_with_tags,,olx
0179f45c-c864-4b40-957e-11ba51cd1425,95555206-98c8-43a9-aebd-9fc4d944ae3f,activewear,27-05-2026,4900,2760,,FALSE,,,132,26,2,0.0436,athleisure,prints,all_season,0.7,like_new,0.76,olx
30c5d034-9baf-4954-b1a0-bdbe7f44d758,,dress,05-09-2025,6160,3770,,FALSE,,,302,25,1,0.0455,"casual,formal",prints,all_season,0.425,like_new,,olx
476e7957-08bd-4365-a79c-7e3b16144e15,1bb67fdb-4acf-485b-9a3e-88be5bcc246f,shorts,12-01-2026,2690,1990,,FALSE,,,222,39,2,0.065,athleisure,metallics,summer,0.665,like_new,0.78,olx
dc81056b-610a-4e43-81b7-33b27f667469,ebe47bd7-6b39-413f-a8e4-859cc1f870e7,lehenga,16-01-2026,9350,5920,,FALSE,,,457,16,0,0.0268,ethnic,brights,festive,0.8625,like_new,0.84,olx
c34bac28-0745-4e3a-8c32-4eb5898a84c3,2dc5c9a5-b717-4b56-9548-bd707a0c239a,shirt,21-11-2025,580,510,440,TRUE,12,0.7586,4472,554,2,0.9311,casual,metallics,all_season,0.4,new_with_tags,0.96,olx
7a7aecbc-2949-40dd-b5f8-0004a11ec5ec,90d8a9f3-230b-4392-b157-d71e2a260f5f,lehenga,12-05-2026,9470,2970,,FALSE,,,11,26,2,0.0436,ethnic,metallics,festive,0.8625,fair,0.5,olx
532019bf-d81a-483d-9b36-5718fe6d9ab1,,dress,11-11-2025,5980,3850,,FALSE,,,82,14,2,0.0255,"casual,formal",darks,all_season,0.425,good,,olx
496443eb-2c55-433c-9cb2-d1607030b42a,,blouse,23-09-2025,7880,1810,,FALSE,,,159,43,1,0.072,bridal,metallics,festive,0.9775,new_with_tags,,meesho
aa99eea6-eb1c-4198-bc18-5e179ac8ec2b,,trousers,02-03-2026,5970,1640,,FALSE,,,14,43,2,0.073,"casual,formal",brights,all_season,0.425,fair,,olx
edcd1934-3c39-49ca-aac7-653527952d7e,,jeans,09-08-2025,2480,1990,,FALSE,,,334,4,1,0.0067,minimal,brights,all_season,0.55,good,,olx
656b2b26-c95f-486c-a782-926d53a77c3e,,coat,06-12-2025,16950,7480,,FALSE,,,457,19,0,0.0333,casual,neutrals,winter,0.42,good,,olx
4cecd07e-5a5b-4e0f-a527-bf4950c81056,84fecdbf-9e2f-466e-9957-4261de0f1273,shorts,28-08-2025,2690,1950,,FALSE,,,367,28,1,0.0467,casual,brights,summer,0.38,poor,0.15,olx
2f98f8e1-847f-4be8-b214-7004eaba4e13,,coat,31-12-2025,9620,6780,,FALSE,,,73,7,1,0.0123,casual,brights,winter,0.42,new_with_tags,,olx
c8b78246-a22d-46cb-a618-3b20c98ba3fb,,formal_shirt,13-11-2025,5820,3700,,FALSE,,,200,9,2,0.0154,"casual,formal",prints,all_season,0.425,poor,,meesho
4e954dc2-215d-433e-9f47-9ed1d3c371e1,cda841b8-48a0-44bf-b2d5-b71c444af40d,dress,09-05-2026,5980,2210,,FALSE,,,292,23,2,0.0419,"casual,formal",metallics,all_season,0.425,like_new,0.82,olx
91cb0484-03d7-47da-a720-7e727fc0fa58,9f87230e-8e5e-47de-a419-c1fde43be943,tshirt,03-03-2026,2520,2290,2170,TRUE,42,0.8611,5474,221,7,0.3689,casual,neutrals,all_season,0.4,new_with_tags,0.98,olx
584dfa8b-9136-4567-a1fc-edb86ce4afdf,8f182e19-c99d-4af5-9a5e-1e44e8c16520,formal_shirt,08-05-2026,5620,2410,,FALSE,,,481,17,3,0.0291,"officewear,formal",prints,all_season,0.45,fair,0.48,kaphor
220b7168-719a-4eb2-bdac-10e49ec042fb,4f6a01ff-c369-4e76-90f7-95754d12ad01,activewear,04-01-2026,4900,890,,FALSE,,,7,42,0,0.0705,athleisure,brights,all_season,0.7,new_with_tags,0.93,olx
da035a72-f8cd-4095-9865-2ec82ec141ba,39271a00-09da-4c5f-9653-30679140ebd1,jacket,29-09-2025,8050,2930,,FALSE,,,17,23,0,0.0383,casual,pastels,all_season,0.4,new_with_tags,0.95,kaphor
d8853168-dfa4-4810-957a-1d770d6c9e57,33f210d6-4363-4e8f-ad1c-886706d8f97a,jeans,10-04-2026,2480,760,690,TRUE,108,0.2782,7006,183,3,0.306,casual,metallics,all_season,0.4,new_with_tags,1,manual
f0bb9353-3aa8-4e44-9402-fc7957d65fd7,,trousers,26-02-2026,7360,2770,,FALSE,,,172,41,1,0.0696,"casual,formal",brights,all_season,0.425,fair,,olx
7a4e8134-eccc-44ad-a87e-0c9747455207,,kurta,12-04-2026,7060,2970,,FALSE,,,377,44,1,0.0736,fusion,metallics,all_season,0.8,poor,,olx
baf564b6-37c6-4e7f-aeb0-d2b7743e3acd,,shorts,22-03-2026,2690,420,,FALSE,,,369,28,0,0.0467,casual,metallics,summer,0.38,poor,,olx
cbb547ab-ac35-48a3-b0a6-245fcd9a78e6,aa1fe705-d368-4a1b-b9e7-5b87e18a463a,lehenga,16-12-2025,4920,3650,,FALSE,,,204,24,2,0.0402,ethnic,neutrals,festive,0.8625,new_with_tags,0.98,olx
5f3b0466-be49-4741-a7b6-aa9a936a9eca,3f059438-c7bd-4ca1-b002-42a8c54448e6,jeans,24-07-2025,2480,390,380,TRUE,39,0.1532,1965,124,11,0.2074,minimal,metallics,all_season,0.55,good,0.64,olx
caebfe4a-8f35-4565-a30b-dd325559e72f,,trousers,22-07-2025,6420,3840,3510,TRUE,61,0.5467,1401,566,5,0.961,formal,prints,all_season,0.45,like_new,,olx
d847e0e6-a6c0-466f-9215-08d0f2979cb0,,tshirt,04-10-2025,700,530,,FALSE,,,60,1,3,0.0017,casual,pastels,all_season,0.4,new_with_tags,,olx
b1b1f44f-8fc8-46fb-af49-d5e0c7ff500d,4f02f366-3298-4ba2-96f7-faffae5735c6,activewear,09-10-2025,1090,810,,FALSE,,,419,37,2,0.0621,athleisure,pastels,all_season,0.7,like_new,0.85,olx
e0f51d45-bb40-4a63-9f88-b73ef5f7254a,,trousers,05-05-2026,5970,4240,,FALSE,,,224,33,2,0.056,"casual,formal",brights,all_season,0.425,good,,olx
56cea6e3-d8bc-48fc-ad35-4d927f99f569,,dupatta,21-07-2025,6070,1100,1050,TRUE,73,0.173,3264,17,14,0.0284,ethnic,prints,festive,0.8625,fair,,manual
58fc1966-313b-4c30-8598-926ea8a84aa8,,kurta,16-02-2026,12830,4510,,FALSE,,,384,20,0,0.0334,fusion,darks,all_season,0.8,fair,,olx
9f65ddfa-e7a4-4e37-b4d5-3b3e83ca9f87,e65847dc-dbd5-4bc0-bfaf-64a035688524,other,16-07-2025,3160,1670,,FALSE,,,146,13,2,0.0217,casual,brights,all_season,0.4,good,0.66,olx
96a38cb9-351f-446c-9508-4995f80a533c,,dress,24-07-2025,5980,710,620,TRUE,70,0.1037,420,484,14,0.8816,casual,prints,all_season,0.4,poor,,olx
d35c46d6-df44-4424-a3ca-d1f60b5cd53b,c0083420-6b18-42c0-82c1-11d68b689052,jeans,11-08-2025,2480,360,,FALSE,,,299,0,1,0,minimal,neutrals,all_season,0.55,new_with_tags,0.96,olx
541c5395-f32b-41fa-a41e-723e9d516ad9,,jacket,02-03-2026,2780,1700,1580,TRUE,23,0.5683,1059,494,7,0.8233,casual,prints,all_season,0.4,like_new,,olx
3a6d239f-b0f8-4e28-b672-34b347f2a456,,jacket,01-08-2025,8050,1400,,FALSE,,,284,3,2,0.005,casual,pastels,all_season,0.4,new_with_tags,,olx
a47771fe-cf87-4b7d-9066-10708ef96eb2,,lehenga,10-07-2025,9470,2290,,FALSE,,,302,33,3,0.0553,ethnic,neutrals,festive,0.8625,like_new,,olx
1d5ed9bd-7da7-41fb-990c-c0416da421c0,,anarkali,27-06-2025,5545,5545,5230,TRUE,24,0.9432,7143,568,11,0.9776,bridal,neutrals,festive,0.9775,new_with_tags,,olx
82866c4c-4f03-4869-95da-3ac2195e6777,409f9a89-593a-472d-95b9-42a2f40eca7f,kurta,03-07-2025,10250,4190,3950,TRUE,9,0.3854,2989,372,3,0.6221,fusion,metallics,all_season,0.8,fair,0.36,olx
8838baeb-a3e5-4590-bad9-6d8baf5f6942,73e79221-44c7-40c4-8f0a-2e32335ed7e5,saree,22-01-2026,14100,5230,,FALSE,,,242,21,2,0.035,ethnic,metallics,festive,0.8625,good,0.61,olx
73a50d6d-ffdd-49d3-a8e3-357ff43c803f,,saree,22-05-2026,3630,2060,,FALSE,,,298,36,2,0.06,ethnic,neutrals,festive,0.8625,good,,olx
13ebffb6-a8be-4f50-86d7-62f5c904f37e,4fcb4cf6-0c7d-48cb-9dc2-dfc2df02f501,formal_shirt,20-09-2025,13880,3770,,FALSE,,,60,22,1,0.0377,formal,brights,all_season,0.45,fair,0.45,olx
f2f18f4d-9f74-432f-b403-41cef87fa4b7,,shirt,05-06-2025,2670,650,,FALSE,,,293,8,3,0.0134,officewear,prints,all_season,0.45,good,,olx
b2c72325-bdd8-4507-8445-da2932c12ea3,c6e62597-2316-4bc0-acd9-350ccf661691,jeans,17-06-2025,2480,1940,,FALSE,,,308,35,3,0.0585,casual,brights,all_season,0.4,new_with_tags,0.99,olx
e24570a7-f19b-4ebd-b1a4-431fcdaa60c5,,jeans,12-02-2026,2480,1850,1650,TRUE,46,0.6653,761,247,6,0.413,casual,prints,all_season,0.4,new_with_tags,,manual
60c4dacd-cf6f-4a82-92f0-e68b487ee0ad,61d955cc-daab-4bbd-a6e5-b454fae5a78c,dupatta,05-11-2025,6070,4190,4150,TRUE,101,0.6837,6285,431,6,0.7195,ethnic,darks,festive,0.8625,like_new,0.8,olx
ea3a956a-8ef1-4fd2-915e-7e8de9a4ff52,,anarkali,12-05-2026,5545,5545,,FALSE,,,171,12,0,0.0207,casual,prints,festive,0.46,new_with_tags,,olx
fdb33dec-1318-4e25-a24f-a3d5e5619f40,7f21d213-7eff-4275-8556-b8dc113fef6c,other,28-03-2026,3160,1090,1090,TRUE,94,0.3449,3907,19,2,0.0317,casual,brights,all_season,0.4,good,0.63,olx
df471227-d202-4c72-8adf-a1f079388da5,,jacket,08-01-2026,8050,7170,,FALSE,,,182,42,2,0.07,streetwear,brights,winter,0.6825,good,,olx
e8eb12be-c660-43a0-a678-f881f00214f2,d6a535b6-7d65-4d0e-8237-8f0be1f1dc88,other,28-02-2026,6850,2220,,FALSE,,,439,12,0,0.02,casual,neutrals,all_season,0.4,fair,0.54,olx
12523cc8-579d-4d26-afaa-01c41c56fc38,,sweater,31-07-2025,11165,5980,5780,TRUE,46,0.5177,5750,152,13,0.2546,casual,neutrals,winter,0.42,like_new,,olx
ba3505dd-5d73-4528-8b8d-e67a441e7df7,7b7f91af-e864-4b87-9309-04a5c78a66c5,coat,30-12-2025,9620,7320,7210,TRUE,87,0.7495,7444,247,15,0.4326,casual,prints,winter,0.42,like_new,0.83,olx
4a2eb7ae-40d2-4a5a-bb8f-a72232ca2dcc,f4a6a77b-2596-49a8-bdec-af02110acbf4,saree,22-04-2026,14100,5770,,FALSE,,,204,38,1,0.0633,ethnic,neutrals,festive,0.8625,fair,0.51,olx
2a3b755a-2193-4a24-bb4c-c6ea1f1aacda,827dfbcb-7c55-4cdc-a955-ee11d31278c1,activewear,25-06-2025,4900,2080,,FALSE,,,6,45,0,0.0755,casual,darks,monsoon,0.34,new_with_tags,0.98,meesho
76c7b4e6-48c2-43d0-a7e7-14fd7cc01cbe,c531f593-4d45-4d3e-ade6-d599109b6e4f,shorts,14-12-2025,2690,1920,,FALSE,,,273,28,3,0.0467,athleisure,prints,summer,0.665,fair,0.53,olx
eb385bc4-6880-4584-940b-68a540caebd5,,other,23-12-2025,3160,1540,,FALSE,,,109,27,1,0.0451,casual,darks,all_season,0.4,new_with_tags,,olx
c7f1c054-fcfb-4f8e-8eb2-6cc0a2676aa7,,dupatta,06-10-2025,6070,2700,,FALSE,,,247,37,3,0.0618,ethnic,darks,festive,0.8625,like_new,,olx
d70bbc4f-f399-4365-b3c0-a5af422556da,2e796284-e3fc-4992-9b27-bf6faed77ce3,saree,03-04-2026,14100,5720,,FALSE,,,39,33,0,0.055,ethnic,neutrals,festive,0.8625,good,0.57,olx
eafe9c7a-43d5-4ebf-a4a5-7bbe91c354be,30a438a9-0fe8-416e-9c4e-ddf6bdc0a230,jeans,11-10-2025,2480,1190,,FALSE,,,229,35,0,0.0585,casual,darks,all_season,0.4,like_new,0.84,meesho
036539fd-7a50-46a3-8fe9-071b20f39690,,trousers,05-07-2025,5970,1550,,FALSE,,,87,22,3,0.0374,officewear,prints,all_season,0.45,poor,,olx
39ada39b-c8c5-4bac-abb6-b52560e44461,e91d4b80-c7d6-4f93-9cf5-73893dfff98c,tshirt,27-01-2026,2520,2400,2090,TRUE,38,0.8294,5948,243,15,0.4057,athleisure,neutrals,all_season,0.7,good,0.56,olx
b4160678-de4c-477a-a700-59e789de6f64,9452267e-e8cc-4689-8142-25b43e2b6496,tshirt,10-05-2026,2520,1780,1620,TRUE,37,0.6429,4708,343,4,0.5726,casual,prints,all_season,0.4,good,0.65,olx
548cfbe4-708e-4167-bb93-f457fdd3f018,faf269a3-904e-4279-92dc-c1a2345ebadc,jeans,17-01-2026,2030,1470,1280,TRUE,77,0.6305,4581,302,2,0.505,minimal,brights,all_season,0.55,like_new,0.87,olx
3e039309-2e63-4a62-8977-731ff0a28589,a27d7061-711b-4aaf-bdd2-ed1c6fb42882,tshirt,04-09-2025,2520,1610,,FALSE,,,420,5,0,0.0083,casual,brights,all_season,0.4,new_with_tags,1,olx
d9ab04e3-bf1b-462e-b1c5-919565b26c7b,,blazer,23-04-2026,5765,4620,4500,TRUE,76,0.7806,2127,592,1,1,"casual,formal",brights,all_season,0.425,good,,olx
044b8dbc-0793-4f28-a89a-feabbf6a5231,94f8116a-4ec4-4f22-b7a5-1251731aa96f,shirt,09-08-2025,2670,1710,,FALSE,,,25,2,0,0.0034,minimal,neutrals,all_season,0.55,good,0.55,olx
622f3b2e-4174-4295-97fa-971c1d929ab4,,coat,08-09-2025,9620,2840,,FALSE,,,340,28,2,0.049,casual,metallics,winter,0.42,good,,meesho
2e04cf21-41c3-482b-9d2c-9e000255144c,,sweater,20-12-2025,11165,2780,2670,TRUE,25,0.2391,3366,104,7,0.1742,casual,pastels,winter,0.42,new_with_tags,,manual
8e7e3500-b5db-4eeb-90f4-6fe23921c0c5,,shirt,21-07-2025,2670,2210,,FALSE,,,56,28,2,0.0471,casual,brights,all_season,0.4,like_new,,olx
e77739c0-5e36-4491-b911-1a66693a40df,,saree,22-06-2025,8890,5300,5020,TRUE,19,0.5647,6333,482,15,0.8033,casual,pastels,festive,0.46,like_new,,olx
e93fa5f7-0106-453c-aa0b-6ef5a4dbbd08,be68707c-b7d7-4fe8-ad28-b605b108addb,kurta,01-04-2026,7060,2340,2060,TRUE,94,0.2918,6161,355,8,0.5936,fusion,darks,all_season,0.8,like_new,0.88,olx
a9c0f356-bc9e-4191-90c8-b69d9cf87c34,,tshirt,22-01-2026,2520,580,,FALSE,,,101,2,2,0.0033,athleisure,brights,all_season,0.7,like_new,,olx
85b14da9-1e6c-40d2-b69c-bb177b8cac00,,blazer,11-07-2025,5765,3740,3330,TRUE,5,0.5776,7849,356,11,0.6014,casual,darks,all_season,0.4,fair,,olx
6c4e98f9-bbc8-4cae-bb5d-9ece50928c7f,0ecbe540-e7cc-4bbc-b45f-f74cfd45d1ff,other,22-04-2026,3160,2340,,FALSE,,,355,32,0,0.0534,casual,neutrals,all_season,0.4,fair,0.53,olx
12cc1970-b0f1-45df-afd1-1c3c2ef1c3dd,,saree,28-01-2026,14100,13900,,FALSE,,,281,8,2,0.0133,ethnic,brights,festive,0.8625,fair,,olx
1c5c2c9c-346c-4d42-813f-9fdf48cb5a2d,,blouse,18-07-2025,5760,3810,3250,TRUE,80,0.5642,3566,59,8,0.0988,bridal,darks,festive,0.9775,like_new,,meesho
3bf3a06d-0f24-4179-bf0e-15d0201f0002,,coat,14-02-2026,9620,6600,6310,TRUE,72,0.6559,2349,326,10,0.5709,formal,brights,winter,0.4725,new_with_tags,,olx
7d018c66-7039-4d23-95f0-152496eab225,,sweater,13-04-2026,11165,6800,6690,TRUE,13,0.5992,6377,402,13,0.6734,casual,brights,winter,0.42,like_new,,olx
5ad8ff88-dbda-422e-97f9-115aee0e20ee,4d1eaa23-1ede-463e-90ee-98cd603b0e94,formal_shirt,13-05-2026,5820,2520,,FALSE,,,295,28,2,0.0479,formal,brights,all_season,0.45,poor,0.29,olx
30db8cbc-b1db-4caf-ae64-3170f99068bc,fb6b15fa-d318-4d6c-a39b-4a8db1a01a9e,blazer,01-07-2025,8560,4370,,FALSE,,,428,13,0,0.022,casual,darks,all_season,0.4,good,0.66,olx
d15c87bb-c1c9-49c3-b3a5-787198c6c9dc,,anarkali,23-03-2026,5545,2350,2260,TRUE,94,0.4076,7127,458,11,0.7883,fusion,metallics,festive,0.92,like_new,,meesho
931dfb45-b87b-4755-a9e3-246567fe1ef7,,formal_shirt,02-06-2025,5820,1640,,FALSE,,,435,38,3,0.0651,formal,darks,all_season,0.45,fair,,kaphor
8b6a0a08-d87f-4703-bc43-d96654829606,,jeans,02-01-2026,1670,730,,FALSE,,,236,37,3,0.0619,casual,metallics,all_season,0.4,fair,,olx
ef4700fb-c1e9-4a97-9cfd-d108c1fc2ce3,7a0da3d1-7eff-40f8-95ec-d9d53b4fce90,kurta,28-06-2025,7060,2880,,FALSE,,,445,12,2,0.0201,casual,prints,festive,0.46,like_new,0.88,olx
b458420f-0cd8-4729-9fbc-61b944444251,,lehenga,25-04-2026,9470,5750,,FALSE,,,70,45,3,0.0754,ethnic,metallics,festive,0.8625,good,,olx
f4d283db-5d8e-40e4-9cd8-aaa1a5e2dbaf,,anarkali,23-09-2025,6630,4100,,FALSE,,,56,33,0,0.0568,casual,pastels,festive,0.46,like_new,,olx
54a55d51-3a7d-460d-b50d-cf0634f0c8cb,,tshirt,24-06-2025,2520,810,,FALSE,,,114,34,3,0.0568,casual,darks,all_season,0.4,like_new,,olx
0849082f-edeb-4191-a936-afbc118e4ee3,44ff7c78-30bb-4645-aaeb-a975685f6aff,kurta,23-09-2025,7060,3720,3450,TRUE,85,0.4887,2392,185,10,0.3094,casual,pastels,festive,0.46,good,0.69,olx
587cb908-2afb-47ac-88e4-cdd6b1ca91c6,dcc71322-1126-4efa-b736-5b8cb7893268,shirt,26-07-2025,1040,780,,FALSE,,,361,18,1,0.0303,streetwear,darks,all_season,0.65,like_new,0.85,olx
7b2547ce-1e62-430f-b188-97d51ddb878a,,kurta,16-04-2026,7060,3400,3210,TRUE,117,0.4547,7177,96,10,0.1605,ethnic,brights,all_season,0.75,like_new,,olx
30d42a9f-f9f3-4d7f-97ca-7ce52e36c283,,trousers,19-11-2025,5970,4560,,FALSE,,,50,23,0,0.039,casual,brights,all_season,0.4,good,,olx
4275e70a-3c0b-4822-a716-4d95f0ab2faf,,saree,11-05-2026,14100,14100,,FALSE,,,342,2,1,0.0033,ethnic,metallics,festive,0.8625,fair,,olx
d1f59876-ee92-4d3a-be06-225d52a9ce21,,skirt,09-03-2026,2985,2060,,FALSE,,,167,34,1,0.0567,boho,metallics,all_season,0.5,like_new,,olx
c3f68a49-8838-4944-8605-3450ade85eae,,formal_shirt,16-11-2025,5820,1940,1890,TRUE,12,0.3247,4009,26,13,0.0445,formal,prints,all_season,0.45,like_new,,olx
f5efda92-7dae-4ee4-a48c-2fec2d03b983,,shirt,27-08-2025,2670,1790,,FALSE,,,363,44,2,0.0739,casual,prints,all_season,0.4,good,,olx
6c493916-82b4-4835-87b8-fc63212a549a,,blazer,16-05-2026,13170,2640,,FALSE,,,314,40,1,0.0676,formal,metallics,all_season,0.45,poor,,olx
3dfb7c4c-7568-49f2-82b2-68b4e81fca6a,,blazer,15-12-2025,3490,2110,2050,TRUE,43,0.5874,227,521,15,0.8801,"casual,formal",neutrals,all_season,0.425,like_new,,olx
114b3c93-1c04-41c9-967b-e8d11d385571,,anarkali,13-07-2025,5545,3470,,FALSE,,,356,30,1,0.0516,ethnic,prints,festive,0.8625,poor,,meesho
c08cd3d4-bed7-4729-b036-9151f7f4c1bd,,lehenga,16-12-2025,7660,3340,,FALSE,,,302,21,1,0.0352,ethnic,brights,festive,0.8625,fair,,olx
e6ffd1bf-060e-466a-b038-c36f824d2f21,,trousers,15-07-2025,5970,2580,,FALSE,,,244,29,0,0.0492,casual,brights,all_season,0.4,like_new,,olx
f6500b0b-45c6-47b5-adeb-875b8a265357,,anarkali,11-02-2026,5545,3930,3740,TRUE,118,0.6745,7484,441,1,0.759,bridal,neutrals,festive,0.9775,like_new,,olx
77fd9c5e-69d7-40f9-94b5-455eb5867d88,,anarkali,20-07-2025,5545,1910,1650,TRUE,65,0.2976,6756,117,11,0.2014,bridal,metallics,festive,0.9775,new_with_tags,,olx
d9a4e0a6-7027-4373-b93e-c05b25237041,98888c26-413e-466b-a411-a978d3968191,activewear,03-09-2025,4900,2070,,FALSE,,,139,23,2,0.0386,casual,darks,all_season,0.4,new_with_tags,0.91,manual
5d68c460-907f-4bf1-88bc-e02face3a8bb,,dupatta,12-06-2025,6070,5100,4560,TRUE,114,0.7512,381,337,3,0.5626,casual,metallics,festive,0.46,poor,,olx
7c09967e-7915-4638-9259-63a744746b7c,,saree,10-10-2025,52040,32800,,FALSE,,,173,27,1,0.045,bridal,neutrals,festive,0.9775,like_new,,olx
9ddef44f-ea68-46d5-8b98-398b169399e7,adb97d39-4b6b-451b-90db-3d4d557e2ddb,formal_shirt,04-07-2025,5820,800,,FALSE,,,170,29,2,0.0497,"casual,formal",metallics,all_season,0.425,good,0.72,meesho
926bcb84-1a9a-47f4-b819-67ad1780d5cd,df68c631-3f07-4c37-826f-5f8d3f72ffae,dress,09-06-2025,4180,3180,2750,TRUE,38,0.6579,2926,111,4,0.2022,formal,darks,all_season,0.45,new_with_tags,0.91,olx
44a5e691-97dd-45e6-8c8e-be4370c317a5,,dress,18-12-2025,5980,1120,1070,TRUE,12,0.1789,2430,187,5,0.3406,formal,brights,all_season,0.45,poor,,olx
ecfa7ba3-f3a6-4cf8-9b1c-f4abd6c575cf,,trousers,20-10-2025,5970,2380,2240,TRUE,23,0.3752,6026,217,9,0.3684,formal,pastels,all_season,0.45,good,,olx
69125b4b-0d24-48ff-8254-acf72a458e2d,5a4f6110-1668-4e1e-9678-93876d4de331,saree,12-09-2025,14100,14100,13170,TRUE,68,0.934,3151,50,11,0.0833,ethnic,neutrals,festive,0.8625,new_with_tags,0.96,olx
51c34452-e6cb-4d8b-8690-a2c8f5d260fc,e05bb4c8-3a97-47e2-99ca-ad803abeb53d,kurta,22-06-2025,2560,1450,,FALSE,,,362,0,3,0,fusion,neutrals,all_season,0.8,good,0.63,olx
0f9b75c1-2168-4f62-8b63-14badea695d7,,other,08-04-2026,3160,1430,,FALSE,,,368,27,2,0.0451,casual,pastels,all_season,0.4,new_with_tags,,olx
338d9fc8-418c-4c72-b68b-7f08d4d07eb3,cc08c05d-7132-4af7-ac20-d0e061f78617,dupatta,10-06-2025,6070,4840,,FALSE,,,436,22,1,0.0367,fusion,brights,festive,0.92,new_with_tags,0.94,olx
3a977b21-ac97-41d6-9dcd-120c9e769edd,646b58dd-ace6-45bc-a3f6-65b536d6c608,lehenga,28-10-2025,11230,3730,3630,TRUE,39,0.3232,1358,344,11,0.5762,casual,neutrals,festive,0.46,fair,0.53,olx
49e9eadb-f9f9-4acd-a072-1a47263f428a,,formal_shirt,30-11-2025,5820,3450,3020,TRUE,59,0.5189,2390,276,6,0.4726,formal,darks,all_season,0.45,poor,,meesho
f70b6e44-9502-4b41-9fa7-074585bb0a34,981d0d2f-fbef-422d-9240-128bc2dca172,blouse,26-11-2025,7880,2440,2290,TRUE,116,0.2906,5096,580,11,0.9715,casual,brights,festive,0.46,good,0.64,olx
335e9964-24f1-4c5b-bda1-e5a63159681c,,formal_shirt,11-04-2026,5820,3260,,FALSE,,,420,11,0,0.0188,formal,neutrals,all_season,0.45,like_new,,olx
d4194221-fa3d-45de-bc4e-20541c7d5e37,,dress,19-06-2025,5980,1240,1160,TRUE,41,0.194,3770,471,7,0.8579,minimal,pastels,all_season,0.55,like_new,,olx
cac811b0-991a-47ef-a53d-fc4617c3ec41,,anarkali,11-05-2026,5545,4430,4350,TRUE,47,0.7845,1738,172,1,0.296,ethnic,prints,festive,0.8625,like_new,,meesho
67817bc6-61e5-4f27-bf1d-35a96bc5a9b8,,other,08-02-2026,3160,1770,,FALSE,,,250,27,2,0.0451,casual,metallics,all_season,0.4,like_new,,olx
e8f0b520-a902-446e-8fb0-eecf0da7ab27,f9986960-1a4f-419e-89b3-743a1d66fcef,other,05-08-2025,3160,1720,,FALSE,,,450,10,0,0.0167,casual,neutrals,all_season,0.4,like_new,0.77,olx
a8e0c8c6-cd9a-45d6-80f4-3c46f821db5c,,shirt,18-11-2025,3690,2340,2290,TRUE,6,0.6206,3877,565,7,0.9496,officewear,neutrals,all_season,0.45,like_new,,manual
b8b7f1e2-6780-4b6d-8790-652b1b2eb4b2,e869bcd2-c717-43b7-82f6-753c6d6250f3,other,29-12-2025,4140,1100,1050,TRUE,103,0.2536,1399,509,10,0.8497,casual,neutrals,all_season,0.4,poor,0.26,olx
49b21021-2c7b-4303-bfd0-6f724c86998c,1ae1f09a-9e4d-4471-bc22-e96e6cc11029,formal_shirt,02-01-2026,5820,3130,,FALSE,,,178,18,2,0.0308,"casual,formal",metallics,all_season,0.425,fair,0.54,manual
3bed6115-fb56-43ab-a464-db11750aa0aa,,saree,20-09-2025,10730,4640,4050,TRUE,107,0.3774,3767,412,13,0.6867,ethnic,neutrals,festive,0.8625,good,,olx
a78ac9b3-c24b-4bcf-894a-99d1f9600851,,skirt,03-02-2026,3900,1650,1560,TRUE,91,0.4,6785,238,1,0.3967,fusion,darks,all_season,0.8,fair,,olx
76e82ae0-8d84-4769-a3c4-d1658a7671a4,,blouse,27-03-2026,7880,4880,,FALSE,,,42,23,1,0.0385,ethnic,pastels,festive,0.8625,like_new,,olx
610c58b4-b10c-4b2b-99f3-f99fe90cce68,,tshirt,20-07-2025,2520,2160,1920,TRUE,8,0.7619,1513,165,2,0.2755,casual,darks,all_season,0.4,like_new,,olx
eb44f875-6c47-4550-92ca-5efbc6aa67e9,,tshirt,06-03-2026,1830,510,480,TRUE,109,0.2623,7266,73,3,0.1219,streetwear,neutrals,all_season,0.65,poor,,olx
498cb614-488a-403d-864e-d193f9297548,,coat,18-11-2025,9620,1100,,FALSE,,,170,45,3,0.0788,casual,pastels,winter,0.42,good,,olx
f965ad16-692e-41bc-8951-3cb0f2884e6d,96e06bd7-a997-4622-8d53-771dabcfda7c,skirt,20-05-2026,2985,1920,,FALSE,,,84,22,1,0.0367,boho,neutrals,all_season,0.5,good,0.72,olx
b946507f-b7b3-42b9-8abe-fca2ddcf6c40,764afbc8-cfad-436f-91a5-a06281202e2c,activewear,19-03-2026,4900,1500,,FALSE,,,355,0,3,0,athleisure,brights,all_season,0.7,fair,0.53,olx
b18fe156-5193-47f3-bf1e-b4d6ead801d7,,activewear,12-05-2026,4900,3060,2820,TRUE,1,0.5755,928,345,13,0.5789,casual,darks,all_season,0.4,new_with_tags,,kaphor
3376d629-8cfb-4450-81a0-feea6af14dac,1e7a941c-39f2-46a5-8b66-44dc9eb72b47,dress,10-02-2026,5980,2670,,FALSE,,,195,26,3,0.0474,officewear,brights,all_season,0.45,good,0.73,olx
358f4812-c09a-4f7d-b4c8-115b1d14cf4d,62505834-d5dc-4fc5-bfba-7227a458c6f4,saree,21-03-2026,14100,2800,,FALSE,,,258,25,2,0.0417,ethnic,darks,festive,0.8625,new_with_tags,0.98,kaphor
f6759687-82d4-4a7e-8ba8-029f3db624ed,e6051964-085f-4d38-a1fc-6e9df2570dac,shirt,08-10-2025,2670,1490,1450,TRUE,80,0.5431,6745,497,7,0.8353,casual,pastels,all_season,0.4,new_with_tags,0.96,olx
aa17c862-f396-487c-9edb-301a800f6ce9,,shirt,02-11-2025,2670,810,,FALSE,,,382,19,0,0.0319,casual,pastels,all_season,0.4,new_with_tags,,olx
0c276838-8266-43ef-a332-52f6fb317893,,sweater,20-06-2025,11165,5510,5500,TRUE,4,0.4926,190,482,3,0.8074,casual,metallics,winter,0.42,good,,meesho
e1be0311-3cad-4339-95de-9dab7f7ad635,e91f6c59-015c-4126-aa93-e6ffb9bec52a,saree,02-11-2025,14100,14100,,FALSE,,,170,38,3,0.0633,bridal,neutrals,festive,0.9775,poor,0.24,olx
c1e7f231-5ce8-4078-9eee-7cb9672e40aa,b71ed17c-dd7e-4831-a910-cb12912a6203,kurta,31-08-2025,7060,1580,1350,TRUE,120,0.1912,5740,283,6,0.4732,fusion,darks,all_season,0.8,poor,0.33,olx
9f9beee1-9b4a-4f53-8af4-7b4276ddf6b8,538c0e55-ba0c-4894-8c59-16e8a69c25f0,activewear,08-12-2025,4900,1580,,FALSE,,,320,14,0,0.0235,casual,prints,all_season,0.4,good,0.6,meesho
13695631-11b6-4a3d-9e9b-967e69c2c3cb,ee95b830-a452-48fd-8a35-41551acdaef7,jeans,20-08-2025,2480,1610,,FALSE,,,488,29,2,0.0485,casual,darks,all_season,0.4,fair,0.4,olx
1ce801a7-7aef-4d8d-a5bc-9491b0620d84,15280096-61f8-49f3-bcec-12dae940b403,tshirt,20-02-2026,8870,2150,,FALSE,,,359,7,2,0.0117,casual,neutrals,all_season,0.4,poor,0.26,olx
feb66d0b-9ac3-4d74-8796-07272735b3bc,,shirt,27-05-2026,2670,2260,,FALSE,,,437,9,3,0.0151,streetwear,pastels,all_season,0.65,like_new,,olx
8856e5d9-d426-485a-9719-c4f19cf90369,,saree,20-08-2025,14100,14100,13210,TRUE,84,0.9369,2641,379,12,0.6317,ethnic,darks,festive,0.8625,good,,manual
e36907e4-04dc-4ba5-8ec5-b92d54791721,028cb011-81a5-4e39-b923-01edf29eda85,anarkali,26-09-2025,5960,2590,2500,TRUE,9,0.4195,3447,505,2,0.8692,fusion,pastels,festive,0.92,good,0.58,olx
8953acd7-7333-43fd-9041-893424183cd8,8365d772-27d5-4246-b8d7-276e1d90b868,lehenga,18-06-2025,9470,5770,,FALSE,,,341,38,2,0.0637,ethnic,prints,festive,0.8625,poor,0.34,olx
74e4e72b-4af2-4f06-853e-a2ca816cda99,,jeans,03-03-2026,2480,840,,FALSE,,,295,0,0,0,streetwear,neutrals,all_season,0.65,like_new,,olx
a3fb897a-1571-4459-b274-d06e1cbbca2c,8e7c7385-54c3-4ad6-97d4-4d35ae446df7,jeans,20-10-2025,2480,400,,FALSE,,,276,21,3,0.0351,streetwear,pastels,all_season,0.65,poor,0.33,meesho
4fdbd2a5-3ed8-4d0f-960c-65405cad35e1,,tshirt,06-01-2026,2520,630,,FALSE,,,54,9,2,0.015,streetwear,neutrals,all_season,0.65,like_new,,olx
a8dcccfd-f818-4986-a1bb-0256d3494131,,other,29-11-2025,3160,2230,,FALSE,,,63,30,1,0.0501,casual,metallics,all_season,0.4,like_new,,olx
57d373af-7574-46a7-b563-02c8bccd131f,,kurta,09-12-2025,40780,5360,,FALSE,,,104,26,3,0.0435,fusion,prints,all_season,0.8,poor,,meesho
b4f2122a-c17f-442e-9e64-8aca08b79755,,kurta,01-10-2025,7060,1470,1400,TRUE,116,0.1983,5093,376,2,0.6288,ethnic,neutrals,all_season,0.75,like_new,,olx
bb558ac2-772d-4695-92ac-60083a2d1752,,activewear,12-09-2025,1880,1250,,FALSE,,,354,13,1,0.0218,athleisure,darks,all_season,0.7,like_new,,olx
39c68b40-a0ac-44a2-9634-f9037c83bf33,3dd9b790-ce54-40e2-9c49-8e36fd5ff41a,other,30-09-2025,3160,600,550,TRUE,45,0.1741,1596,350,14,0.5843,casual,pastels,all_season,0.4,new_with_tags,0.98,olx
ce4b465e-e402-41bb-bb10-5a9c0a5ebee0,,activewear,08-02-2026,4900,840,,FALSE,,,406,2,0,0.0034,athleisure,prints,all_season,0.7,good,,manual
9b8284a3-a7ae-49b3-8e4b-4fca32bf3e75,,tshirt,30-03-2026,2520,1130,1030,TRUE,95,0.4087,5219,491,6,0.8197,casual,brights,all_season,0.4,new_with_tags,,olx
67dcaf47-ed21-44d8-8197-416ce5a045ec,0cf1849b-a095-41a6-b01d-47a5ef13b434,coat,20-07-2025,9620,7040,,FALSE,,,130,31,1,0.0543,officewear,neutrals,winter,0.4725,new_with_tags,0.94,manual
a67b8782-c580-49b8-bc6e-57df937fc63b,,kurta,01-05-2026,7060,4550,4470,TRUE,82,0.6331,3150,289,7,0.4833,fusion,pastels,all_season,0.8,like_new,,olx
59ef292f-33cd-4e56-9d8f-aa56533d29da,,jeans,16-01-2026,2480,2250,,FALSE,,,367,33,1,0.0552,streetwear,metallics,all_season,0.65,like_new,,olx
5c595a80-3fe5-4b6e-95fd-aebee2d481ec,0f6f036c-0881-4c5c-b99b-20e2e98cd8b2,jacket,28-10-2025,8050,2100,,FALSE,,,154,38,2,0.0633,casual,darks,winter,0.42,like_new,0.82,meesho
4cb7e651-acc1-4376-afc9-0f0277214902,b5797fae-492c-4c1c-9358-9cd4570abdd7,formal_shirt,24-01-2026,5820,1130,,FALSE,,,275,36,3,0.0616,"casual,formal",pastels,all_season,0.425,new_with_tags,0.92,olx
a36b803a-a758-4418-a98c-2af885d67639,,lehenga,05-02-2026,65330,14700,,FALSE,,,211,40,1,0.067,bridal,darks,festive,0.9775,poor,,meesho
b9d63440-b7fe-4566-8bad-0710858fdb0c,247fe601-75ec-4153-8da5-09de3ad39abd,dress,22-12-2025,2020,1260,1260,TRUE,30,0.6238,840,344,1,0.6266,minimal,brights,all_season,0.55,like_new,0.85,olx
10e7e855-6605-43cc-9fda-423ac08a5fb2,,kurta,01-10-2025,6880,3780,,FALSE,,,446,30,2,0.0502,fusion,brights,all_season,0.8,like_new,,olx
b72471c0-4957-4bfc-9725-c35eb6f2e022,06fac706-2322-46c3-b13c-e6076aa2f337,saree,29-10-2025,5770,3700,,FALSE,,,81,29,0,0.0483,ethnic,neutrals,festive,0.8625,like_new,0.76,olx
d5ff3b69-62ed-4598-b526-da9d8272fa27,,saree,21-11-2025,14100,3530,3350,TRUE,115,0.2376,1401,57,9,0.095,casual,darks,festive,0.46,like_new,,manual
f19c0b84-6ce1-44f3-a41f-de40fe949e70,,tshirt,28-11-2025,2520,1310,1210,TRUE,76,0.4802,3077,73,15,0.1219,casual,darks,all_season,0.4,new_with_tags,,olx
0ccf9980-becb-42f7-b99e-2104feb83070,,dress,31-10-2025,5970,3100,,FALSE,,,329,18,2,0.0328,casual,metallics,all_season,0.4,good,,olx
1dab1d9d-ddc0-471f-a294-912faa34fa46,3efaf5d6-cffe-4cf4-8e8b-10e76f2c3d8b,saree,21-04-2026,51320,21700,,FALSE,,,432,0,3,0,bridal,brights,festive,0.9775,good,0.66,olx
b1760069-dc4a-40d7-aeda-489b3588f1b6,,shirt,30-01-2026,2670,1520,,FALSE,,,105,4,0,0.0067,casual,darks,all_season,0.4,poor,,olx
48aa2db5-b735-4cb6-b2ee-ff90332cbe26,ede53a34-b7dd-42a0-8004-f349cd095984,dupatta,02-01-2026,3110,1570,1410,TRUE,14,0.4534,2214,347,14,0.5793,casual,pastels,festive,0.46,like_new,0.83,olx
45df01c6-3d5a-4b9a-bbeb-ca216795bcb6,9019e0e7-5a1b-4e65-97ca-e4e6245e874a,saree,12-05-2026,14100,850,850,TRUE,33,0.0603,4537,547,9,0.9117,ethnic,darks,festive,0.8625,like_new,0.78,olx
d8ae1b1b-16c1-4a3d-8165-0623ea713584,c3ea0ae2-94f5-400d-8af7-07246ff00542,dress,10-07-2025,5980,2990,2980,TRUE,57,0.4983,7822,250,4,0.4554,"casual,formal",brights,all_season,0.425,new_with_tags,0.95,olx
10afd456-b6f3-48fc-9ed2-eadc079da758,,kurta,12-09-2025,5970,4060,,FALSE,,,363,13,0,0.0217,fusion,prints,all_season,0.8,like_new,,olx
317de4c2-c687-41da-a06d-22f800bdde93,768f213e-3743-4fe0-b98e-dde8dad99456,coat,14-10-2025,9620,4520,,FALSE,,,458,25,3,0.0438,casual,prints,winter,0.42,like_new,0.83,olx
1a47edf1-b9e1-4ccd-a67d-c59a43b01c85,c7faba51-8666-49e7-a4e3-e3b60f581766,shirt,23-02-2026,3400,1930,,FALSE,,,279,16,2,0.0269,casual,prints,all_season,0.4,like_new,0.87,olx
14f80693-8988-45df-8584-7b6fabb19097,38f017ca-c56b-4f2d-b712-874c03372cdd,tshirt,06-11-2025,2520,2240,,FALSE,,,259,35,0,0.0584,minimal,pastels,all_season,0.55,fair,0.52,olx
4fc74c95-1d3f-4840-ac61-5bfee19898dd,,jeans,26-01-2026,2480,900,,FALSE,,,316,43,1,0.0719,minimal,darks,all_season,0.55,like_new,,olx
c36d2286-359f-4517-bc08-0deea6df2b8e,,anarkali,02-02-2026,5545,4770,,FALSE,,,218,16,2,0.0275,ethnic,metallics,festive,0.8625,like_new,,kaphor
1daa5112-1c9e-48e4-b80b-203bc63f4e56,,activewear,19-12-2025,4900,1300,,FALSE,,,350,18,2,0.0302,casual,metallics,all_season,0.4,like_new,,olx
9098a9aa-0dc4-4abf-93e6-ea018bbcb1c5,,shorts,19-01-2026,2690,1130,,FALSE,,,278,26,2,0.0433,casual,pastels,summer,0.38,good,,olx
3bf380fd-0c47-4841-b8b4-40e95f6e7f6b,,kurta,26-01-2026,7060,2490,2370,TRUE,16,0.3357,2352,339,14,0.5669,fusion,prints,all_season,0.8,good,,olx
d66e6a01-74bf-4475-85c9-0299289f45bc,,activewear,18-12-2025,4900,3380,,FALSE,,,111,35,1,0.0587,casual,prints,all_season,0.4,good,,olx
822e6673-1f64-47f4-84ed-8c83c1bc06ba,,shorts,07-12-2025,2690,2300,2040,TRUE,98,0.7584,740,305,12,0.5083,athleisure,metallics,summer,0.665,poor,,olx
a356297a-d5e5-4876-a2c6-713d8be386b7,,sweater,07-09-2025,11165,1560,1360,TRUE,77,0.1218,450,315,12,0.5276,casual,brights,winter,0.42,new_with_tags,,olx
4c0566dc-ebd3-41fa-8081-3b014af5a844,8878c4d4-5dae-4894-8ee3-664214fef301,other,05-05-2026,600,520,,FALSE,,,371,26,1,0.0434,casual,neutrals,all_season,0.4,new_with_tags,0.91,manual
c7411f36-01f9-4caa-8651-661bf9f1436b,,kurta,15-03-2026,7060,1370,,FALSE,,,181,25,2,0.0418,fusion,brights,all_season,0.8,good,,olx
2c5de705-b2b6-4d18-b09f-9fc69104ff80,,trousers,13-09-2025,7350,3870,3440,TRUE,32,0.468,5338,366,3,0.6214,officewear,darks,all_season,0.45,good,,kaphor
2fc1a2d6-3621-4a3d-b5f4-df4f4987c135,58fea6ff-72e5-4437-a18d-8592d5b1a142,dress,11-09-2025,5980,2710,2670,TRUE,46,0.4465,7784,121,14,0.2204,casual,pastels,all_season,0.4,new_with_tags,0.92,olx
69ef50dd-2012-42e9-a9e8-f6d698d50ea0,,dupatta,04-07-2025,6070,4680,4130,TRUE,15,0.6804,7145,303,7,0.5058,fusion,darks,festive,0.92,good,,olx
39dce44d-f04f-4aa3-85a7-a2214dfd5679,85cb75c1-44f3-4c6d-ae29-1ffe0e3c923e,jeans,27-03-2026,2480,1660,1440,TRUE,32,0.5806,280,440,12,0.7358,minimal,pastels,all_season,0.55,fair,0.37,olx
79bdb0aa-50eb-40ee-98db-37f9d879d01e,80cfd279-3067-466c-aec7-3d5ee571787e,other,29-04-2026,4080,2130,1990,TRUE,54,0.4877,3419,416,5,0.6945,casual,brights,all_season,0.4,good,0.6,olx
86823ff5-524b-4966-ae5b-c63cf301a32f,,anarkali,24-11-2025,9420,3880,3670,TRUE,68,0.3896,7788,156,10,0.2685,bridal,prints,festive,0.9775,good,,meesho
226e161c-9483-4fef-8bf1-a64e8ed282cf,,formal_shirt,22-10-2025,5820,3350,2940,TRUE,116,0.5052,167,420,5,0.7192,formal,darks,all_season,0.45,good,,olx
ac75fa33-8f9b-4e3d-9065-da17124fb754,990264cb-e7f3-4d1c-a95d-ddb323d9e9b5,trousers,22-10-2025,7900,3260,,FALSE,,,296,25,3,0.0424,officewear,brights,all_season,0.45,good,0.58,olx
8231eccf-8272-4c7e-8a36-69881e8c050e,b0b43514-7d03-4e7f-9a50-007d863d3838,shirt,26-09-2025,1280,920,910,TRUE,74,0.7109,4309,458,4,0.7697,casual,brights,all_season,0.4,like_new,0.83,olx
d912d570-f4db-411e-9872-dff70a980454,297d8980-5107-42c7-99b0-49ed5eb8d885,formal_shirt,23-05-2026,5820,2480,,FALSE,,,311,14,2,0.024,"officewear,formal",brights,all_season,0.45,good,0.69,olx
5cf606c7-ca6a-4b42-b320-174af233c1a8,ff0a6cd2-900c-4c3b-9c68-994b93e4637d,activewear,03-11-2025,4900,2360,,FALSE,,,254,4,3,0.0067,casual,metallics,all_season,0.4,like_new,0.81,olx
ba99a0d7-99a9-43d1-bd0b-d8e8a0e58fb3,3ab87cd4-ce4d-4912-88a0-decff8d9a7a5,formal_shirt,05-02-2026,3530,1490,1360,TRUE,78,0.3853,6402,320,6,0.5479,"officewear,formal",prints,all_season,0.45,good,0.73,meesho
e292ea19-7ab0-477d-bd56-a14429042151,60122154-cdd2-4c22-b994-afcccb50b669,saree,09-09-2025,6890,3580,3420,TRUE,76,0.4964,4953,534,2,0.89,ethnic,brights,festive,0.8625,good,0.63,olx
ec216b23-bba2-4261-987c-98e46b25b1a2,e4137245-02de-4232-900a-9fa75456fc56,activewear,22-02-2026,4900,1380,,FALSE,,,123,17,0,0.0285,athleisure,darks,all_season,0.7,new_with_tags,0.92,olx
1071a73f-c05f-4b1d-9300-b2265008d521,92017d0f-93ee-43cf-bacc-08fd59207323,jeans,29-03-2026,2480,1540,,FALSE,,,80,9,2,0.0151,streetwear,prints,all_season,0.65,fair,0.5,olx
a0f83e23-b045-4398-acc8-57e7a4d83046,78dd2071-d7ca-46e6-a238-19503ba9f948,saree,22-02-2026,8900,5310,5250,TRUE,23,0.5899,2814,316,6,0.5267,casual,prints,festive,0.46,good,0.69,olx
6fa0d28e-984d-47fd-aff8-249d0c96e751,ce494d4e-1b27-4bbb-8ab7-b23433077a17,skirt,24-05-2026,2985,1510,,FALSE,,,37,25,1,0.0417,casual,darks,all_season,0.4,like_new,0.82,olx
59d15e80-b275-47de-a250-1f8c9047fbde,7721c7ae-de29-4452-a231-61faa9bb1883,activewear,03-03-2026,4900,3100,2870,TRUE,50,0.5857,2688,588,8,0.9866,athleisure,pastels,all_season,0.7,like_new,0.87,olx
9da964a4-bac7-4f91-a645-e58fcfd45b8c,,anarkali,22-01-2026,5545,2510,2220,TRUE,68,0.4004,5040,109,12,0.1876,bridal,neutrals,festive,0.9775,new_with_tags,,olx
47f6d519-8891-4aea-ba46-d9bb28c32568,,activewear,16-11-2025,4900,3130,,FALSE,,,421,26,1,0.0436,casual,neutrals,all_season,0.4,good,,olx
433655cc-57ad-4628-803d-b5199dde4544,,blouse,26-09-2025,7880,4850,,FALSE,,,473,45,1,0.0754,bridal,metallics,festive,0.9775,new_with_tags,,olx
1b8faf84-8887-4316-bcab-88421a0725bd,fa409e95-6f52-43ac-b05a-03ee65948036,kurta,13-03-2026,7060,2300,,FALSE,,,172,0,1,0,fusion,prints,all_season,0.8,new_with_tags,0.96,olx
e220018b-4f5c-4dec-ae5f-5b27a282a8c1,,trousers,04-05-2026,5970,3900,,FALSE,,,451,2,1,0.0034,casual,neutrals,all_season,0.4,good,,olx
da6764dc-d637-4694-a70b-a1b3d296468d,,dupatta,29-08-2025,6070,4180,3950,TRUE,83,0.6507,7992,49,13,0.0818,casual,pastels,festive,0.46,fair,,kaphor
7349c4f3-4f94-4c82-a71b-edbdc8c9eeb9,6bdddf92-d8a9-4a99-a8ee-4ce8f3a89080,tshirt,16-01-2026,2520,860,810,TRUE,60,0.3214,2870,14,9,0.0234,casual,pastels,all_season,0.4,fair,0.38,olx
187c391d-6b93-4d3a-93f7-6cc2aa76aaf5,,shorts,05-12-2025,3650,970,,FALSE,,,391,30,0,0.05,athleisure,prints,summer,0.665,fair,,olx
d4e8ce5d-245f-49b2-b1ce-521a70952622,b6f8b4e7-2384-4e82-a414-a7e724fb0d94,activewear,14-01-2026,4900,1490,,FALSE,,,163,12,0,0.0201,athleisure,metallics,all_season,0.7,like_new,0.86,olx
18333c39-7432-4499-a952-8f45f081949b,d23e0996-b83d-4d9e-996a-a736edf04d8c,skirt,09-10-2025,2985,2090,1970,TRUE,104,0.66,1881,243,6,0.405,casual,metallics,all_season,0.4,new_with_tags,0.93,olx
2c3ce390-249d-40d5-95f4-f222bd36acae,cc7dd8a6-82e6-47e9-be49-8b15bfb4fa1e,tshirt,10-10-2025,2520,1840,,FALSE,,,317,36,0,0.0601,athleisure,darks,all_season,0.7,good,0.72,olx
ae88c839-7f62-484d-a0f9-656ca3209827,0c0c6dd8-6f33-46c9-b7b0-29fa861b00ac,shorts,11-02-2026,2690,1060,1020,TRUE,15,0.3792,3622,396,11,0.66,athleisure,brights,summer,0.665,like_new,0.82,olx
1a92f365-8cfb-4925-8068-b792bf28a22a,1bc738fe-d00b-4f7d-9aa9-aa56cf561a10,saree,05-07-2025,14100,2910,2760,TRUE,86,0.1957,2666,71,13,0.1183,ethnic,pastels,festive,0.8625,fair,0.52,olx
1aa3936d-b99d-433d-91fe-2bba1abcc205,2e9a63a0-f7ac-4ea6-be04-3264405f6459,lehenga,21-02-2026,8060,5280,5180,TRUE,88,0.6427,2718,428,13,0.7169,ethnic,prints,festive,0.8625,like_new,0.88,olx
04f8c222-1190-4ccf-bef6-f722f5bf34ae,,skirt,05-03-2026,2985,860,860,TRUE,84,0.2881,3635,475,3,0.7917,boho,neutrals,all_season,0.5,like_new,,olx
ad094770-1b4c-41b5-bd52-c6d3196c506b,,lehenga,04-10-2025,9470,2090,2000,TRUE,55,0.2112,3347,156,3,0.2613,ethnic,neutrals,festive,0.8625,new_with_tags,,manual
27079257-2135-4f54-ab76-0d8d0ef260da,,jeans,03-01-2026,970,760,,FALSE,,,78,28,0,0.0468,casual,pastels,all_season,0.4,new_with_tags,,manual
bca58fd2-257b-4f49-a657-6c1a5abb4d8c,afaa2738-63ce-44b5-96dd-5db5ca2d94df,saree,24-05-2026,14100,14100,,FALSE,,,222,37,0,0.0617,bridal,prints,festive,0.9775,good,0.6,olx
3de5c9b0-0ce8-4a72-a3c1-58016bf216c4,,shorts,07-08-2025,3950,1650,,FALSE,,,152,3,1,0.005,casual,brights,summer,0.38,good,,kaphor
9451e994-b43d-41c3-a0e8-419f64ee416d,08a82dc7-0d30-4cdd-8e58-742b916aa14d,activewear,05-03-2026,4900,1850,,FALSE,,,449,42,2,0.0705,athleisure,prints,all_season,0.7,good,0.68,olx
76f4c5ed-6075-42b5-83c3-8009b44f91db,,blazer,04-07-2025,5765,4370,4050,TRUE,71,0.7025,6005,302,3,0.5101,officewear,brights,all_season,0.45,fair,,olx
516d0167-7c50-4843-b454-5a95b16dea50,,tshirt,14-08-2025,2520,880,,FALSE,,,498,44,3,0.0735,casual,prints,all_season,0.4,fair,,olx
80ed153c-e9a6-4c43-b238-681d8afe5a46,fd19a3f8-7d15-4b18-ae28-0a84f0f47be4,tshirt,01-09-2025,10850,1090,,FALSE,,,380,9,0,0.015,casual,darks,all_season,0.4,poor,0.21,olx
ca78a0b7-8b19-49b0-80b1-8466964d6939,82d7cdab-4bbc-4847-9a32-98c7063ec292,saree,05-12-2025,55480,17900,,FALSE,,,30,27,0,0.045,bridal,pastels,festive,0.9775,fair,0.45,olx
8bc1c72b-a4b9-4009-9a9b-67811d748f96,bb137288-17b6-47d7-8580-31bdd422222a,activewear,10-09-2025,4900,1760,,FALSE,,,483,8,1,0.0134,casual,prints,all_season,0.4,good,0.62,olx
74ae3aa5-eef6-4d94-84a9-d7c91023cd59,932efc56-f55e-4f83-9541-419f8fd437d1,anarkali,21-11-2025,5545,5030,4670,TRUE,60,0.8422,2744,249,10,0.4286,casual,brights,festive,0.46,poor,0.11,olx
aaeaf860-b3ce-4922-9583-70a69e833ca4,29f6b5ad-8896-4001-9128-d8af4f8f36cf,saree,01-09-2025,14100,5580,,FALSE,,,445,24,1,0.04,ethnic,brights,festive,0.8625,good,0.65,olx
9ff06c34-8a1f-46da-aba4-91bf88c6a86f,,jacket,05-07-2025,8050,4280,,FALSE,,,105,8,0,0.0133,casual,prints,all_season,0.4,good,,olx
9fce2c91-e980-42f4-b7b6-48fce6ad3b32,c7b97b0a-ab07-416c-bced-8074bdddb43c,trousers,24-03-2026,5970,3300,,FALSE,,,139,6,3,0.0102,officewear,brights,all_season,0.45,like_new,0.89,olx
10e44dfd-dc1f-43a3-8c24-8035340654ad,4ad0ec82-8478-457b-88a1-cae50b2c49b4,kurta,16-04-2026,7060,4030,3960,TRUE,95,0.5609,2211,252,15,0.4214,casual,brights,all_season,0.4,new_with_tags,0.91,olx
443bfe6c-1534-4a76-ae05-72b0cfc11e32,261984d9-77bb-45ef-91a3-e482317044e6,kurta,18-12-2025,4450,3680,3570,TRUE,2,0.8022,1612,221,9,0.3696,fusion,brights,all_season,0.8,new_with_tags,0.91,olx
89e448a3-30b5-4f08-8330-2172571018e5,,anarkali,13-12-2025,5545,5545,,FALSE,,,92,12,1,0.0207,casual,brights,festive,0.46,new_with_tags,,olx
55be8e53-3e24-4587-bd38-0fe9cee91cf9,,other,04-06-2025,5760,1780,,FALSE,,,146,34,1,0.0568,casual,neutrals,all_season,0.4,fair,,olx
d1c65cbc-7d84-408b-9efd-307c350c0fc3,,skirt,16-08-2025,2985,690,,FALSE,,,73,18,1,0.03,casual,prints,all_season,0.4,like_new,,olx
a805c9e2-f2fb-4442-8052-59ecaf19631f,,other,13-08-2025,3160,2270,2160,TRUE,3,0.6835,3427,541,1,0.9032,casual,darks,all_season,0.4,poor,,olx
9e4e2b9d-4ebb-4125-88ee-d9abd3278e42,0c2c6c82-cc6c-4bad-874f-0eb7411442c5,jeans,30-10-2025,2480,990,970,TRUE,75,0.3911,7501,311,4,0.5201,streetwear,darks,all_season,0.65,new_with_tags,0.91,olx
d2fe5f08-0e79-41e8-a32d-a1d67b0b7312,,formal_shirt,04-04-2026,5820,2010,,FALSE,,,379,4,1,0.0068,"casual,formal",metallics,all_season,0.425,fair,,olx
1e1308b1-1b53-4aae-b88b-96ad0a111e5e,141a1f24-df7b-44b4-ad43-0f03e4c21e66,other,29-10-2025,3160,1550,,FALSE,,,373,25,3,0.0417,casual,pastels,all_season,0.4,poor,0.31,olx
507dcc16-09c1-4df7-b893-53b4f750a6ad,e7ef8d92-939e-49f6-bac8-e9d6c2115608,trousers,30-01-2026,11330,2610,,FALSE,,,141,44,1,0.0747,formal,brights,all_season,0.45,poor,0.28,olx
9016f4d8-8d33-4b31-b35f-e5acc75793f1,43ca30bb-83c6-48b4-a86b-190a6f94de25,tshirt,13-03-2026,2520,950,860,TRUE,76,0.3413,903,208,7,0.3472,casual,metallics,all_season,0.4,like_new,0.85,olx
871eac54-745b-4b6b-ab78-c2319a9bf7ba,,coat,20-05-2026,9400,7710,,FALSE,,,141,6,0,0.0105,casual,pastels,winter,0.42,new_with_tags,,olx
72369246-bb92-434c-9f01-b9a70aa32c8c,,trousers,02-10-2025,5970,3440,3400,TRUE,88,0.5695,2189,416,3,0.7063,"casual,formal",darks,all_season,0.425,good,,olx
00a314d3-44a4-4068-9d53-14f20f47a4e6,72422595-873f-4ccd-b870-4aac552fec03,jacket,07-06-2025,8050,1460,,FALSE,,,266,18,2,0.03,casual,pastels,all_season,0.4,like_new,0.86,manual
5fa339d1-9b43-4bd0-9ce6-902cb698e3d5,,saree,19-09-2025,14100,5560,5240,TRUE,79,0.3716,5288,422,15,0.7033,ethnic,pastels,festive,0.8625,new_with_tags,,olx
70c4e70f-861c-4d16-9fc6-1ac112ad806f,34d0b38f-1110-4b1a-9631-b5105f965012,formal_shirt,19-02-2026,5820,810,,FALSE,,,436,24,2,0.0411,formal,brights,all_season,0.45,like_new,0.82,olx
8289ed8c-eb79-4e52-a065-a004a12780a1,,tshirt,26-07-2025,2520,1630,,FALSE,,,431,44,0,0.0735,casual,neutrals,all_season,0.4,fair,,kaphor
4f84eec5-4e21-44d8-a89e-7d93451481de,,coat,23-09-2025,9620,3280,2820,TRUE,45,0.2931,459,458,5,0.8021,casual,pastels,winter,0.42,like_new,,olx
a5c0e88d-af97-4191-8a2d-a9002a0d864c,,tshirt,11-12-2025,2520,1440,1260,TRUE,67,0.5,6842,183,10,0.3055,casual,darks,all_season,0.4,good,,olx
1cf77be2-8501-4888-9a14-2ce95ab875eb,28c714b8-71d0-4541-b79a-1b8c0169f855,coat,06-06-2025,9620,2850,,FALSE,,,201,26,2,0.0455,casual,pastels,winter,0.42,like_new,0.86,olx
7a498a1e-4f88-45d0-862b-4eb635cb242b,40cdc81f-c23b-4088-9b1c-bc03e594bf90,skirt,01-01-2026,2985,570,,FALSE,,,379,39,2,0.065,boho,pastels,all_season,0.5,new_with_tags,0.92,meesho
33a4380d-0944-4462-9973-a8ff8ea1e285,96a53899-3893-453a-81f3-cc960c1c2e88,blazer,21-11-2025,3180,2310,,FALSE,,,413,6,0,0.0101,casual,brights,all_season,0.4,new_with_tags,0.93,olx
7039e359-cacb-44bd-bc18-f9e878823fd2,6dc321e1-2568-407f-b9f2-3183b3cfbd91,jeans,08-02-2026,5280,2340,2190,TRUE,93,0.4148,672,423,8,0.7074,streetwear,brights,all_season,0.65,fair,0.54,meesho
ab7cbf40-d240-4077-a601-0749ce1615e0,0188188d-b8d8-440f-81d4-707dda30629c,blouse,08-10-2025,7880,5710,5710,TRUE,78,0.7246,3956,344,1,0.5762,ethnic,pastels,festive,0.8625,like_new,0.83,olx
51d4e9c4-3a62-40ee-bd15-5914c5be16db,3638c789-d70a-4e06-b1ad-58208417a943,shirt,22-04-2026,2670,1780,,FALSE,,,102,21,3,0.0353,minimal,brights,all_season,0.55,good,0.74,olx
7ec9bacd-f43a-4860-9625-f82b7e81185b,557d0fd0-2aaa-4e68-a31b-3e85fa1596e8,saree,24-05-2026,14100,14100,,FALSE,,,363,36,1,0.06,ethnic,brights,festive,0.8625,new_with_tags,0.91,olx
b859162a-08e5-44f2-8229-1116a2033c4d,,tshirt,10-02-2026,2520,2060,,FALSE,,,136,19,0,0.0317,minimal,metallics,all_season,0.55,like_new,,olx
15de57b2-4361-44bc-b1d7-8982c14cc00f,d490ff96-6326-42f7-af91-862908aebf5e,blouse,02-08-2025,7880,5540,,FALSE,,,78,45,1,0.0754,ethnic,prints,festive,0.8625,like_new,0.78,olx
c5a1492c-1639-4948-b449-def2bc1cbcbe,,lehenga,26-12-2025,9470,1640,,FALSE,,,444,17,2,0.0285,ethnic,prints,festive,0.8625,like_new,,olx
63b627ea-cdbd-4755-894c-71c76826cc05,7487c2da-51c7-41fa-8230-3d61fae21a43,saree,19-10-2025,14100,2330,,FALSE,,,40,38,1,0.0633,ethnic,darks,festive,0.8625,like_new,0.8,olx
c555da54-91c8-4f6a-99bc-80e0b8d3b881,,activewear,03-09-2025,4900,840,810,TRUE,32,0.1653,3349,475,10,0.797,casual,pastels,all_season,0.4,good,,olx
15796e1b-2cb8-42cb-b5eb-ed3f7b853f37,,kurta,17-01-2026,5110,3940,,FALSE,,,122,7,0,0.0117,fusion,neutrals,all_season,0.8,new_with_tags,,olx
87b39559-bba5-4579-8a97-7a419aae8ae4,,kurta,28-12-2025,7060,2570,2430,TRUE,103,0.3442,3276,373,13,0.6237,fusion,pastels,all_season,0.8,new_with_tags,,olx
5fd6ed83-5036-49d4-835e-3886a8b62489,a56c75a3-f3c8-477c-99c9-7aa41cba373b,shorts,28-09-2025,2690,1110,,FALSE,,,225,11,0,0.0183,casual,prints,summer,0.38,poor,0.11,olx
77ded75a-b222-40f9-a498-c75dd5362112,,jeans,18-06-2025,2480,1090,,FALSE,,,223,6,0,0.01,casual,pastels,all_season,0.4,good,,olx
0bf49df2-96a1-42ff-9aa1-f6f0b765f4d8,cf2a7c63-0b0e-462b-8943-7b2ace371da7,lehenga,11-06-2025,9470,9470,,FALSE,,,51,31,0,0.0519,casual,darks,festive,0.46,like_new,0.83,meesho
99620530-061f-4e91-8311-610a2a43e3af,2a29f085-27c5-4da0-a1b2-93c97a88bf71,activewear,14-01-2026,4900,2150,,FALSE,,,109,27,1,0.0453,athleisure,metallics,all_season,0.7,poor,0.28,olx
8681e0af-ab99-4225-8b55-856f6249ec31,,lehenga,26-12-2025,36500,25400,22070,TRUE,38,0.6047,859,309,4,0.5176,casual,prints,festive,0.46,like_new,,meesho
a8da4f6f-f7ae-4efb-bd1c-cf510068d009,29d9e9b1-bd3f-4ce5-a9c4-d2de20612877,jacket,11-07-2025,5060,3140,,FALSE,,,11,14,2,0.0233,athleisure,neutrals,winter,0.735,like_new,0.81,olx
0306bff3-e0ed-487f-9513-98c69f30d130,1f78fc47-ae8f-4995-b997-a2d859c60c20,tshirt,30-04-2026,2520,1590,,FALSE,,,149,32,0,0.0534,athleisure,pastels,all_season,0.7,good,0.6,olx
776a98b4-7ac0-49df-89b4-9773fbb5b433,,shorts,04-09-2025,2690,770,740,TRUE,36,0.2751,1413,62,13,0.1033,casual,metallics,summer,0.38,fair,,olx
fb7cd0a3-9939-4fdb-abd0-b163cbb3a76a,,shorts,22-02-2026,2690,1720,,FALSE,,,353,33,0,0.055,casual,metallics,summer,0.38,good,,olx
7e77e046-d051-4a1d-b683-d38ce7fb881c,8d13c7bd-36d9-4a0f-9de5-a1cc64ff2c66,other,21-08-2025,3160,900,,FALSE,,,453,15,3,0.025,casual,metallics,all_season,0.4,good,0.73,olx
708e1639-1161-483f-91c3-ec888b8c48fc,df6d012b-8ac5-43fa-b9a2-be1a2098484d,shirt,14-10-2025,2770,1930,,FALSE,,,329,39,3,0.0655,casual,metallics,all_season,0.4,like_new,0.76,meesho
97f6e8e0-4940-4470-8c13-e6e5bf984df6,,blazer,04-10-2025,5765,1100,1090,TRUE,68,0.1891,797,402,3,0.6791,"casual,formal",metallics,all_season,0.425,like_new,,olx
e4773a48-f82f-4b5f-bd59-755d5e2c5cf6,a2afe0a5-289b-41d6-9bb2-f4cc7fce4326,activewear,12-01-2026,4900,2410,,FALSE,,,21,36,2,0.0604,casual,metallics,all_season,0.4,good,0.69,olx
dad4077b-b4db-4f71-952c-d0e08b7b4d4d,fd218c0e-2bea-4d34-848b-9b2640c771b7,skirt,29-03-2026,2990,1740,1670,TRUE,92,0.5585,5909,184,3,0.3067,casual,metallics,all_season,0.4,good,0.67,olx
1f5f2d95-8b4a-442d-8fd8-3fc62f697f11,,activewear,15-10-2025,4900,2820,,FALSE,,,95,31,3,0.052,athleisure,pastels,all_season,0.7,good,,olx
040ecf64-1f30-48ef-b525-8ad3bf5646e1,adc7fc62-e0f9-4ca4-873c-bea0f95cfb18,kurta,31-08-2025,5810,1740,1620,TRUE,106,0.2788,3522,586,3,0.9799,fusion,metallics,all_season,0.8,poor,0.11,meesho
68cb8618-da81-4949-b3b6-7198a393c4c4,1f29acc5-5661-4e9b-adb9-46aae1f613e2,saree,25-07-2025,14100,1280,1200,TRUE,16,0.0851,5927,556,9,0.9267,ethnic,pastels,festive,0.8625,like_new,0.84,olx
d6633805-0d0a-427e-85e7-e01f5b20fe76,,jeans,12-02-2026,2480,2150,,FALSE,,,103,41,0,0.0686,streetwear,darks,all_season,0.65,good,,olx
a55dd33b-b861-4427-9271-2c5232b23e5f,89a593fd-5e87-4d17-b66b-482839561982,jacket,04-06-2025,8050,6400,5590,TRUE,60,0.6944,4159,60,6,0.1,casual,darks,winter,0.42,like_new,0.85,olx
f8267c93-add8-498a-b1c6-5a7ff0eae243,779a1609-4423-4828-ac00-14f3e3dc130f,sweater,22-12-2025,11165,5450,5220,TRUE,105,0.4675,7020,516,10,0.8643,casual,darks,winter,0.42,fair,0.38,olx
56cea50f-7d54-404a-9d9a-e4dc29b7b7c5,fe57e734-cb0f-442e-b203-e4319c007b78,saree,07-12-2025,14100,14100,,FALSE,,,306,33,0,0.055,casual,brights,festive,0.46,like_new,0.88,olx
84622f83-76f8-43de-93df-15c925521654,8f937c06-706f-48a6-bc74-cede3dd1bd7e,activewear,10-02-2026,4900,1310,,FALSE,,,68,15,2,0.0252,athleisure,prints,all_season,0.7,fair,0.47,olx
35c22803-bff6-4113-95a8-7149cd23df53,,tshirt,17-02-2026,1680,1180,1160,TRUE,2,0.6905,5103,514,2,0.8581,streetwear,brights,all_season,0.65,new_with_tags,,olx
88812b45-2e40-4724-a4e8-7ae397d4805f,541071a6-31d2-402d-add8-81cc8ed8b766,dupatta,22-01-2026,6070,3890,3570,TRUE,7,0.5881,7293,524,12,0.8748,ethnic,brights,festive,0.8625,new_with_tags,0.93,olx
59e93cbb-6d84-48e3-8137-510050043a08,0ce7a925-2703-46c8-8e28-787d428f57a0,saree,23-05-2026,14100,1380,,FALSE,,,133,14,3,0.0233,casual,brights,festive,0.46,new_with_tags,0.95,olx
f6cad19a-4848-459e-a3a2-b77d417e010c,c84584ba-735f-40e7-bb85-bf196fecd374,kurta,27-01-2026,7060,4560,,FALSE,,,180,29,0,0.0485,casual,prints,all_season,0.4,poor,0.24,olx
ea45072d-d8b1-4292-9ec4-9d7b250585ce,1b4261c2-92e9-49fe-a8d1-20545bf24097,kurta,19-03-2026,7060,4290,,FALSE,,,6,41,2,0.0686,ethnic,pastels,all_season,0.75,new_with_tags,0.99,olx
766f9814-1449-4e82-b7c4-e8a97ddcfd20,9b261d8c-5176-46b2-9e57-dc7791f1bfc0,saree,01-03-2026,14100,14100,,FALSE,,,157,32,0,0.0533,ethnic,darks,festive,0.8625,new_with_tags,0.99,olx
2212455a-ade9-4ffc-a167-18764cddcd47,0ef7c140-3f0a-428c-823b-2f06a1e680f8,lehenga,26-07-2025,9470,900,780,TRUE,117,0.0824,6688,520,5,0.871,ethnic,darks,festive,0.8625,like_new,0.76,manual
ae6836e4-91ac-4cb0-a6ce-3e496f768df2,5de4dbc6-0c2e-4ea2-adf7-d07aec4a721e,activewear,29-09-2025,4900,3250,2960,TRUE,62,0.6041,4191,498,8,0.8356,athleisure,brights,all_season,0.7,good,0.61,olx
f7ad7e9b-f9cd-43c8-a8dd-16dd56137fe3,,jeans,09-10-2025,2480,2230,2000,TRUE,97,0.8065,7762,592,12,0.99,streetwear,metallics,all_season,0.65,fair,,olx
a0bd673e-9d5f-47e0-8de4-4030789f9449,,trousers,04-12-2025,5970,2440,2090,TRUE,30,0.3501,2543,122,11,0.2071,minimal,brights,all_season,0.55,like_new,,olx
e260e10d-d54b-40d4-b150-16760cfcd57f,,activewear,08-01-2026,4900,1970,1950,TRUE,115,0.398,1993,448,13,0.7517,casual,darks,monsoon,0.34,new_with_tags,,olx
b942046e-3ad9-42c4-ad18-722d279c3f4b,ed385db5-b750-4b7f-ae48-1c62838ffeb9,trousers,23-01-2026,5970,3300,,FALSE,,,323,22,1,0.0374,formal,brights,all_season,0.45,good,0.65,olx
11f24291-cec7-45fd-9bfe-3b92a67a4f08,,anarkali,18-09-2025,5545,2780,,FALSE,,,207,1,1,0.0017,fusion,metallics,festive,0.92,good,,kaphor
301d624a-a66f-4985-adf1-f63b0a8366c6,a114c729-23f8-41f4-96d1-38b7b2ea808d,kurta,26-09-2025,7060,4250,,FALSE,,,476,37,1,0.0619,casual,darks,all_season,0.4,good,0.74,olx
8334974a-b61c-4e5c-be17-b896be08679e,,other,24-06-2025,3160,1780,,FALSE,,,244,3,1,0.005,casual,metallics,all_season,0.4,poor,,meesho
54b4efbf-7e53-492a-914f-4d76f9883070,fca04e12-2476-43ba-9ab1-9a2110415f92,saree,31-08-2025,14100,3560,3420,TRUE,40,0.2426,5678,164,8,0.2733,ethnic,pastels,festive,0.8625,new_with_tags,0.94,olx
7ea922ca-900a-4aa3-84ad-dee0b1061b37,ecd0e832-a3ac-4ac9-8829-8109e0c157ed,formal_shirt,30-09-2025,5820,4790,4250,TRUE,26,0.7302,7193,273,7,0.4675,"casual,formal",pastels,all_season,0.425,like_new,0.78,olx
d754e892-8a9c-4f83-ab67-d06119c6e64f,,activewear,11-05-2026,4900,1990,,FALSE,,,284,22,3,0.0369,athleisure,neutrals,all_season,0.7,good,,manual
d923b75a-50da-4dd7-845a-f241201e04b6,,dress,28-02-2026,5980,4940,4730,TRUE,55,0.791,7855,84,3,0.153,casual,pastels,all_season,0.4,good,,olx
8c546818-0709-462e-b7a9-b3a23b6d202b,,lehenga,28-06-2025,3710,1630,,FALSE,,,252,12,3,0.0201,casual,prints,festive,0.46,good,,kaphor
72c73dc3-9ffa-412b-9470-edfae5d64fad,,lehenga,15-07-2025,3000,1520,1300,TRUE,97,0.4333,4174,304,4,0.5092,ethnic,neutrals,festive,0.8625,like_new,,olx
d00e6693-fd7a-4bf3-af98-cad2425bb66e,,trousers,03-08-2025,5970,3810,,FALSE,,,475,3,0,0.0051,casual,pastels,all_season,0.4,like_new,,olx
168ed70f-961a-4589-82d1-7aa494db7488,23271d52-5bc5-47c7-b709-682c06069ae1,trousers,18-01-2026,5970,2200,1970,TRUE,10,0.33,7664,385,4,0.6537,casual,brights,all_season,0.4,like_new,0.83,olx
f02bf4b8-4906-4d02-b3bc-cc35786a1b33,,activewear,01-12-2025,4900,2710,,FALSE,,,307,18,2,0.0302,athleisure,pastels,all_season,0.7,like_new,,olx
2916406e-6dc4-408a-8d74-45da2fbd8ca3,9aad8e47-a562-48b1-b2d0-49a204b6677a,saree,24-06-2025,14100,6000,5930,TRUE,113,0.4206,2185,355,2,0.5917,bridal,prints,festive,0.9775,good,0.62,olx
cc28d658-a1f0-4411-80a1-e458c1f228f1,8cc16329-7546-439d-bd8a-e1de01785a17,other,18-01-2026,3160,2310,,FALSE,,,298,8,0,0.0134,casual,pastels,all_season,0.4,like_new,0.88,olx
a6d1ef96-cf61-4236-b17f-2255d66281df,21cf2e53-e179-410d-8a55-ab28cd9d365f,kurta,12-10-2025,7060,5270,,FALSE,,,279,7,2,0.0117,ethnic,brights,all_season,0.75,like_new,0.88,olx
984114e3-a432-46ff-baea-02173bf3c152,3f4e7794-9c90-44d0-b166-d67eadb02b3d,shirt,06-02-2026,2670,1470,,FALSE,,,383,44,2,0.0739,streetwear,pastels,all_season,0.65,new_with_tags,0.96,olx
742d405e-23a3-4aac-b37e-d9ab2da7148e,bd06cfda-f35b-4f81-bacf-f620782e68c0,other,11-05-2026,3160,1130,1070,TRUE,27,0.3386,4597,30,10,0.0501,casual,metallics,all_season,0.4,good,0.61,olx
c6a68e46-e83f-4dde-b9d6-d7ac9e670d6c,46285baf-a21f-4bc2-8fac-03abef884207,shorts,18-12-2025,2690,1650,,FALSE,,,178,41,1,0.0683,athleisure,neutrals,summer,0.665,like_new,0.8,kaphor
c7374ab7-1d20-42a6-aee7-c72a9040824d,,shorts,26-08-2025,2690,430,,FALSE,,,357,42,0,0.07,casual,darks,summer,0.38,new_with_tags,,olx
aa62ade8-73f3-4b62-a2db-542b177210af,,other,09-03-2026,3160,1990,1830,TRUE,61,0.5791,1116,142,5,0.2371,casual,brights,all_season,0.4,fair,,olx
c04b9753-8383-4b9e-b752-63f34031ccb9,a36fd9ee-8007-42f4-87c3-847494f17214,blazer,12-02-2026,3780,1040,,FALSE,,,255,23,0,0.0389,casual,metallics,all_season,0.4,fair,0.48,olx
fbeb5bc5-01d8-4c7f-93f8-fd99991a6d69,8aabd5c1-3dbd-4a99-a3e7-a5281ce87aaa,coat,29-01-2026,4840,3440,,FALSE,,,152,3,2,0.0053,casual,brights,winter,0.42,new_with_tags,0.96,meesho
9f423c8c-c52c-4e78-8bfb-f76464fee90e,,other,20-08-2025,3160,910,,FALSE,,,32,34,3,0.0568,casual,metallics,all_season,0.4,fair,,olx
c7907cdc-d2cd-4dad-a981-df09db217891,ab269eb8-cc8b-40a0-a4b1-62c4fc2558eb,jacket,15-04-2026,7500,6470,6080,TRUE,114,0.8107,7733,584,13,0.9733,casual,neutrals,all_season,0.4,new_with_tags,0.95,olx
33d6d301-4a8a-4644-9fff-4f2dc91e608b,,jeans,14-03-2026,2770,1530,1330,TRUE,51,0.4801,5170,168,1,0.2809,casual,prints,all_season,0.4,like_new,,olx
ccec5323-a7d0-4fd0-b9cd-2bde2646bc3e,,blazer,12-03-2026,5765,2780,2430,TRUE,59,0.4215,7628,286,7,0.4831,casual,darks,all_season,0.4,like_new,,olx
1fe551d6-1ed6-48b3-9012-3af208501a2a,,sweater,28-10-2025,13170,5860,,FALSE,,,372,43,3,0.072,casual,neutrals,winter,0.42,good,,olx
dde8ff59-e04e-44cb-b10b-c7986dc62146,761c39d5-fc58-48a0-8d0e-c037d1de1c2d,dress,06-11-2025,5980,4880,4370,TRUE,41,0.7308,1082,129,2,0.235,casual,pastels,all_season,0.4,new_with_tags,0.95,olx
81794022-b4f8-4014-9c12-c3136f4d8987,,lehenga,21-02-2026,9470,9470,9030,TRUE,114,0.9535,856,118,8,0.1977,bridal,pastels,festive,0.9775,fair,,olx
ea25105d-70d2-4210-a015-a4e8eab149d1,,jacket,17-03-2026,8050,7480,,FALSE,,,252,5,2,0.0083,casual,pastels,all_season,0.4,poor,,olx
74d44437-c1b7-41e0-b2af-7afc731fd736,fd2540ee-a9d0-48b1-a195-6fd074faaa91,tshirt,27-10-2025,1490,610,,FALSE,,,341,16,1,0.0267,casual,metallics,all_season,0.4,fair,0.49,kaphor
252631fc-4928-44c5-9c2b-b1438d8c72d4,,activewear,23-01-2026,4900,2440,2340,TRUE,94,0.4776,5710,163,6,0.2735,casual,pastels,all_season,0.4,like_new,,olx
73ab0119-3a74-4868-b2e7-c9e7e74e1183,,anarkali,29-01-2026,5545,3880,,FALSE,,,133,42,0,0.0723,casual,metallics,festive,0.46,poor,,olx
2cf11169-f635-4086-8b59-d599a5024152,,formal_shirt,15-01-2026,11390,4850,4330,TRUE,66,0.3802,4621,53,14,0.0908,"officewear,formal",brights,all_season,0.45,fair,,kaphor
e65efcbb-1df9-4ef2-ab45-3d1f344422b5,01ac1f2a-f76f-4885-92f6-3b0da3e20fda,formal_shirt,04-02-2026,5820,3000,2780,TRUE,117,0.4777,7695,171,6,0.2928,formal,darks,all_season,0.45,like_new,0.82,olx
8e73184d-b39f-44f0-8375-13064732a2bc,4fb1cdf2-3db6-49e9-9457-f6214a42a828,saree,01-12-2025,14100,14100,13360,TRUE,93,0.9475,2166,212,1,0.3533,ethnic,darks,festive,0.8625,good,0.58,olx
4c1cf14c-659b-4840-8d1f-3d99151eb53b,4d8ef53e-3085-4739-8bff-02ba7bd8983f,formal_shirt,05-12-2025,5820,4800,4180,TRUE,10,0.7182,6326,333,8,0.5702,"officewear,formal",brights,all_season,0.45,like_new,0.76,olx
46419bc1-5628-4f1a-9b4d-869eb639ddb6,,shorts,20-01-2026,2690,1620,1390,TRUE,16,0.5167,7545,158,11,0.2633,athleisure,darks,summer,0.665,good,,olx
3a7cdd84-8c4e-47e6-b393-f7afa65fa9ff,41d55a05-a74e-42f1-a8a3-a68c94e9e5c3,other,27-04-2026,3160,450,,FALSE,,,357,1,0,0.0017,casual,pastels,all_season,0.4,like_new,0.79,olx
dac50713-7fa5-4674-91c7-f37ac41a8082,,coat,10-06-2025,6800,3090,2700,TRUE,56,0.3971,4219,259,12,0.4536,officewear,brights,winter,0.4725,good,,olx
bb8aada6-dbd2-4706-b53d-94bfc8e0e718,,formal_shirt,13-09-2025,5820,1710,,FALSE,,,113,21,2,0.036,"officewear,formal",brights,all_season,0.45,like_new,,olx
f2289db0-24a1-4ec9-898f-b2ecc57dcf9a,f2c011b4-c2a5-4db7-a867-a67d0d2b462f,blouse,12-10-2025,7880,5170,,FALSE,,,267,40,0,0.067,bridal,metallics,festive,0.9775,like_new,0.77,olx
8e129ce7-3585-47d8-8083-038a635d7cce,58d3f0a3-ee6e-4bee-8518-c99ce296a3aa,dress,18-03-2026,5980,4540,,FALSE,,,403,29,0,0.0528,boho,brights,all_season,0.5,new_with_tags,0.92,olx
5b614aa1-ec6f-4873-a106-4b4ed5484e23,,blouse,04-02-2026,7880,4570,,FALSE,,,40,22,1,0.0369,bridal,darks,festive,0.9775,new_with_tags,,olx
ee1ab401-c79a-4025-a06c-4b14dc6629cb,,dress,07-04-2026,5980,4470,,FALSE,,,476,33,2,0.0601,"casual,formal",darks,all_season,0.425,new_with_tags,,kaphor
f0d3df5c-38c1-46c3-9140-dd7a37042070,,saree,28-07-2025,14100,14100,12610,TRUE,3,0.8943,3910,93,6,0.155,ethnic,pastels,festive,0.8625,poor,,olx
db51cbdf-d586-4831-933e-03712174f9f6,825c83da-d851-48da-82d7-368a36a33e55,anarkali,26-03-2026,5545,3920,,FALSE,,,123,43,2,0.074,ethnic,brights,festive,0.8625,fair,0.49,olx
ef98d4e9-43ac-4d74-9f46-f1eb6d45d3b3,,jacket,04-12-2025,8050,7730,,FALSE,,,354,11,3,0.0183,casual,brights,all_season,0.4,poor,,olx
55faf7f1-f9cb-4aea-8a77-43e1e10a36a4,,skirt,28-04-2026,2985,1170,1090,TRUE,71,0.3652,2763,525,1,0.875,casual,darks,all_season,0.4,new_with_tags,,olx
2412aa5e-25ad-469d-82cb-c114c0a1a604,,kurta,03-09-2025,7060,1880,1670,TRUE,117,0.2365,6782,205,15,0.3428,fusion,prints,all_season,0.8,like_new,,olx
220fd39b-200b-4b85-8988-40ca1e78f6f7,a6f6520c-bea2-460b-8fb2-20da4c8b6cb3,saree,19-10-2025,14100,14100,,FALSE,,,385,0,1,0,ethnic,metallics,festive,0.8625,poor,0.12,olx
768f7d5f-9e7d-4d88-b0c8-1f75e716dfad,1be5eac4-85e3-40cb-906a-d3195de8bf14,other,23-12-2025,3160,1010,,FALSE,,,296,19,1,0.0317,casual,brights,all_season,0.4,fair,0.42,olx
bf99fc3d-cf33-491d-80a9-46dc20772431,,lehenga,05-10-2025,9170,1930,1840,TRUE,70,0.2007,7957,294,7,0.4925,ethnic,metallics,festive,0.8625,poor,,olx
721aa325-2e92-4cb0-a1f6-1c3b73f58d77,,other,06-10-2025,3160,710,690,TRUE,51,0.2184,4313,348,13,0.581,casual,darks,all_season,0.4,new_with_tags,,olx
53cfd753-49ab-43ef-817d-3f9bb18dee43,9ec5af0a-1caf-45cc-bb06-1baddaf7c7b4,trousers,18-11-2025,5970,2980,,FALSE,,,264,14,3,0.0238,officewear,brights,all_season,0.45,like_new,0.78,olx
fe6ebdd6-9e02-452b-844d-c48e9e94474c,7052d336-1935-4049-9b1b-5701f38ed71c,activewear,25-02-2026,4900,1260,,FALSE,,,500,2,3,0.0034,athleisure,darks,all_season,0.7,new_with_tags,0.96,olx
31e15f2b-1e79-477a-9dc4-0aa66f05f3b5,fda6623c-7e97-438a-81ed-991fc73ff2c5,dupatta,26-03-2026,9740,5490,,FALSE,,,99,10,1,0.0167,fusion,brights,festive,0.92,good,0.56,olx
3af1d673-53be-4222-b6b3-73775e4e627d,7b2d6c2d-730c-42b5-b7eb-d9c207827ab0,saree,13-10-2025,3280,2430,,FALSE,,,184,40,3,0.0667,ethnic,metallics,festive,0.8625,new_with_tags,0.97,olx
cedfc85b-a72f-4c9c-b958-944dcbb3296f,,skirt,26-12-2025,2985,1120,,FALSE,,,495,34,0,0.0567,casual,pastels,all_season,0.4,like_new,,olx
643bebfc-00c8-412b-8521-313fa0b888b2,dd7f690c-7550-43ad-a2bb-0e188867717f,saree,18-04-2026,14100,2940,2550,TRUE,21,0.1809,4486,484,12,0.8067,ethnic,neutrals,festive,0.8625,good,0.61,olx
9cf01cb1-eba0-4b2d-a266-172cf866c061,,other,16-12-2025,3160,1010,890,TRUE,12,0.2816,6668,19,10,0.0317,casual,brights,all_season,0.4,fair,,manual
97383d9e-253c-4f9b-a932-20034c541e08,,kurta,11-11-2025,7060,960,850,TRUE,17,0.1204,7971,324,12,0.5418,ethnic,neutrals,all_season,0.75,poor,,olx
6757336f-a28c-4e1b-bfe3-5b1493f9ac18,a090dde3-f1ec-4dbe-90f3-eadc26226912,formal_shirt,06-09-2025,5820,3390,,FALSE,,,295,6,3,0.0103,"casual,formal",prints,all_season,0.425,fair,0.46,olx
fc7afe8f-ae95-4b4b-88a1-d045a7614fe0,,formal_shirt,20-06-2025,5820,4830,4720,TRUE,108,0.811,562,147,4,0.2517,formal,brights,all_season,0.45,poor,,olx
38631f5a-79f1-4fbb-a186-0833d25ad70b,7f12badd-6973-4e3e-a17a-6511b21f8e11,lehenga,09-11-2025,9470,9470,,FALSE,,,469,39,1,0.0653,bridal,neutrals,festive,0.9775,new_with_tags,0.95,meesho
e4c3ab7d-23ef-4d45-96cb-1a229e9cce53,,coat,30-08-2025,10800,6610,,FALSE,,,146,8,1,0.014,casual,neutrals,winter,0.42,like_new,,olx
7023fa1f-38ab-44e9-bd81-b38974c7bf60,57880853-06ba-4d9c-8387-b3b0ef1cb27a,trousers,20-07-2025,5970,1100,1060,TRUE,85,0.1776,3463,347,8,0.5891,casual,brights,all_season,0.4,good,0.56,kaphor
76f3bf02-d146-42c7-8ee4-098056f20345,,shorts,22-07-2025,3310,1880,1600,TRUE,6,0.4834,1057,125,6,0.2083,casual,darks,summer,0.38,like_new,,olx
29e8f5d8-2bca-40c3-8974-2310efd4cc9e,,blazer,04-12-2025,5765,790,,FALSE,,,120,3,3,0.0051,officewear,brights,all_season,0.45,poor,,olx
edf532d4-83ed-461a-8553-5798e027cc4c,,jeans,11-08-2025,2480,1620,1580,TRUE,32,0.6371,789,174,12,0.291,casual,prints,all_season,0.4,good,,olx
58fcc49e-0cfa-4650-ad1d-13b565942d14,,kurta,14-09-2025,7060,880,,FALSE,,,162,42,3,0.0702,fusion,brights,all_season,0.8,like_new,,olx
4f89b607-68e3-4fcd-9fc8-af1a2629c15a,95640ae0-ba4a-49b5-ad0f-a4ad49fedf36,blouse,27-07-2025,9420,1380,1360,TRUE,52,0.1444,6516,531,15,0.8894,bridal,neutrals,festive,0.9775,poor,0.13,olx
256c8316-9739-43fb-9f74-70138f244470,,shirt,15-04-2026,2670,2110,,FALSE,,,303,31,0,0.0521,minimal,brights,all_season,0.55,poor,,kaphor
f162df3c-2f78-48c9-8eb9-3c706d809092,1393de0d-6014-47f0-9bc9-c7baff0bcd6b,saree,13-04-2026,9840,2920,,FALSE,,,182,31,3,0.0517,ethnic,darks,festive,0.8625,fair,0.46,olx
2463cd7a-d016-44a1-8206-bf37c16c2521,c013303d-bf75-42c3-ab4a-4a699d7707e0,shirt,29-03-2026,2670,2360,2070,TRUE,25,0.7753,4363,202,7,0.3395,minimal,prints,all_season,0.55,good,0.68,olx
f0936cfe-e0ed-4362-8a9c-ea7d6ca90392,c3172d7c-2caa-4ea6-b759-e16d9f8559bc,activewear,14-10-2025,4900,1140,1120,TRUE,28,0.2286,2178,436,15,0.7315,casual,neutrals,monsoon,0.34,like_new,0.86,olx
5cd0568d-c034-413f-89de-764c00dcd274,,shirt,01-02-2026,4790,2290,,FALSE,,,199,32,2,0.0538,minimal,brights,all_season,0.55,good,,olx
8aad3aa0-30f5-460b-9863-83e1e99fb814,68880849-8bca-4c3e-9c9f-fa72744ed069,lehenga,15-11-2025,9470,9470,,FALSE,,,492,35,1,0.0586,bridal,brights,festive,0.9775,like_new,0.81,olx
8fe4eec9-fa62-4979-b558-c0ae8dc2c0ce,070d5c51-d054-41fa-89de-609207738878,other,01-04-2026,3160,510,,FALSE,,,423,9,2,0.015,casual,darks,all_season,0.4,fair,0.4,olx
4491e767-59ac-43f4-8b0d-b66242cbcb4d,,shorts,12-08-2025,4010,2310,,FALSE,,,356,17,3,0.0283,casual,darks,summer,0.38,good,,olx
a7c669b4-d04c-4d24-b85a-7077eed0c9aa,,kurta,05-03-2026,7060,5410,4700,TRUE,115,0.6657,5983,334,14,0.5585,fusion,prints,all_season,0.8,good,,olx
37837196-c7f3-4d9a-b1ac-243fe881c7e0,4a8c19b6-08db-4a15-9f22-64f258fe53be,coat,16-06-2025,2950,2010,2000,TRUE,89,0.678,5614,548,11,0.9597,casual,darks,winter,0.42,like_new,0.82,olx
36310002-0797-40b7-8a5b-2060cdcebba0,,shorts,05-06-2025,2690,2270,,FALSE,,,418,32,0,0.0533,casual,brights,summer,0.38,like_new,,olx
2825d96a-355a-48c4-bf4d-bec015d1c238,2241003d-cd8a-4105-bfc6-c52efb0b3010,skirt,20-06-2025,2985,940,,FALSE,,,321,23,1,0.0383,boho,prints,all_season,0.5,new_with_tags,0.99,olx
06449414-2d61-4400-9ad9-68928933c67e,,kurta,10-01-2026,7060,4380,4200,TRUE,82,0.5949,1485,203,7,0.3395,fusion,pastels,all_season,0.8,new_with_tags,,olx
ea55e322-fb15-4f53-887f-2703a4a5302c,80e7f6ce-3c17-4abb-bb70-09a552d46bff,saree,05-07-2025,14100,14100,13010,TRUE,85,0.9227,7423,195,10,0.325,bridal,neutrals,festive,0.9775,good,0.73,olx
6d17f028-d4b8-4e2c-9625-bcb488e15d89,,anarkali,07-01-2026,5545,5360,,FALSE,,,428,10,3,0.0172,ethnic,prints,festive,0.8625,good,,olx
25db9ac9-7821-4d1d-8078-6b660a69cee3,,lehenga,30-07-2025,9470,9470,9290,TRUE,50,0.981,1631,318,2,0.5327,bridal,darks,festive,0.9775,good,,olx
dc7d9e55-b435-4ea2-84dc-6f39aae809e3,99066195-878c-4d3f-8afe-32f6739be8f4,saree,25-08-2025,14100,4440,,FALSE,,,414,8,1,0.0133,casual,brights,festive,0.46,like_new,0.87,meesho
c4a321db-5edd-4bb2-a69c-beda8bbb61ba,8087e61f-11dd-4138-b20e-23efbb75d1d9,lehenga,07-01-2026,9470,9470,,FALSE,,,135,36,0,0.0603,bridal,darks,festive,0.9775,like_new,0.89,olx
383e678e-aa1d-4523-a57a-1204fcab948b,2201d58e-104a-449d-96cf-1c2886437bd7,tshirt,11-12-2025,2520,1640,,FALSE,,,64,0,2,0,casual,pastels,all_season,0.4,like_new,0.84,olx
e41381b0-0447-4ec6-a06f-7d1be51e3390,,saree,07-06-2025,14100,4090,3710,TRUE,90,0.2631,2368,82,3,0.1367,ethnic,pastels,festive,0.8625,poor,,kaphor
b43723ed-8081-4ddf-a8f7-c9288ce1e954,c978e8b3-8f85-4726-9696-dd265b02b9cb,saree,07-10-2025,14100,3530,3400,TRUE,56,0.2411,6634,455,9,0.7583,ethnic,brights,festive,0.8625,good,0.67,manual
efcb0066-3f72-4d3b-b43a-6de5dc4154f9,,sweater,19-07-2025,11165,2920,2680,TRUE,79,0.24,5330,496,15,0.8308,casual,prints,winter,0.42,like_new,,olx
8d728fd6-d454-4601-bac2-6776e01fc4b2,,saree,24-01-2026,14100,1600,1480,TRUE,95,0.105,5217,570,2,0.95,ethnic,darks,festive,0.8625,fair,,manual
e4869a41-5230-448a-aaa1-5caef5e5ffa5,a2674909-5634-42e5-a37e-9e7ae5375c8f,kurta,06-12-2025,7060,2950,,FALSE,,,192,29,3,0.0485,casual,brights,festive,0.46,fair,0.39,olx
bfb129b3-e8b7-4cdf-9a74-0094d95dd197,1947042c-9788-49b1-8c9e-501af4098411,activewear,27-07-2025,4900,1130,,FALSE,,,195,44,0,0.0738,casual,darks,all_season,0.4,good,0.74,meesho
38961266-f27e-4f9b-aef2-0432f98bfc93,,activewear,21-09-2025,4900,1590,,FALSE,,,388,18,1,0.0302,athleisure,pastels,all_season,0.7,like_new,,olx
a0d3a6dd-447a-4ea4-bcc6-0a6efc3f940f,4c41ac42-8b48-4c2a-845b-653347cf2eb1,shirt,17-02-2026,790,560,520,TRUE,11,0.6582,2120,482,6,0.8101,streetwear,darks,all_season,0.65,like_new,0.8,olx
072143ec-4143-4fd7-bf14-65ff8c95d07b,,kurta,12-09-2025,7060,1630,,FALSE,,,211,14,2,0.0234,ethnic,pastels,all_season,0.75,poor,,olx
0590a437-53ed-45d7-9463-8eee236c6e50,,dress,07-09-2025,5980,4480,4000,TRUE,110,0.6689,669,142,1,0.2587,"casual,formal",darks,all_season,0.425,like_new,,olx
4d8e86e1-3a0a-40c8-8f8a-525ee2eb65ba,,activewear,07-05-2026,7710,1050,,FALSE,,,259,18,1,0.0302,casual,pastels,all_season,0.4,poor,,olx
533ee1fc-2b56-43a9-90c1-d79f15f7d357,,dress,20-11-2025,11030,3430,,FALSE,,,386,23,2,0.0419,fusion,brights,all_season,0.8,fair,,olx
13415c18-bbaf-4452-8b6a-73f5bcece6a1,,tshirt,17-11-2025,4010,2080,,FALSE,,,196,3,1,0.005,casual,darks,all_season,0.4,good,,kaphor
54e741d6-36fd-4a64-aa99-3734ffcbafcf,f18d352a-c419-4e78-b85d-51e0883e2df8,jeans,17-02-2026,1810,1060,940,TRUE,79,0.5193,2391,305,1,0.51,streetwear,metallics,all_season,0.65,good,0.69,olx
9d5ad9c6-2133-40b4-9b17-2b1e1f5562e6,39776ee2-90c4-4762-afc6-e27d4e5f0075,tshirt,12-08-2025,2520,2430,,FALSE,,,380,45,2,0.0751,casual,brights,all_season,0.4,like_new,0.79,olx
62640f67-725d-4ef2-9df0-027c9eee9acd,9854541a-5566-4bab-ac6b-3c32913e8040,saree,29-09-2025,14100,14100,,FALSE,,,312,15,1,0.025,ethnic,darks,festive,0.8625,poor,0.2,manual
2cfba4cf-9a0a-469d-9993-3090b15ce8f8,54d14dca-4e69-4543-ac23-26c0edd140eb,formal_shirt,12-07-2025,5820,3810,,FALSE,,,336,37,3,0.0634,"casual,formal",pastels,all_season,0.425,like_new,0.88,olx
e3d5979c-583f-46ad-bba8-647bc7fcee48,588a4f8f-19de-4c9a-ac58-c4928bc8fc48,kurta,12-11-2025,7060,3930,,FALSE,,,247,7,3,0.0117,casual,pastels,all_season,0.4,like_new,0.84,olx
df1d6ca2-f02b-4185-a5a2-2a97c4dc560f,,lehenga,01-02-2026,9470,1370,,FALSE,,,269,45,0,0.0754,ethnic,pastels,festive,0.8625,like_new,,kaphor
82cb2dc9-75fa-476e-a305-f7b3262abca6,4cc5bda4-1f54-4a98-8854-6f6e4e8c1375,kurta,17-02-2026,7060,5320,,FALSE,,,230,43,0,0.0719,fusion,brights,all_season,0.8,fair,0.54,olx
edf539d2-29e4-408c-8691-ae61081d8122,b4ea01f6-0a56-4867-b99f-d7a3f3ec52f4,coat,16-07-2025,6380,4790,,FALSE,,,358,4,0,0.007,casual,metallics,winter,0.42,new_with_tags,0.94,olx
9a4b592c-225c-44e8-9d3d-c5df82bff81f,dee89f49-464d-45d4-9d45-8ee34456b49e,saree,21-11-2025,6650,3190,,FALSE,,,325,28,0,0.0467,ethnic,pastels,festive,0.8625,good,0.56,olx
9e62746f-44c8-47f6-bf60-c9b2ed6a2ac0,,saree,30-03-2026,14100,14100,,FALSE,,,77,18,0,0.03,ethnic,brights,festive,0.8625,new_with_tags,,olx
ebd1e054-da17-47bd-bd8c-f17d4a1b6b46,b32c7d27-4591-4e03-b3fa-6519b9b2471a,kurta,07-08-2025,7060,5180,,FALSE,,,213,31,0,0.0518,casual,brights,festive,0.46,like_new,0.75,olx
b72a3478-2c18-407c-a22c-064ea3a3c1cc,,activewear,15-09-2025,2740,1650,,FALSE,,,39,40,0,0.0671,casual,prints,all_season,0.4,like_new,,olx
dce893b9-91bc-4da1-8dae-767c5c58fbce,,saree,27-08-2025,14100,14100,12790,TRUE,97,0.9071,5436,370,11,0.6167,bridal,pastels,festive,0.9775,new_with_tags,,meesho
644d1103-1b4b-4db0-9349-193e046944d6,e902c6c9-f8b0-415c-8e1f-11b120260660,other,17-11-2025,3160,1990,,FALSE,,,320,21,2,0.0351,casual,neutrals,all_season,0.4,good,0.67,olx
c1b21d60-7fd0-4586-82b9-6bad4371de2b,aba8718e-c742-4783-aabe-2b21ac6afef5,blouse,10-10-2025,7880,2660,,FALSE,,,276,9,0,0.0151,ethnic,prints,festive,0.8625,good,0.63,olx
54533693-90a3-424a-bbae-a47d058734d9,8f08bcff-6cef-44b5-9943-f53708c9710e,kurta,03-03-2026,7920,4890,,FALSE,,,100,9,0,0.0151,fusion,metallics,all_season,0.8,like_new,0.76,olx
d830d141-a847-4b56-93b0-3b79ec4ceddf,a7438332-b7ea-44bd-b2f1-d37ca5dcd68a,shirt,16-12-2025,2670,480,,FALSE,,,125,13,2,0.0218,minimal,brights,all_season,0.55,fair,0.38,olx
53f8fbf6-bf64-4444-8758-001a71f03aac,,jeans,07-10-2025,2480,1900,,FALSE,,,428,34,2,0.0569,casual,darks,all_season,0.4,like_new,,olx
8d3d0123-a85a-48af-8b81-c31c783f6bb4,8c0ab420-54eb-4c8e-966b-16e8fd60d90e,shirt,23-11-2025,2670,1100,,FALSE,,,314,37,2,0.0622,minimal,neutrals,all_season,0.55,good,0.62,olx
e12b2a13-2604-41cc-bdaa-bc14dca00b97,79253214-9816-406b-914d-3e246f256bc5,other,23-11-2025,810,700,,FALSE,,,5,37,0,0.0618,casual,prints,all_season,0.4,new_with_tags,0.98,manual
137a6de3-f619-47ed-bc97-a4567d015c5f,87b12fd1-d228-4298-9961-94bc50084d3f,lehenga,20-07-2025,9470,6600,5680,TRUE,97,0.5998,687,421,15,0.7052,bridal,darks,festive,0.9775,good,0.59,olx
771b7aee-1cac-4219-acaa-279866d48bab,,saree,02-11-2025,14100,14100,,FALSE,,,328,16,2,0.0267,casual,darks,festive,0.46,fair,,kaphor
41c9e534-694d-44ea-ab1e-ed498f2a77b5,,formal_shirt,21-01-2026,5820,4820,4720,TRUE,23,0.811,7325,428,9,0.7329,"casual,formal",metallics,all_season,0.425,new_with_tags,,olx
22ad030c-ef66-48c4-96c0-c30f06073426,,blazer,28-03-2026,4270,2960,2950,TRUE,77,0.6909,1734,146,9,0.2466,officewear,brights,all_season,0.45,like_new,,olx
d4473f04-26a7-49da-abc0-9ee964bc205f,,jeans,31-08-2025,2970,1190,1030,TRUE,69,0.3468,2435,147,7,0.2458,streetwear,pastels,all_season,0.65,fair,,olx
a790a6f9-aba4-4a11-9be3-0417a311d806,2289f711-3742-430e-91ef-f50263a7d058,sweater,31-10-2025,11165,2070,2040,TRUE,11,0.1827,1047,359,12,0.6013,casual,prints,winter,0.42,like_new,0.86,olx
445424cd-10e1-463a-b19a-25982aa514b6,2e3cf120-e74b-45a7-8219-f818ebd8391a,jacket,18-05-2026,8050,6330,,FALSE,,,392,30,1,0.05,streetwear,pastels,winter,0.6825,good,0.59,meesho
5903c65f-43f0-4156-b192-2aefc8b679cb,d9e545e7-c976-4814-b85f-b9dd19d1d240,trousers,19-04-2026,5970,4050,,FALSE,,,484,41,0,0.0696,casual,pastels,all_season,0.4,fair,0.51,olx
73c0cfbb-50ae-4796-b784-ed266e80bd33,5383c0a3-3db9-49c4-83db-cdb7a26d6d44,jeans,07-08-2025,1240,500,490,TRUE,52,0.3952,2291,34,1,0.0569,minimal,darks,all_season,0.55,good,0.68,olx
34673d3b-c25e-47fa-be86-7de347074bdf,,kurta,05-12-2025,7060,1290,1250,TRUE,87,0.1771,2422,115,6,0.1923,fusion,neutrals,all_season,0.8,good,,olx
36b0909c-d06b-408b-b31d-3c6448f3f14d,0a8b0d4f-8595-41d8-b453-530467a05233,shirt,11-11-2025,1620,640,550,TRUE,98,0.3395,3888,388,10,0.6521,casual,prints,all_season,0.4,fair,0.39,olx
9a88ecc7-5074-42d4-89bd-2fe090d4441f,,jeans,12-12-2025,3900,1700,,FALSE,,,394,26,1,0.0435,minimal,prints,all_season,0.55,good,,olx
177f9fca-139d-4e4a-bf0d-eea9a965ed77,,tshirt,01-11-2025,2520,2350,2150,TRUE,57,0.8532,2127,10,11,0.0167,casual,neutrals,all_season,0.4,new_with_tags,,olx
d08d9772-173e-4a9a-814e-b81f17d93dcc,,formal_shirt,15-07-2025,5820,1380,1270,TRUE,61,0.2182,2211,339,3,0.5805,formal,brights,all_season,0.45,good,,olx
b2f92458-1c28-4d46-bc21-4e9c443b5dfa,,tshirt,16-11-2025,2520,540,,FALSE,,,266,33,1,0.0551,minimal,darks,all_season,0.55,poor,,olx
c7ff7a60-fcc9-4dbd-9883-6d7bda29c698,2d30399d-fc62-4935-b378-71cc8372caeb,lehenga,20-02-2026,7100,4520,,FALSE,,,423,32,0,0.0536,casual,metallics,festive,0.46,like_new,0.78,olx
17d1b00d-03e8-4940-abb6-98eb9b54c196,,dress,29-06-2025,5980,3810,,FALSE,,,42,37,1,0.0674,boho,darks,all_season,0.5,like_new,,olx
4c721a8a-5f39-42e1-8c80-85ad161b06dd,,shirt,31-08-2025,2670,1750,,FALSE,,,16,38,0,0.0639,casual,metallics,all_season,0.4,good,,meesho
1d312826-3d46-45ca-898d-8fbf980bc88f,aa54e331-6943-405e-a4dc-0ce83cec27ae,blazer,20-10-2025,2400,1860,,FALSE,,,128,16,2,0.027,"casual,formal",brights,all_season,0.425,new_with_tags,0.95,olx
ef985532-dbfd-4f16-b8b9-59169ef5417a,d6604431-49f2-421c-bf16-72ffdb11ed6f,jeans,25-06-2025,560,430,,FALSE,,,271,37,2,0.0619,casual,neutrals,all_season,0.4,new_with_tags,0.93,olx
6f9c7ecc-6bff-447e-852e-d74eb99c1ac8,,saree,30-10-2025,6170,5180,,FALSE,,,218,5,3,0.0083,ethnic,brights,festive,0.8625,new_with_tags,,olx
b3ed4ba3-8d61-4f91-8736-1879cc50d16f,e97d8f24-84da-4f2b-8faf-90941a3689c3,blazer,28-01-2026,5765,3820,,FALSE,,,261,37,3,0.0625,formal,prints,all_season,0.45,poor,0.28,meesho
982a4a85-ae64-4784-84df-1e06c6f528ae,5634d0c9-e549-4084-9f14-ebc55d94790e,saree,24-06-2025,14100,4420,,FALSE,,,151,8,1,0.0133,ethnic,metallics,festive,0.8625,good,0.66,olx
95e6b6fe-e939-4c8b-b060-101a016bbf9a,102f152a-8879-4d59-a3b0-f9adbddfe192,blouse,23-08-2025,7880,2790,2590,TRUE,16,0.3287,1787,500,6,0.8375,casual,darks,festive,0.46,fair,0.49,olx
acdcd636-ce14-4237-879e-59c68b42cc01,,other,23-01-2026,2990,2230,2010,TRUE,18,0.6722,4503,117,14,0.1953,casual,metallics,all_season,0.4,like_new,,olx
87893a2a-d2c0-4af8-9c14-52a792fd9970,,kurta,18-01-2026,7060,2130,1950,TRUE,101,0.2762,7943,37,9,0.0619,ethnic,prints,all_season,0.75,good,,olx
6edf078a-72f8-4159-b72f-b496f5d7895e,d50aaada-8bda-4e37-a258-b2c1b91db7eb,jacket,20-05-2026,8050,5510,,FALSE,,,100,35,2,0.0583,casual,darks,winter,0.42,like_new,0.85,olx
833751ae-fc43-42d3-bb14-d6eeb8b12b38,91bc8621-6df6-4e86-88cd-20b32ec755fc,sweater,20-10-2025,7860,5700,5180,TRUE,48,0.659,6558,551,1,0.9229,casual,neutrals,winter,0.42,new_with_tags,0.95,olx
d6a5c262-10af-4aea-865a-ee9b28c590ad,,formal_shirt,06-02-2026,5820,3770,,FALSE,,,58,18,2,0.0308,formal,pastels,all_season,0.45,poor,,manual
98a43bfb-3460-47a9-a978-e65ec6ce1170,05dde4e7-0732-4d47-91dc-e49ad1d4302c,other,07-03-2026,3160,2340,,FALSE,,,137,22,1,0.0367,casual,brights,all_season,0.4,like_new,0.82,olx
a60c3b3e-aead-4a31-b794-27352b2dab85,de9d56b3-73ba-4819-9c0f-eb3a6d0e1128,other,12-10-2025,3160,2270,1950,TRUE,55,0.6171,6001,195,14,0.3255,casual,neutrals,all_season,0.4,new_with_tags,0.92,manual
90fa9f70-ccaa-4c8e-b83e-bbff5165be44,d7c314dd-b39c-4256-903b-284f703cd81f,trousers,25-05-2026,5970,2800,2550,TRUE,1,0.4271,2825,446,7,0.7572,formal,darks,all_season,0.45,fair,0.45,meesho
eb419ebe-40cd-474d-83f0-da5b98d0c3eb,42703766-d5ce-4e90-8c6a-8a336cf4ca37,shorts,30-04-2026,2690,760,710,TRUE,37,0.2639,2653,540,7,0.9,athleisure,pastels,summer,0.665,new_with_tags,0.94,olx
a2518ff9-bf24-4124-b95c-bd300f32b1cd,663ecbc8-f2cb-4b08-9da9-2e4b8f90a3df,jacket,03-05-2026,8050,6440,,FALSE,,,306,2,2,0.0033,casual,prints,winter,0.42,good,0.57,olx
ac39af2f-63d5-4c3d-9980-90cfe3e0c3a8,,sweater,14-03-2026,3470,1000,870,TRUE,12,0.2507,1043,271,4,0.4539,casual,brights,winter,0.42,poor,,olx
69ff339e-155f-4671-ab8d-e1be35001d63,,tshirt,25-08-2025,2520,1970,,FALSE,,,182,14,1,0.0234,streetwear,prints,all_season,0.65,new_with_tags,,olx
1269145a-79f8-44b5-ad5a-6b93b1d60d4b,,coat,12-08-2025,9620,7050,,FALSE,,,129,11,3,0.0193,casual,pastels,winter,0.42,poor,,olx
2f162256-bfe5-458d-86d0-9fa05d273eb6,b673da73-68ee-45a8-8b80-fb1b68fdc5dc,lehenga,21-04-2026,9470,5600,,FALSE,,,149,13,1,0.0218,bridal,prints,festive,0.9775,like_new,0.77,olx
5c14899f-ed28-4141-9247-349ccd4bacdd,b34e820c-b97a-4541-8694-0c0671734fef,shirt,19-03-2026,2670,2320,,FALSE,,,155,29,1,0.0487,minimal,neutrals,all_season,0.55,good,0.65,olx
f8064794-b0c5-45a9-b47d-a747bb47441f,4f8fac03-b647-4e2e-ad6e-4a8e60213422,blazer,20-02-2026,5765,1460,1420,TRUE,2,0.2463,5893,350,2,0.5912,casual,metallics,all_season,0.4,like_new,0.75,olx
490279b4-673b-4ea7-a3bd-abd9b1ed1e26,31fc3a74-4b3b-4701-a2de-85df077d1842,shorts,20-05-2026,2690,1030,910,TRUE,94,0.3383,2410,598,13,0.9967,casual,prints,summer,0.38,like_new,0.8,olx
00ac40ca-f510-4e33-8003-b5d8045a33ef,10629ada-7dd9-40ab-91ac-9ba371429a95,kurta,24-11-2025,7060,2100,,FALSE,,,357,41,0,0.0686,casual,brights,all_season,0.4,like_new,0.86,olx
9f649beb-f428-4dc7-a4c6-589ed9a02ab9,,jeans,07-05-2026,2010,690,,FALSE,,,181,35,2,0.0585,minimal,brights,all_season,0.55,fair,,olx
2ffe5678-b091-42ee-a72f-536965d80035,1b3490e4-33f3-4abf-bb4a-3cdc308af5d2,dress,26-06-2025,5980,1040,,FALSE,,,436,45,2,0.082,boho,brights,all_season,0.5,good,0.68,olx
745f7498-46d1-4744-bc67-d8a7b7735e41,,jeans,15-02-2026,1310,920,780,TRUE,111,0.5954,4610,170,11,0.2843,casual,pastels,all_season,0.4,like_new,,olx
46b787c2-5e4e-472c-91a6-7630522c9db2,a98397b0-0f24-47b6-837c-ed44d4b02bef,tshirt,18-05-2026,2520,1270,,FALSE,,,149,30,0,0.0501,streetwear,pastels,all_season,0.65,poor,0.16,olx
ed635056-1fc1-4943-b4bf-b6ae894d3e49,809805bf-597f-463b-a692-92b540f7a16e,skirt,25-08-2025,2985,2370,,FALSE,,,359,26,2,0.0433,casual,metallics,all_season,0.4,like_new,0.86,olx
221ac5b2-38cb-417f-b981-468fddd0c5db,,lehenga,12-06-2025,9470,9470,,FALSE,,,143,31,3,0.0519,bridal,metallics,festive,0.9775,new_with_tags,,olx
82ebe45f-8d76-4577-9c5c-c84aefc490bf,,kurta,08-07-2025,19630,5560,,FALSE,,,70,27,0,0.0452,casual,metallics,all_season,0.4,fair,,olx
5c64f4e9-a289-4997-8c9a-b07db01fab34,,other,08-08-2025,3160,1810,,FALSE,,,83,13,3,0.0217,casual,pastels,all_season,0.4,good,,olx
a2afc4c2-3e4e-4ee2-9f8d-a1704737974c,eb1d3001-131b-47a9-8ab2-ce3ab2b21375,other,14-10-2025,3160,620,550,TRUE,59,0.1741,6275,399,5,0.6661,casual,brights,all_season,0.4,good,0.65,facebook_marketplace
9498eb18-1a5c-4e36-9e16-51ecec2cb3ac,,jacket,10-11-2025,11150,6220,5450,TRUE,76,0.4888,4808,148,3,0.2467,casual,pastels,winter,0.42,like_new,,facebook_marketplace
a4ec96ce-ff4d-48f0-89b0-a73a3ac5eb16,b7c6af5d-92e5-4f72-936e-e3c81cd55af5,jeans,19-06-2025,2480,1070,1030,TRUE,110,0.4153,1809,101,4,0.1689,"casual,minimal",darks,all_season,0.475,good,0.69,facebook_marketplace
a3cbd03d-c7a4-49c9-a693-9455814e997e,cabe8b0c-1719-4b79-a9a1-96b39a1deeea,jacket,21-05-2026,13280,5880,,FALSE,,,142,35,0,0.0583,casual,prints,winter,0.42,good,0.7,facebook_marketplace
82adfba8-00a0-48e1-8b2a-4e3aaee85150,,blazer,28-08-2025,3080,1430,,FALSE,,,68,40,1,0.0676,officewear,brights,all_season,0.45,good,,facebook_marketplace
3a917d79-a724-481b-8db2-696850d7408b,c4b07418-cc43-4ae2-b682-795d535d13b5,saree,03-04-2026,14100,2980,,FALSE,,,248,17,0,0.0283,ethnic,prints,festive,0.8625,good,0.72,facebook_marketplace
a01ef5d6-f2b4-417e-8a9c-dabb718213e9,71159061-5b02-466e-9e64-610ddd0318a8,kurta,19-05-2026,7060,2380,,FALSE,,,436,20,0,0.0334,casual,brights,all_season,0.4,like_new,0.87,facebook_marketplace
7c48022e-e781-4767-8dbb-1aa9ac9b89de,f8a75baa-074d-46b4-bd8c-704e8a6829d2,formal_shirt,03-01-2026,5820,1440,1300,TRUE,102,0.2234,6128,584,1,1,formal,prints,all_season,0.45,poor,0.12,facebook_marketplace
08aa953a-819c-44f1-b6e7-8414b4585ee5,,shirt,14-01-2026,2670,690,,FALSE,,,219,29,2,0.0487,officewear,metallics,all_season,0.45,poor,,facebook_marketplace
e0021f29-f73d-463a-bb19-9c34f7da2d5a,,lehenga,07-06-2025,9470,4940,,FALSE,,,187,6,0,0.0101,ethnic,metallics,festive,0.8625,new_with_tags,,facebook_marketplace
d5bc5868-4b69-4121-bb05-aa41e78e5cb3,,tshirt,10-05-2026,2290,1230,,FALSE,,,435,0,3,0,casual,darks,all_season,0.4,like_new,,facebook_marketplace
ec58f124-572c-475b-b2c1-512b8b7a9839,ce297ea4-1ba0-4f0d-9250-ed7f37a947e1,tshirt,20-05-2026,2520,1470,1270,TRUE,114,0.504,2831,471,6,0.7863,casual,pastels,all_season,0.4,like_new,0.77,facebook_marketplace
9aa38271-5ee5-4664-bd11-0c15af009d28,,saree,11-05-2026,14100,10700,,FALSE,,,418,18,0,0.03,bridal,brights,festive,0.9775,poor,,facebook_marketplace
f0ebb71e-3b6e-45eb-bb08-93df99b04f29,271fca06-fd2e-43c2-8261-3af17cdfa23a,saree,07-07-2025,14100,4040,,FALSE,,,60,39,0,0.065,"ethnic,bridal",brights,festive,0.92,poor,0.33,facebook_marketplace
1c4055ca-700a-4df8-90d0-695e516b6737,da0b185b-f442-4367-a9b5-85d7512709b0,activewear,26-09-2025,6440,2880,,FALSE,,,136,38,2,0.0638,casual,prints,all_season,0.4,good,0.63,facebook_marketplace
d025b6a8-4544-4db2-a6a5-26004b1fec86,,other,05-02-2026,3160,2440,2400,TRUE,86,0.7595,629,70,6,0.1169,casual,brights,all_season,0.4,fair,,facebook_marketplace
a99f8c83-8e22-4d18-89ec-6471cc1cfdea,,activewear,08-04-2026,10280,3710,3610,TRUE,83,0.3512,168,90,14,0.151,casual,prints,all_season,0.4,fair,,facebook_marketplace
bb2d791f-e8e8-41b3-81b2-ae65f508b5ab,465c557a-9106-4afe-855c-661ddd70c0cf,jeans,27-03-2026,2480,880,770,TRUE,28,0.3105,2256,473,13,0.791,streetwear,metallics,all_season,0.65,new_with_tags,0.96,facebook_marketplace
0a89c594-596c-4ce6-822e-6b6484c8c884,,shirt,22-07-2025,2470,2030,,FALSE,,,47,29,2,0.0487,streetwear,metallics,all_season,0.65,new_with_tags,,facebook_marketplace
f4cafad4-32a9-4049-8f26-db1c7002ffba,3f6395ea-d22f-43c3-9f23-3230163adf4f,shirt,31-10-2025,2670,1890,,FALSE,,,125,14,1,0.0235,casual,darks,all_season,0.4,like_new,0.81,facebook_marketplace
5e824488-13f5-45f3-a659-a89868471a7f,,jeans,17-02-2026,2200,1440,,FALSE,,,409,15,1,0.0251,minimal,metallics,all_season,0.55,like_new,,facebook_marketplace
be08301a-2f09-4be3-ac0e-2845be16f36f,342d828e-1427-4131-9001-d50aff7ea23d,blazer,21-04-2026,5765,1970,,FALSE,,,295,2,1,0.0034,casual,neutrals,all_season,0.4,fair,0.53,facebook_marketplace
17aedda8-3329-4225-9456-19f786e75986,a1770d20-9a9a-41e4-b349-9cefe424dff7,other,25-11-2025,1640,1290,,FALSE,,,479,45,0,0.0751,casual,pastels,all_season,0.4,new_with_tags,0.99,facebook_marketplace
1415152e-b79d-422e-9230-f5d8293158a0,,activewear,20-07-2025,4900,1140,1100,TRUE,96,0.2245,6505,71,9,0.1191,casual,darks,all_season,0.4,poor,,facebook_marketplace
7b3727d7-12b4-4959-841e-ab5bcd57e5d4,7c853cd8-7dd5-45c9-ad6c-85302a9df30f,anarkali,03-01-2026,5545,4840,,FALSE,,,107,39,2,0.0671,ethnic,darks,festive,0.8625,fair,0.37,facebook_marketplace
db26f76c-0f2f-4a69-a3aa-18faddd7798c,dd82be84-1a9e-4723-93de-9358de7dc0de,jacket,09-02-2026,12440,7840,,FALSE,,,352,39,3,0.065,casual,neutrals,winter,0.42,like_new,0.88,facebook_marketplace
368b4d54-0b88-4d99-ac61-b1fe146fdf4a,1f7fdf9c-f911-448c-8b72-5b0a73af17eb,trousers,16-01-2026,5970,4810,,FALSE,,,57,43,3,0.073,formal,brights,all_season,0.45,poor,0.11,facebook_marketplace
770c8b77-70bf-4ba8-b7fb-ce86797007c4,15fed8ba-cbc6-4813-9e8d-f1072d73cfbb,tshirt,22-10-2025,2520,460,,FALSE,,,132,27,0,0.0451,athleisure,metallics,all_season,0.7,good,0.58,facebook_marketplace
bcabc030-b2db-425d-859f-7f853ee603a3,,kurta,05-06-2025,7060,2590,2300,TRUE,103,0.3258,1774,433,7,0.7241,fusion,prints,all_season,0.8,good,,facebook_marketplace
52f5e804-3eec-4330-b33b-f4eb43bd2e7a,,skirt,09-06-2025,3460,2450,,FALSE,,,66,39,0,0.065,boho,neutrals,all_season,0.5,like_new,,facebook_marketplace
7ee15eb7-943a-4a23-855c-1962b1783f02,,kurta,05-11-2025,7060,4210,,FALSE,,,433,39,0,0.0652,"ethnic,bridal",metallics,festive,0.92,like_new,,facebook_marketplace
8d892a14-0af3-4683-8ed6-3a56408391ca,,shirt,13-04-2026,2670,360,,FALSE,,,267,19,1,0.0319,minimal,prints,all_season,0.55,fair,,facebook_marketplace
ae734131-cf78-4799-a49b-cd90960a46f8,,jacket,10-03-2026,9790,3960,3500,TRUE,10,0.3575,4817,313,10,0.5217,casual,pastels,winter,0.42,good,,facebook_marketplace
105b7442-97fe-43dc-9b18-963e24ee37a6,c605c7d5-345c-4cd6-84db-f00c019b854e,saree,31-08-2025,108510,37600,,FALSE,,,246,41,3,0.0683,bridal,pastels,festive,0.9775,fair,0.46,facebook_marketplace
6d0a96dd-509f-4494-9827-6c48bbe05b3e,,jeans,10-06-2025,2480,1570,,FALSE,,,129,18,3,0.0301,streetwear,neutrals,all_season,0.65,like_new,,facebook_marketplace
a76a834b-a7df-4294-b8fc-0a8175da84de,,formal_shirt,25-02-2026,5820,970,,FALSE,,,334,37,3,0.0634,formal,darks,all_season,0.45,like_new,,facebook_marketplace
2a986cee-3012-4417-83ef-a79ed26d899a,12888ebe-af30-4a1f-be20-4219f5c157c9,jeans,05-03-2026,930,470,410,TRUE,84,0.4409,2202,239,11,0.3997,casual,darks,all_season,0.4,good,0.71,facebook_marketplace
ce3c9432-e0db-455c-a1ec-36b6f91c2b1b,,skirt,22-01-2026,2985,900,,FALSE,,,201,9,2,0.015,"fusion,casual",metallics,all_season,0.6,good,,facebook_marketplace
61a32729-d5d7-41f7-bd47-1e1e359a2af7,,tshirt,18-11-2025,2280,1720,,FALSE,,,221,41,2,0.0684,minimal,brights,all_season,0.55,new_with_tags,,facebook_marketplace
d247c52f-ae5e-46b5-a2dd-053c7e3d88e4,0c3395aa-fb68-4351-88b7-5c313609d1e0,lehenga,28-07-2025,9470,9470,,FALSE,,,55,42,2,0.0704,bridal,neutrals,festive,0.9775,fair,0.44,facebook_marketplace
4ad256c6-6533-4efa-b629-479b63295769,a468de03-4aed-4399-aa3e-e6574d8ef46e,other,06-08-2025,3160,960,,FALSE,,,22,19,3,0.0317,casual,brights,all_season,0.4,like_new,0.86,facebook_marketplace
b7ae49ba-7b31-4cba-97ae-69b485cec9fe,,saree,28-01-2026,4900,3980,,FALSE,,,198,16,1,0.0267,ethnic,metallics,festive,0.8625,new_with_tags,,facebook_marketplace
66157e0a-d08b-42ee-98b8-df516c25a59d,,lehenga,16-05-2026,74300,31900,28310,TRUE,90,0.381,3215,325,2,0.5444,bridal,pastels,festive,0.9775,good,,facebook_marketplace
259ce9b8-38d6-4277-8e18-d505001a374d,,other,17-10-2025,3160,1140,1060,TRUE,71,0.3354,4016,349,2,0.5826,casual,prints,all_season,0.4,good,,facebook_marketplace
74a2c191-98d3-4db3-8439-7a3746ef204e,0872404e-37a8-4c41-9b82-4631a3ac6678,formal_shirt,01-02-2026,5820,5010,,FALSE,,,7,3,3,0.0051,formal,metallics,all_season,0.45,good,0.69,facebook_marketplace
f02b6e46-3031-4cd4-8f81-d3d63477467c,407f5936-b320-40a3-9895-2f13c83eb560,tshirt,29-03-2026,1370,1110,1000,TRUE,59,0.7299,5540,599,11,1,"casual,minimal",darks,all_season,0.475,new_with_tags,0.94,facebook_marketplace
c9b53a29-5f64-4261-8465-07040420ea6e,,anarkali,06-06-2025,5770,4620,,FALSE,,,57,21,2,0.0361,bridal,metallics,festive,0.9775,new_with_tags,,facebook_marketplace
ba8dac2b-04bf-472b-a209-8876c292d863,,trousers,21-08-2025,5970,4900,,FALSE,,,98,42,2,0.0713,formal,metallics,all_season,0.45,like_new,,facebook_marketplace
a83a4cac-a787-4976-9e0b-591d772e1e56,,trousers,22-11-2025,5970,3180,,FALSE,,,277,0,1,0,minimal,neutrals,all_season,0.55,new_with_tags,,facebook_marketplace
f2dd7d3a-48ea-4384-b19b-8b9a2dbdd9ea,3077e464-59ea-4722-bec6-12cdf5d0bec0,saree,30-12-2025,8630,5760,,FALSE,,,232,0,2,0,"ethnic,bridal",darks,festive,0.92,like_new,0.8,facebook_marketplace
deaa638f-09e6-463b-af0a-cbaa6213bba7,f75b5790-a455-4f11-9a4d-ccece314c610,dress,28-04-2026,5980,3930,,FALSE,,,430,6,2,0.0109,fusion,pastels,all_season,0.8,like_new,0.81,facebook_marketplace
c4d16b48-b81e-4fb4-a3ca-5546279ba886,,other,26-02-2026,3160,2580,2360,TRUE,53,0.7468,3563,342,2,0.571,casual,neutrals,all_season,0.4,good,,facebook_marketplace
c8649e7a-2ddc-449a-b24b-b4ea9f57782e,,blazer,20-11-2025,5765,1070,990,TRUE,61,0.1717,2137,69,15,0.1166,formal,neutrals,all_season,0.45,like_new,,facebook_marketplace
1d17f0ff-efc1-48a2-881d-c02b6f1e4e0d,,jeans,16-10-2025,2480,1550,1430,TRUE,60,0.5766,529,557,11,0.9314,minimal,neutrals,all_season,0.55,like_new,,facebook_marketplace
b261715f-650e-41e1-9b2b-bc02dafebb00,,shorts,10-12-2025,4850,2090,,FALSE,,,272,30,2,0.05,athleisure,neutrals,summer,0.665,fair,,facebook_marketplace
4767a787-c35b-49d4-98a8-ca11da92bf15,,dress,06-08-2025,5980,920,,FALSE,,,238,45,0,0.082,boho,darks,all_season,0.5,good,,facebook_marketplace
5416cf0c-66b4-40e6-9af5-26edb271ef88,503c21a0-e4fa-42f9-aa8e-56531575dfcf,anarkali,28-04-2026,5545,5200,5120,TRUE,61,0.9234,2028,263,8,0.4527,bridal,prints,festive,0.9775,good,0.66,facebook_marketplace
5f4d773b-f1f8-47c6-aca4-73155047fb5e,,other,23-01-2026,3160,890,820,TRUE,62,0.2595,1420,396,3,0.6611,casual,neutrals,all_season,0.4,new_with_tags,,facebook_marketplace
50b8cbc2-6be0-4636-836b-8e113fefeb63,,jeans,31-10-2025,2480,1020,,FALSE,,,440,19,1,0.0318,casual,neutrals,all_season,0.4,like_new,,facebook_marketplace
f3dff1f8-7f72-43bc-9fa5-bd4063d3fb2f,1d68a8d1-2747-4bbe-a498-5c4782c2e7b8,kurta,31-10-2025,7060,4330,,FALSE,,,108,6,2,0.01,ethnic,metallics,all_season,0.75,like_new,0.88,facebook_marketplace
95413e33-ed42-4bef-9aa1-a536cb5bee01,1c14d75f-d556-4d7d-b0a7-7e3fb03a3cb0,dress,18-10-2025,5980,1640,,FALSE,,,262,30,3,0.0546,boho,prints,all_season,0.5,good,0.61,facebook_marketplace
19f20b39-192e-4970-bcde-b7dfbdf7b1ff,,sweater,17-08-2025,11165,7210,,FALSE,,,436,13,0,0.0218,minimal,prints,winter,0.5775,good,,facebook_marketplace
b2d2a696-c798-418a-94af-a9c28b07d924,c8026791-dba3-43ae-84e3-263f6b415e60,dress,03-11-2025,5980,2280,2000,TRUE,29,0.3344,6109,157,3,0.286,casual,pastels,all_season,0.4,like_new,0.87,facebook_marketplace
41785e0d-74c7-49fb-8f92-b992b318893d,8b0fb7ee-b131-46d5-9d10-6afcab655ac7,jeans,17-05-2026,2480,1700,,FALSE,,,449,15,1,0.0251,streetwear,brights,all_season,0.65,good,0.71,facebook_marketplace
0ef34e2f-d71c-458e-8c33-271c0923bcf9,86858f13-3f8e-4efa-b101-78daf0a71540,other,13-08-2025,3160,1090,1090,TRUE,4,0.3449,658,270,3,0.4508,casual,pastels,all_season,0.4,good,0.67,facebook_marketplace
6e105c6d-ab59-4c14-a453-bcab0ef7cb10,,shirt,20-09-2025,4020,2570,,FALSE,,,443,28,1,0.0471,minimal,neutrals,all_season,0.55,like_new,,facebook_marketplace
819dc5b3-e703-4e9c-8c6f-f88ad9cea1e9,,jacket,13-05-2026,8050,6170,5570,TRUE,100,0.6919,6195,161,8,0.2683,casual,darks,winter,0.42,poor,,facebook_marketplace
e7c1a03b-3999-4ed8-acd0-597577065172,3eaafb2b-77d3-4616-8474-4a721045c796,kurta,16-07-2025,7060,1380,1260,TRUE,1,0.1785,7779,115,1,0.1923,ethnic,pastels,festive,0.8625,fair,0.52,facebook_marketplace
c7fe7e20-c030-4a2f-82c3-2b7454eb3d32,7d0cf8fd-b38f-49ea-8b1c-0e20984efea6,shirt,28-10-2025,4500,1800,1670,TRUE,76,0.3711,4024,138,3,0.2319,casual,neutrals,all_season,0.4,fair,0.51,facebook_marketplace
81cf665d-6d2e-4c32-8290-9013d898359b,,formal_shirt,25-08-2025,12730,4790,4430,TRUE,16,0.348,2898,548,4,0.9384,formal,prints,all_season,0.45,fair,,facebook_marketplace
07d46137-cbe4-43c1-a091-1726485af5db,,blouse,09-11-2025,12300,6080,,FALSE,,,469,45,0,0.0754,bridal,neutrals,festive,0.9775,good,,facebook_marketplace
74b08012-8fd7-4d48-97ca-853f7ab26594,91a6c038-be39-4cb5-891f-e1a4d33811bc,blouse,15-07-2025,9830,5340,,FALSE,,,125,0,2,0,ethnic,metallics,festive,0.8625,like_new,0.84,facebook_marketplace
c262eede-c346-485b-8366-9a2f47a071e1,,saree,06-07-2025,14100,2380,2230,TRUE,43,0.1582,7959,103,6,0.1717,ethnic,neutrals,festive,0.8625,new_with_tags,,facebook_marketplace
f4ed526e-a71e-4978-9b46-b17fa717340c,,blouse,24-11-2025,7880,1930,1710,TRUE,93,0.217,1745,375,4,0.6281,bridal,brights,festive,0.9775,fair,,facebook_marketplace
d63dc077-398f-4538-b114-54847a791ca6,5b5ebec0-12c1-4d2f-b724-fd3595894324,anarkali,27-11-2025,5545,3960,,FALSE,,,380,43,0,0.074,"ethnic,bridal",pastels,festive,0.92,new_with_tags,0.97,facebook_marketplace
5a7de8eb-4dc9-4617-93f5-554d640c861a,14e96258-a13b-4c2d-8b98-d4630bfbcdb3,anarkali,12-11-2025,5545,4460,,FALSE,,,220,43,0,0.074,bridal,darks,festive,0.9775,like_new,0.78,facebook_marketplace
80654b07-5df9-4d36-9e28-f50926990afa,,shirt,15-06-2025,4640,970,900,TRUE,105,0.194,5092,525,2,0.8824,casual,brights,all_season,0.4,poor,,facebook_marketplace
be8ec0ae-552d-4bc2-a4f8-b66ad58742ae,,jacket,21-03-2026,8220,2260,,FALSE,,,5,26,0,0.0433,casual,brights,winter,0.42,fair,,facebook_marketplace
0ebf0ed6-40ca-4c93-83ca-6c50db76da2c,,kurta,02-06-2025,16910,4740,4090,TRUE,111,0.2419,7622,249,8,0.4164,ethnic,pastels,all_season,0.75,fair,,facebook_marketplace
f4aecef1-7113-4733-b3cc-0daf82770b9f,,shirt,22-12-2025,2670,2350,,FALSE,,,297,11,1,0.0185,"casual,officewear",brights,all_season,0.425,new_with_tags,,facebook_marketplace
fa8ba409-6af2-4d5f-b9c4-32036f1f3eba,,saree,16-02-2026,14100,14100,,FALSE,,,101,25,1,0.0417,"ethnic,bridal",brights,festive,0.92,new_with_tags,,facebook_marketplace
6757d2dc-fd98-4477-9af1-92a46a518d36,,dupatta,24-03-2026,6070,3390,,FALSE,,,172,33,0,0.0551,ethnic,pastels,festive,0.8625,good,,facebook_marketplace
5c86eb13-1161-4efc-8240-a8e5b160b077,,other,01-10-2025,3160,2690,2530,TRUE,85,0.8006,2219,280,13,0.4674,casual,metallics,all_season,0.4,like_new,,facebook_marketplace
d2b73bd2-8647-4503-8f1b-36cacc7739ea,,trousers,10-10-2025,5970,1320,,FALSE,,,35,10,0,0.017,formal,pastels,all_season,0.45,new_with_tags,,facebook_marketplace
22205410-6c64-4c2e-a555-d609aa1bda58,,formal_shirt,24-10-2025,5820,1020,990,TRUE,57,0.1701,4254,331,8,0.5668,formal,darks,all_season,0.45,good,,facebook_marketplace
7225abad-01a3-4e27-b4a4-e26e00a9eeab,d411f505-96f3-46f2-a83f-9588175ffef5,trousers,06-04-2026,9650,3020,,FALSE,,,303,31,0,0.0526,formal,prints,all_season,0.45,fair,0.41,facebook_marketplace
b3daa148-7b19-4168-860b-eee99f23cae5,,formal_shirt,01-06-2025,5820,5360,4620,TRUE,118,0.7938,2031,464,1,0.7945,"officewear,formal",neutrals,all_season,0.45,poor,,facebook_marketplace
3fc630c2-b6e1-4433-9772-d881ff3a5a36,,formal_shirt,02-11-2025,9530,5000,,FALSE,,,438,9,3,0.0154,"officewear,formal",pastels,all_season,0.45,good,,facebook_marketplace
31cd178b-dde7-491a-9659-8b21c6f575be,,saree,10-12-2025,14100,14100,,FALSE,,,309,17,2,0.0283,"ethnic,bridal",metallics,festive,0.92,good,,facebook_marketplace
75bf6413-f077-4e86-b43d-3d59258410b0,21be2106-a524-476b-af9c-12b0a1c02413,kurta,19-09-2025,7060,4050,,FALSE,,,281,9,0,0.0151,"ethnic,bridal",neutrals,festive,0.92,like_new,0.75,facebook_marketplace
eb540c8c-8e32-486d-af2a-aa7011c9851f,d4dc1320-7b8a-42b2-a86c-359c7451cfc7,activewear,13-08-2025,4900,1360,,FALSE,,,348,21,3,0.0352,athleisure,brights,all_season,0.7,good,0.62,facebook_marketplace
92e45c68-3786-4a68-93cd-f6a238d02b45,,lehenga,08-04-2026,9470,2370,,FALSE,,,141,42,0,0.0704,ethnic,prints,festive,0.8625,poor,,facebook_marketplace
9b27c8f6-2026-4362-b14f-424891977958,1b262b56-2747-4e6d-84f3-11e74f060ddb,other,31-10-2025,3160,1060,1000,TRUE,25,0.3165,1883,307,7,0.5125,casual,darks,all_season,0.4,good,0.73,facebook_marketplace
293a590f-2449-41f5-b64d-f4a6fe34120d,35f0445e-26e2-46e5-8427-30c741b94c4f,skirt,02-01-2026,2985,1350,1220,TRUE,85,0.4087,694,39,2,0.065,"fusion,casual",brights,all_season,0.6,good,0.55,facebook_marketplace
86def84d-78a5-4316-9c30-e133d5a25494,,jeans,13-01-2026,2480,1180,,FALSE,,,122,16,3,0.0268,minimal,brights,all_season,0.55,good,,facebook_marketplace
c82f3057-0e1e-42d2-9b85-2652d0e9627b,0b0157ff-58b7-4179-bf5f-efd39453825b,saree,05-03-2026,14100,4610,4350,TRUE,8,0.3085,261,521,15,0.8683,ethnic,metallics,festive,0.8625,good,0.69,facebook_marketplace
6e0f7fca-5021-4752-bd11-a14a00dc68d3,2c524452-f008-4395-aba1-2d731955fed9,other,02-05-2026,3160,2250,2150,TRUE,101,0.6804,6107,222,7,0.3706,casual,prints,all_season,0.4,good,0.6,facebook_marketplace
481f7a63-ef5b-4a00-843e-879e858e11d7,606b8119-0f5d-4e04-a38e-5c3c871d791c,kurta,25-01-2026,7060,6140,5280,TRUE,96,0.7479,2556,237,12,0.3963,ethnic,brights,all_season,0.75,like_new,0.79,facebook_marketplace
1ee87943-8a5e-4495-8331-1b6780d29b75,8e397a1e-4d50-4493-bb98-d603b3ccdba6,saree,25-05-2026,14100,1500,1450,TRUE,40,0.1028,6936,168,7,0.28,ethnic,neutrals,festive,0.8625,good,0.66,facebook_marketplace
dd617959-bdc5-4d3c-a6a9-f7f180f193c9,,tshirt,12-08-2025,2520,1090,,FALSE,,,489,38,3,0.0634,casual,darks,all_season,0.4,like_new,,facebook_marketplace
aa211b75-cfc3-4def-99d4-8a89038c3926,6c8f21b6-590b-4478-97da-c96373d9105b,trousers,30-12-2025,5970,3780,,FALSE,,,298,23,1,0.039,casual,darks,all_season,0.4,fair,0.52,facebook_marketplace
566c7a01-8a51-4de1-a1d8-8eda16e63d22,3f84bd40-1172-42fd-b733-136f885b6af1,skirt,27-05-2026,2985,2250,2150,TRUE,89,0.7203,4510,530,15,0.8833,casual,neutrals,all_season,0.4,new_with_tags,0.97,facebook_marketplace
889dd10e-3f78-4209-a7b4-a5f286a566ba,,saree,17-07-2025,20810,11000,,FALSE,,,478,25,3,0.0417,bridal,darks,festive,0.9775,good,,facebook_marketplace
45cad8e7-e582-4b4d-872b-58136c62bdc7,,trousers,02-01-2026,4390,3720,,FALSE,,,223,18,2,0.0306,formal,metallics,all_season,0.45,new_with_tags,,facebook_marketplace
4d38d647-40a3-477e-80ca-89bc33a12ad0,,blouse,22-01-2026,22640,5460,,FALSE,,,376,10,0,0.0168,bridal,brights,festive,0.9775,poor,,facebook_marketplace
b976771b-aa42-4f10-b40b-1e725548cb95,,lehenga,29-06-2025,9470,9470,8840,TRUE,40,0.9335,1148,222,4,0.3719,bridal,darks,festive,0.9775,new_with_tags,,facebook_marketplace
eb1ded88-a0d9-4097-b3bc-a0e5b3cd4bc7,,shirt,19-03-2026,870,640,,FALSE,,,464,14,2,0.0235,officewear,neutrals,all_season,0.45,like_new,,facebook_marketplace
df75e147-e63d-4d76-9ded-73cb600a81e9,,other,21-01-2026,3160,1940,,FALSE,,,160,0,3,0,casual,pastels,all_season,0.4,good,,facebook_marketplace
a129e590-f25f-4306-b9cf-09a829ab26bd,,coat,02-01-2026,12130,8740,8010,TRUE,117,0.6603,335,548,12,0.9597,casual,pastels,winter,0.42,new_with_tags,,facebook_marketplace
68916068-271e-46b3-91be-c12baa2753f6,,tshirt,26-12-2025,2520,690,590,TRUE,8,0.2341,4586,326,6,0.5442,casual,prints,all_season,0.4,new_with_tags,,facebook_marketplace
865f9962-fdc6-432d-90db-43f591506020,818324b4-2af8-43b2-8cab-a7dd16961100,other,09-10-2025,3160,1860,,FALSE,,,483,3,3,0.005,casual,prints,all_season,0.4,like_new,0.77,facebook_marketplace
21ef2d4d-c067-4b13-bf65-07738d47bcb0,3d01f68d-2fe8-41c9-8f78-b19266a74ef7,dupatta,25-12-2025,6070,1460,,FALSE,,,293,27,3,0.0451,ethnic,darks,festive,0.8625,new_with_tags,0.94,facebook_marketplace
a7f787bc-dbe4-4b52-8dc3-73e892c37790,607be3c1-7fc6-4209-8742-062b4ad2108a,tshirt,29-04-2026,2520,2400,,FALSE,,,87,39,0,0.0651,casual,neutrals,all_season,0.4,like_new,0.85,facebook_marketplace
1d8efbe1-1fad-4853-a321-821ac72f483a,0e368b34-cee3-4a62-a5f7-99c6f70f5138,shorts,03-04-2026,2690,360,320,TRUE,91,0.119,5840,382,4,0.6367,casual,prints,summer,0.38,good,0.65,facebook_marketplace
94d2b6aa-3e63-4ac9-8628-86c3b7ced9a7,,jacket,05-12-2025,11720,8320,,FALSE,,,78,14,2,0.0233,casual,prints,winter,0.42,like_new,,facebook_marketplace
f8d7bfb9-6157-4d7f-80ff-8f73c5f99a03,b6c35f3d-103e-4255-a34f-67ab5928738c,skirt,30-01-2026,2985,2780,,FALSE,,,493,38,3,0.0633,fusion,neutrals,all_season,0.8,new_with_tags,0.91,facebook_marketplace
2b2b8a43-669e-4b5c-ac93-5c57961616dd,,tshirt,17-10-2025,2520,2000,,FALSE,,,339,33,3,0.0551,athleisure,brights,all_season,0.7,good,,facebook_marketplace
809feea6-a0ce-4ed8-8d6a-5a7829165f18,,formal_shirt,30-12-2025,5820,1950,1900,TRUE,71,0.3265,4485,394,12,0.6747,formal,pastels,all_season,0.45,new_with_tags,,facebook_marketplace
4f386c0b-91f1-49b9-960e-8bdbeb2868ec,,blouse,27-04-2026,12680,6320,,FALSE,,,360,4,1,0.0067,"ethnic,bridal",neutrals,festive,0.92,good,,facebook_marketplace
bd24befc-c74e-4b0e-9236-3abacb3318c8,,blouse,02-11-2025,7880,4020,3780,TRUE,99,0.4797,4334,343,12,0.5745,ethnic,metallics,festive,0.8625,like_new,,facebook_marketplace
c84b0dcb-2593-4379-b4f7-47835d359232,deb12b80-6abd-431e-bad3-7ef3c48183e1,dress,14-08-2025,5980,2380,,FALSE,,,415,38,1,0.0692,officewear,pastels,all_season,0.45,new_with_tags,0.92,facebook_marketplace
7a5d24ce-df7b-4370-b30f-831ee75d031b,a8d66207-f53d-4ee9-bd50-6c4725855baa,skirt,10-06-2025,1110,650,640,TRUE,30,0.5766,2145,476,10,0.7933,fusion,neutrals,all_season,0.8,like_new,0.86,facebook_marketplace
14a8c09b-5d7e-439c-950d-2ce9e9188943,,lehenga,22-11-2025,9470,1930,,FALSE,,,298,2,3,0.0034,ethnic,darks,festive,0.8625,like_new,,facebook_marketplace
ae4825f1-2c1d-44a8-9b45-a8ccfe2998ae,,jeans,09-03-2026,2480,910,800,TRUE,95,0.3226,3488,430,1,0.7191,casual,pastels,all_season,0.4,good,,facebook_marketplace
d384c927-8753-4583-b1be-24d0e523db70,b241b440-3b18-4f8a-b81c-a7bf44aef1e8,kurta,01-03-2026,7060,6440,5500,TRUE,15,0.779,1764,239,15,0.3997,ethnic,pastels,all_season,0.75,good,0.56,facebook_marketplace
2b98e685-a848-4322-ace0-111655df9aa1,c8264aa5-6ec1-4586-8229-692a47dbb6d4,tshirt,10-06-2025,2520,2170,1900,TRUE,38,0.754,7421,454,11,0.7579,athleisure,pastels,all_season,0.7,fair,0.46,facebook_marketplace
423a004a-2482-4fb4-9fc2-7408bdd600cd,9b9f252d-8bdb-4eb2-a5ab-812161484534,formal_shirt,12-07-2025,5820,880,,FALSE,,,156,36,2,0.0616,formal,brights,all_season,0.45,like_new,0.86,facebook_marketplace
53c042f4-d14b-4460-872e-2375849390fd,84644c59-6b6c-4edb-b206-3ded5c2f3ba3,formal_shirt,16-12-2025,5820,5320,,FALSE,,,105,26,0,0.0445,formal,prints,all_season,0.45,new_with_tags,0.92,facebook_marketplace
befdd5ba-9bdf-42d1-b3d5-19aeaa8d31e1,db971fc8-fae9-47d1-b504-baac9dc22e68,jeans,30-07-2025,2480,1860,1760,TRUE,61,0.7097,3739,241,6,0.403,casual,neutrals,all_season,0.4,like_new,0.77,facebook_marketplace
9ecdcbdf-d6ee-4f8f-9a16-c22bd867d330,,kurta,21-08-2025,7060,5030,4490,TRUE,45,0.636,6193,335,12,0.5602,fusion,brights,festive,0.92,new_with_tags,,facebook_marketplace
83b12f57-3e0c-4f8c-827c-ad3b1e71af4c,1906a755-30ee-47d3-909a-4cbd71408f23,shorts,16-11-2025,5260,2770,,FALSE,,,148,3,1,0.005,athleisure,brights,summer,0.665,like_new,0.85,facebook_marketplace
b0a7a258-a383-4a7f-8d4e-485ac2f45138,4b8c1bc1-1ac9-4d5b-ae57-9d9c5c141c97,dress,28-02-2026,5980,1300,,FALSE,,,452,1,0,0.0018,casual,metallics,all_season,0.4,good,0.73,facebook_marketplace
eb7fb021-fb43-4f13-858a-76a6da5b3aa3,922d7df0-2668-487b-8afb-2b533be71d2a,activewear,09-06-2025,1610,640,,FALSE,,,151,1,1,0.0017,casual,pastels,all_season,0.4,fair,0.39,facebook_marketplace
d25d14fc-a6be-4005-af49-603a71b94e47,9b22bfac-3827-4e33-81d0-e7481ae0169d,activewear,22-03-2026,4900,3170,,FALSE,,,483,24,1,0.0403,athleisure,pastels,all_season,0.7,poor,0.14,facebook_marketplace
0cba3672-540e-47f8-8803-ec04a63cf075,802921e9-f3de-46a0-a4a1-fca58ff51b76,blouse,29-07-2025,7880,5940,,FALSE,,,266,29,3,0.0486,bridal,neutrals,festive,0.9775,good,0.65,facebook_marketplace
5736f226-4433-4d54-8c57-549ca2ea256c,,trousers,21-11-2025,4260,2900,2630,TRUE,56,0.6174,1150,239,12,0.4058,casual,neutrals,all_season,0.4,like_new,,facebook_marketplace
f715b7a7-9643-435a-85a7-730205a6ec75,,lehenga,20-04-2026,9470,9470,,FALSE,,,378,43,3,0.072,bridal,brights,festive,0.9775,poor,,facebook_marketplace
27daf674-96c9-4d6a-a570-36559bf84d4c,,shorts,01-11-2025,6100,1620,,FALSE,,,444,42,0,0.07,casual,neutrals,summer,0.38,poor,,facebook_marketplace
9a4efcdc-b988-4afb-8f8b-07c1a215c888,,activewear,28-02-2026,4900,850,770,TRUE,41,0.1571,1876,247,9,0.4144,athleisure,metallics,all_season,0.7,fair,,facebook_marketplace
1cd30068-cf9b-4ae4-92dc-5d2b1565cf58,a0c0de4d-685b-4c8f-aa1a-f27a49b2a150,other,13-05-2026,4510,2130,,FALSE,,,462,17,2,0.0284,casual,prints,all_season,0.4,good,0.72,facebook_marketplace
a15bae4d-e358-46da-a32a-a2077e66ee97,,trousers,06-11-2025,5970,4840,,FALSE,,,359,14,2,0.0238,formal,pastels,all_season,0.45,poor,,facebook_marketplace
1c48cbfd-3f96-4169-9f83-20c9460c9163,,skirt,08-09-2025,2985,1610,,FALSE,,,15,26,3,0.0433,"casual,boho",neutrals,all_season,0.45,fair,,facebook_marketplace
de3af37d-120b-462a-97b1-4b8a5b59979f,fc211c1b-b30d-4ccf-9444-1978f342e6bb,trousers,11-08-2025,3800,1920,,FALSE,,,468,4,1,0.0068,formal,prints,all_season,0.45,good,0.57,facebook_marketplace
e0f3393f-2af3-4501-b4af-dfc854e29b4f,,formal_shirt,17-12-2025,5820,4020,,FALSE,,,490,5,3,0.0086,"officewear,formal",neutrals,all_season,0.45,new_with_tags,,facebook_marketplace
a7ddea83-966b-4846-a0bd-f24668c11949,,saree,29-11-2025,14100,14100,,FALSE,,,12,13,0,0.0217,bridal,prints,festive,0.9775,poor,,facebook_marketplace
0c3dd6fd-e29e-4da2-97e5-7f778abaceaa,,tshirt,03-08-2025,2560,790,690,TRUE,40,0.2695,4927,339,11,0.5659,casual,darks,all_season,0.4,fair,,facebook_marketplace
66f98988-7e2f-4464-a580-cfe59db0bf02,a8f853dd-d043-4ccf-85c0-42d89351f9aa,lehenga,27-01-2026,9470,3750,,FALSE,,,70,28,3,0.0469,ethnic,neutrals,festive,0.8625,like_new,0.85,facebook_marketplace
27e41037-0b84-43de-91c0-bd4a382ebc68,27357a0a-a632-4b46-b44f-aa722d34fd0a,kurta,02-06-2025,8750,4840,4710,TRUE,75,0.5383,521,175,7,0.2926,"ethnic,bridal",pastels,festive,0.92,good,0.72,facebook_marketplace
6ff873d3-b1db-47ea-9e8c-b5a4604d6244,,anarkali,02-06-2025,5545,1480,1460,TRUE,114,0.2633,2935,272,5,0.4682,"ethnic,bridal",brights,festive,0.92,new_with_tags,,facebook_marketplace
2cce871e-203f-47f0-a02a-089def4ccc40,,kurta,17-09-2025,2050,1690,,FALSE,,,236,18,2,0.0301,fusion,prints,all_season,0.8,new_with_tags,,facebook_marketplace
ca67f72f-5848-43e3-8500-3f982acb687a,,lehenga,10-09-2025,9470,6270,,FALSE,,,423,24,1,0.0402,"ethnic,bridal",pastels,festive,0.92,fair,,facebook_marketplace
1531cf05-2c32-47de-bfb0-aa211aa2084a,e2eb7a05-9530-485d-8a65-5e46bfb47824,jeans,09-04-2026,2480,1480,1320,TRUE,31,0.5323,6608,66,13,0.1104,minimal,metallics,all_season,0.55,fair,0.37,facebook_marketplace
13563d13-2f23-4a14-b62d-2d41b51d6a23,9f44c6e3-8d84-4716-9bba-775ddd1553e2,jeans,09-09-2025,2480,2010,,FALSE,,,99,10,1,0.0167,"casual,minimal",darks,all_season,0.475,new_with_tags,0.9,facebook_marketplace
6bc2cccd-bce9-4d29-acb6-53237ffb6efe,4568c700-13fc-42d4-bbe8-e38ea9c9f6e6,shorts,05-04-2026,2690,1830,1750,TRUE,56,0.6506,413,493,5,0.8217,casual,pastels,summer,0.38,fair,0.52,facebook_marketplace
46f84cd9-4402-4c7a-b1cf-97d6ece4caab,,tshirt,05-09-2025,2520,1660,1420,TRUE,120,0.5635,7815,162,8,0.2705,casual,brights,all_season,0.4,like_new,,facebook_marketplace
b213788d-c9ce-4116-92d8-ef9a23b2a4db,,tshirt,24-07-2025,1960,850,730,TRUE,85,0.3724,645,348,12,0.581,minimal,darks,all_season,0.55,good,,facebook_marketplace
8cd71a49-d4d7-4264-aaf2-67da304ab831,,formal_shirt,10-09-2025,5820,1570,1570,TRUE,93,0.2698,2287,30,3,0.0514,formal,prints,all_season,0.45,fair,,facebook_marketplace
23f2eb30-cc4b-42ea-b9e4-0ed3802f47dc,d290520a-c6ee-47b1-bee8-72611fee86c5,tshirt,27-10-2025,2520,2520,,FALSE,,,244,4,1,0.0067,minimal,neutrals,all_season,0.55,like_new,0.83,facebook_marketplace
233c5139-b3be-4d78-a566-48a0a253a4fb,,lehenga,20-10-2025,11880,4460,,FALSE,,,311,35,0,0.0586,ethnic,pastels,festive,0.8625,fair,,facebook_marketplace
a70c4995-ef12-4b56-b59d-66eba9255123,,saree,18-06-2025,14100,14100,,FALSE,,,61,38,0,0.0633,bridal,pastels,festive,0.9775,new_with_tags,,facebook_marketplace
b9e8e81c-4f5a-44cd-9f8d-38a7ae3ae6f7,,trousers,12-09-2025,25750,3370,,FALSE,,,98,27,1,0.0458,officewear,metallics,all_season,0.45,poor,,facebook_marketplace
be9d3ac2-b2d4-47b0-8f82-224f54838fff,a48d9902-af58-46ab-b93f-757e8ace4430,formal_shirt,18-02-2026,5820,4550,,FALSE,,,128,32,2,0.0548,formal,brights,all_season,0.45,good,0.68,facebook_marketplace
74af996d-6a23-4460-b55b-cb1771579629,532ef91c-7efa-45ff-b555-e1f9b0a0c2e8,saree,01-02-2026,14100,14100,14070,TRUE,71,0.9979,676,497,9,0.8283,bridal,prints,festive,0.9775,poor,0.34,facebook_marketplace
c6808165-9424-4e8b-ac63-f168231dd060,,lehenga,14-04-2026,9470,5250,,FALSE,,,255,13,1,0.0218,ethnic,metallics,festive,0.8625,poor,,facebook_marketplace
c2cbeca4-b402-4b0e-8566-cd2de5027a40,15bed740-2c84-4e70-af14-4b64c1e4d582,saree,28-09-2025,14100,14100,,FALSE,,,215,34,1,0.0567,bridal,darks,festive,0.9775,new_with_tags,0.93,facebook_marketplace
c03b6729-9a30-4729-97f2-e9a6b29e7ee6,,shirt,17-08-2025,2670,700,600,TRUE,43,0.2247,4765,110,8,0.1849,casual,pastels,all_season,0.4,poor,,facebook_marketplace
c4f6ce24-ba56-482f-a99f-78eadd2dec65,,shirt,21-12-2025,2670,2670,2370,TRUE,26,0.8876,1688,344,4,0.5782,streetwear,metallics,all_season,0.65,good,,facebook_marketplace
a61a2882-c1a0-4b8a-8e7c-e1ee4ea4d848,ef37e094-8edc-49e1-b172-a1e1e7365604,saree,11-11-2025,24530,19100,,FALSE,,,145,2,3,0.0033,ethnic,prints,festive,0.8625,new_with_tags,0.9,facebook_marketplace
ef5fc9e7-5d2f-48eb-9483-48b5939d217f,442b3f28-8672-4a78-8812-293d7c75aec5,activewear,12-05-2026,4900,3290,,FALSE,,,367,18,1,0.0302,casual,metallics,all_season,0.4,like_new,0.78,facebook_marketplace
0c7886ac-5dab-43f9-9803-538a416b1da5,c50d1260-127c-44e0-820d-3041d6ee79b4,formal_shirt,19-07-2025,6080,3620,,FALSE,,,78,20,2,0.0342,formal,brights,all_season,0.45,like_new,0.78,facebook_marketplace
2ebe6500-5167-43ac-b2fc-3e0503400d74,32d63fc4-2763-4b85-9cbc-4272340759a0,jeans,22-03-2026,5440,2730,,FALSE,,,152,9,2,0.0151,streetwear,darks,all_season,0.65,good,0.68,facebook_marketplace
95e41392-4136-46b5-9ac8-27faca06a788,142448aa-1ed9-40e0-98f7-9ae4031ba9b7,shirt,15-03-2026,2670,2580,,FALSE,,,420,11,0,0.0185,officewear,pastels,all_season,0.45,poor,0.18,facebook_marketplace
ffae3841-0601-4b37-99bf-d6b566443415,f7a3c463-5920-411c-b5f7-ca856bc63a0a,tshirt,13-05-2026,2520,870,740,TRUE,92,0.2937,1830,558,5,0.9316,streetwear,brights,all_season,0.65,new_with_tags,0.9,facebook_marketplace
b37ae1f3-b1df-4540-b3d1-aaf51bc17046,92e2be62-1b89-49de-a12a-353ae28ff54f,jeans,22-05-2026,2410,1750,1510,TRUE,15,0.6266,2723,166,7,0.2776,"casual,minimal",pastels,all_season,0.475,like_new,0.81,facebook_marketplace
f01bd9dd-ad0c-4206-9fa7-856b3495fcd7,,shirt,21-12-2025,2670,2130,,FALSE,,,224,7,2,0.0118,streetwear,prints,all_season,0.65,poor,,facebook_marketplace
2ca17898-07b9-48f0-ba28-e0c220a6be28,,formal_shirt,18-06-2025,5820,3110,2960,TRUE,85,0.5086,549,307,9,0.5257,formal,metallics,all_season,0.45,like_new,,facebook_marketplace
f23b75ae-9d30-43e9-bb86-d414d94f3143,,saree,06-05-2026,14100,14100,12590,TRUE,111,0.8929,2482,459,10,0.765,ethnic,metallics,festive,0.8625,fair,,facebook_marketplace
0bf334ee-5bfd-469b-9cfe-fe2107d59d9b,dd4ef2a4-2b1c-4a90-a114-86f9fcffaa17,blazer,07-04-2026,5765,3800,,FALSE,,,316,21,0,0.0355,officewear,metallics,all_season,0.45,new_with_tags,0.95,facebook_marketplace
b9cb5911-8a9f-40a5-935d-51f9809e43e3,f8234981-732e-451e-830f-c42a71c20161,lehenga,17-05-2026,9470,3810,,FALSE,,,99,1,3,0.0017,ethnic,darks,festive,0.8625,fair,0.53,facebook_marketplace
2ed35054-c94c-4f55-8596-8bba7d6628fa,b2f63861-7779-475b-a409-d38ea12e6fc3,shirt,02-06-2025,2670,1730,,FALSE,,,443,39,3,0.0655,"casual,streetwear",darks,all_season,0.525,new_with_tags,0.91,facebook_marketplace
fdb29969-2fc9-4a7b-92db-3b6dc3bc3d63,66b330b2-c21c-4fcd-ac8c-8ac1cdcee05a,skirt,20-10-2025,2420,2000,1780,TRUE,8,0.7355,283,555,6,0.925,boho,pastels,all_season,0.5,new_with_tags,0.96,facebook_marketplace
b20a3f89-f76e-4ef1-915d-09d28bbba308,50387af1-01f3-48d5-a9e0-cf7be603899b,shirt,09-06-2025,2670,1850,,FALSE,,,49,4,3,0.0067,streetwear,brights,all_season,0.65,good,0.71,facebook_marketplace
5f9360bf-3480-422b-9d4c-ed88159c5f4d,,other,15-04-2026,1330,680,,FALSE,,,432,40,3,0.0668,casual,neutrals,all_season,0.4,like_new,,facebook_marketplace
ee397e15-b36f-42ab-9453-2a74f4774049,,coat,19-10-2025,9620,8280,,FALSE,,,119,3,1,0.0053,casual,metallics,winter,0.42,good,,facebook_marketplace
a69ecd6b-d9c8-45b1-9f0c-82f99c91dfb7,,formal_shirt,28-04-2026,8950,3910,,FALSE,,,72,31,1,0.0531,formal,metallics,all_season,0.45,good,,facebook_marketplace
091e699c-f19b-41b4-a479-e94f7719dd58,,shorts,11-10-2025,2690,480,,FALSE,,,339,13,3,0.0217,casual,brights,summer,0.38,like_new,,facebook_marketplace
0d035ffc-e553-42f7-a245-61cc872b7f76,,formal_shirt,18-04-2026,5820,1090,,FALSE,,,404,41,2,0.0702,formal,neutrals,all_season,0.45,fair,,facebook_marketplace
dbf5893e-ff0b-40ce-bdaa-a79b836f02c9,d9ef3ba6-64d1-4814-9934-4559d10a7e7e,blazer,16-10-2025,5765,3410,3120,TRUE,78,0.5412,4837,148,10,0.25,officewear,prints,all_season,0.45,good,0.67,facebook_marketplace
ea3467de-2a33-4967-8bc8-09fb6d31e55b,39d29f76-2554-44d0-b67c-445a231f4f54,tshirt,14-04-2026,2520,2520,,FALSE,,,398,14,3,0.0234,minimal,neutrals,all_season,0.55,good,0.56,facebook_marketplace
bcc1c04c-3da6-4366-b805-00f39b0d4cdf,,blazer,01-04-2026,5765,5300,,FALSE,,,187,23,2,0.0389,formal,brights,all_season,0.45,fair,,facebook_marketplace
320a9f05-5312-40c8-879f-bdb13b26ef88,1ae91800-3361-43ce-8e1d-0ab5d1469795,jeans,25-03-2026,760,390,,FALSE,,,51,36,3,0.0602,minimal,prints,all_season,0.55,like_new,0.76,facebook_marketplace
3e75ab77-a71a-4747-a3ae-03bd4e85b4c5,,kurta,08-07-2025,7060,4730,,FALSE,,,36,3,3,0.005,fusion,darks,festive,0.92,poor,,facebook_marketplace
44db469b-5f99-42d7-a7a2-dee06f0c531f,67305ea1-db8a-45b5-8cc1-22a912ebb98f,tshirt,11-12-2025,2520,610,,FALSE,,,460,6,3,0.01,"casual,minimal",neutrals,all_season,0.475,good,0.63,facebook_marketplace
32b8827b-1a19-4452-bc9e-2b934dc5cfa7,4a846ccb-2cd4-4416-92e1-598f1b9cea57,saree,14-10-2025,14100,14100,,FALSE,,,460,10,2,0.0167,ethnic,neutrals,festive,0.8625,like_new,0.83,facebook_marketplace
39dcbf7b-a355-4c97-9100-40e4d6148dac,,shorts,02-08-2025,2690,1800,1680,TRUE,11,0.6245,5491,566,12,0.9433,athleisure,brights,summer,0.665,fair,,facebook_marketplace
8eef74e6-8259-4bfb-b058-59a1246301e7,b518ea4f-8a8a-4bd2-8178-737b1c624a72,trousers,08-06-2025,5970,4420,4030,TRUE,20,0.675,7038,385,14,0.6537,officewear,metallics,all_season,0.45,good,0.73,facebook_marketplace
27634634-ae26-49fc-8d1f-f725a76f3ecc,16b09567-0146-4a93-922a-bf47fa571594,jeans,19-06-2025,2480,750,670,TRUE,88,0.2702,7862,449,6,0.7508,casual,darks,all_season,0.4,fair,0.48,facebook_marketplace
255ca3db-871d-409d-90d5-d0990386fff0,,other,01-01-2026,3160,1010,,FALSE,,,491,24,2,0.0401,casual,metallics,all_season,0.4,like_new,,facebook_marketplace
290bdfc5-d005-42e6-96dc-b31fdd8f91f4,,tshirt,05-04-2026,2520,1320,,FALSE,,,451,32,1,0.0534,athleisure,metallics,all_season,0.7,like_new,,facebook_marketplace
8d0e72bd-cbab-4121-ac1b-11710461eaf1,,kurta,01-05-2026,7060,1230,,FALSE,,,175,6,2,0.01,ethnic,darks,all_season,0.75,good,,facebook_marketplace
3ad47ecc-fc8c-45a6-86fe-e50026119c78,56f32e50-e215-4bdf-a916-e4218b30edf4,saree,03-12-2025,8050,4300,,FALSE,,,261,41,3,0.0683,"ethnic,bridal",brights,festive,0.92,like_new,0.82,facebook_marketplace
b31ba426-51b5-412e-9b84-7edce6ad474b,,trousers,11-02-2026,5970,4570,4200,TRUE,38,0.7035,6214,75,8,0.1273,formal,pastels,all_season,0.45,fair,,facebook_marketplace
a18ba901-06c0-4109-bcf3-07039b38483b,,tshirt,24-08-2025,2520,1430,,FALSE,,,203,29,0,0.0484,streetwear,metallics,all_season,0.65,good,,facebook_marketplace
903d33f3-6d42-487f-ba52-6569e84f6cba,,coat,25-06-2025,4100,2510,2220,TRUE,69,0.5415,2456,556,10,0.9737,casual,pastels,winter,0.42,like_new,,facebook_marketplace
ccd91cd7-8e11-4c95-9f2d-0948a6109589,,trousers,15-12-2025,5970,4650,,FALSE,,,198,16,3,0.0272,officewear,pastels,all_season,0.45,fair,,facebook_marketplace
9b3912cf-4bfa-49e0-85bd-a1640a540c8b,3328f22b-fe37-4515-96a0-f464f8355c03,trousers,14-04-2026,2710,1680,,FALSE,,,115,2,3,0.0034,casual,metallics,all_season,0.4,like_new,0.79,facebook_marketplace
7c64d830-78ef-4c48-8b52-252520e8a977,4fd8d75f-47c9-4489-968a-cadb8046f082,blazer,15-05-2026,5765,4970,4780,TRUE,42,0.8291,7040,451,8,0.7618,officewear,brights,all_season,0.45,good,0.57,facebook_marketplace
694bf13d-168a-41a3-9a4a-dc0c1d213b49,,shirt,27-07-2025,1070,780,,FALSE,,,186,24,2,0.0403,casual,darks,all_season,0.4,new_with_tags,,facebook_marketplace
43f6b80a-deb4-40d5-a47b-90acdbbb7170,7a3aece8-4bcb-4b38-bc6c-627668863390,shirt,09-05-2026,2070,1150,,FALSE,,,375,18,2,0.0303,casual,metallics,all_season,0.4,good,0.66,facebook_marketplace
e7fb7542-d2d7-4dc5-896c-7bdee5fc10aa,c1ad2048-ff2e-4c08-bb2e-19467c3e9341,trousers,28-12-2025,2830,1470,1400,TRUE,6,0.4947,1787,300,2,0.5093,formal,neutrals,all_season,0.45,like_new,0.83,facebook_marketplace
268789d3-066b-422b-9941-f7b98af7e926,,kurta,12-01-2026,7220,4130,3550,TRUE,8,0.4917,2570,93,11,0.1555,fusion,darks,all_season,0.8,like_new,,facebook_marketplace
63056a1a-d0f0-4b1e-a03b-e7fb79d20c60,,lehenga,14-08-2025,7150,3950,,FALSE,,,96,19,1,0.0318,ethnic,pastels,festive,0.8625,like_new,,facebook_marketplace
d4c4d1a0-9a4a-4d56-bb02-969230881ed2,,dupatta,21-01-2026,6070,2800,2610,TRUE,51,0.43,7303,282,13,0.4708,ethnic,pastels,festive,0.8625,like_new,,facebook_marketplace
c35ec384-4060-4169-82ae-ef01a0340019,d495a633-3196-4de5-b90e-59f38b396849,tshirt,12-07-2025,2520,2330,,FALSE,,,473,11,1,0.0184,casual,neutrals,all_season,0.4,poor,0.2,facebook_marketplace
e228bdbd-2601-44b3-ac66-4ed2f1a126fc,4889c921-aa41-4707-beb2-03cbc9e43e45,activewear,11-03-2026,4900,3500,,FALSE,,,428,40,0,0.0671,athleisure,darks,all_season,0.7,good,0.6,facebook_marketplace
99f6b75e-c75d-43b6-b530-6dcab7355ab8,,saree,06-11-2025,14100,3180,,FALSE,,,128,8,2,0.0133,ethnic,darks,festive,0.8625,fair,,facebook_marketplace
ce61a2c7-0dc7-49c9-bd3a-5cab811fe478,8207fb27-3094-4747-ad69-a4d44ba32147,shirt,27-05-2026,1460,1090,,FALSE,,,220,16,2,0.0269,minimal,pastels,all_season,0.55,new_with_tags,0.94,facebook_marketplace
7153fe77-0153-40ab-a45c-a0b9bc36957e,875ce346-0494-409e-a17b-0ef3b8ca380c,dress,24-12-2025,3710,2360,2260,TRUE,93,0.6092,1080,330,11,0.6011,officewear,brights,all_season,0.45,like_new,0.75,facebook_marketplace
aae947b3-40ad-4a76-bcdb-d87e8c79f9e1,,activewear,22-07-2025,4900,810,710,TRUE,100,0.1449,3014,164,13,0.2752,casual,darks,all_season,0.4,good,,facebook_marketplace
1e013c50-413b-4118-a5ef-b8944c54784a,8ec0f11a-ed71-460a-a9ee-39c68b86d30b,other,16-02-2026,3160,1000,,FALSE,,,465,5,1,0.0083,casual,brights,all_season,0.4,new_with_tags,0.93,facebook_marketplace
2f68f80c-02af-4eb0-b65e-8859d3333d11,96355a73-f314-4565-9374-2d7e8bea8d02,jeans,16-09-2025,1080,770,,FALSE,,,308,1,1,0.0017,streetwear,brights,all_season,0.65,like_new,0.89,facebook_marketplace
a69b406e-69d4-418f-bb59-b39635e9d3cc,,jeans,08-10-2025,2480,2050,,FALSE,,,305,23,2,0.0385,casual,darks,all_season,0.4,good,,facebook_marketplace
d199e0f6-659a-4e46-9b36-1f357f2765cd,,jeans,10-06-2025,2480,1170,,FALSE,,,58,9,0,0.0151,streetwear,prints,all_season,0.65,like_new,,facebook_marketplace
898d59bb-f5b4-421a-8e59-426e9a3799a2,a606145c-c43c-496f-abd3-501428a1f975,shorts,22-06-2025,2690,640,,FALSE,,,50,6,1,0.01,athleisure,pastels,summer,0.665,good,0.74,facebook_marketplace
c7f17856-5f2e-454d-8a9e-fb5804078454,16aea7d1-e239-4fe2-8ba5-6706becec355,jacket,22-07-2025,60250,7420,7340,TRUE,53,0.1218,1716,420,4,0.7,casual,neutrals,winter,0.42,poor,0.24,facebook_marketplace
f59765c2-b7bd-45ff-a894-fb3bdbca06f1,18facef1-2d2a-4a3b-8697-ce04494de98c,other,01-08-2025,4050,2040,2000,TRUE,117,0.4938,118,298,11,0.4975,casual,metallics,all_season,0.4,like_new,0.79,facebook_marketplace
88ab6495-38be-408a-89a7-3ff9f87e56ec,,shorts,23-11-2025,2690,1230,,FALSE,,,388,36,2,0.06,athleisure,pastels,summer,0.665,like_new,,facebook_marketplace
f3087a61-7ae6-42c0-8474-8270281c514b,,tshirt,01-07-2025,2520,1480,1370,TRUE,18,0.5437,4021,33,9,0.0551,casual,brights,all_season,0.4,new_with_tags,,facebook_marketplace
6b8ac7f0-3418-494f-bdd3-6b94fa69d306,a38e793d-9004-4aa8-bd40-99307ae39bd3,trousers,17-12-2025,5970,3830,3490,TRUE,31,0.5846,7345,401,3,0.6808,formal,prints,all_season,0.45,poor,0.21,facebook_marketplace
a8617422-5651-49b0-bb47-1d77ff919571,e77ffe81-ffc8-45f6-bfc4-112386ddbd53,jeans,09-08-2025,2100,1400,,FALSE,,,409,12,3,0.0201,streetwear,brights,all_season,0.65,like_new,0.87,facebook_marketplace
44648502-4f49-4b84-9857-0812a9be5c4e,,other,24-04-2026,3160,2120,,FALSE,,,258,6,1,0.01,casual,pastels,all_season,0.4,poor,,facebook_marketplace
0e4ffadd-c156-4076-bb58-b50758b7e8ce,,blazer,10-09-2025,7920,4590,,FALSE,,,276,12,1,0.0203,officewear,prints,all_season,0.45,like_new,,facebook_marketplace
a3052adc-a04e-43fc-a213-286a012fe0a2,86082015-9817-405e-8eeb-a3dd1220b8c1,formal_shirt,29-07-2025,5820,1930,,FALSE,,,484,31,2,0.0531,formal,neutrals,all_season,0.45,like_new,0.88,facebook_marketplace
fddc2d9f-d888-40ae-84c6-bcf6b0b09841,,jacket,26-11-2025,8050,2240,,FALSE,,,470,10,2,0.0167,casual,metallics,winter,0.42,like_new,,facebook_marketplace
8a219658-d91e-4e16-9315-0944d795afb6,,trousers,07-02-2026,11800,4910,,FALSE,,,385,7,2,0.0119,officewear,darks,all_season,0.45,good,,facebook_marketplace
62d2f2cc-6014-4d5d-a84d-6d9682dfafa6,,jeans,18-02-2026,2770,1170,,FALSE,,,60,31,0,0.0518,streetwear,prints,all_season,0.65,good,,facebook_marketplace
c8bafcc6-a891-41e7-9338-69dd506961fe,a32ff503-1c1e-41e1-9ca2-0130cb401649,dress,08-12-2025,5980,2820,,FALSE,,,353,41,1,0.0747,formal,brights,all_season,0.45,new_with_tags,0.93,facebook_marketplace
16cbf4ef-dee7-4ace-84f9-1ecfc2f40a93,7476871f-5d60-4479-ae95-c34ff6696e4c,tshirt,09-03-2026,1010,500,470,TRUE,112,0.4653,2646,420,5,0.7012,"athleisure,casual",pastels,all_season,0.55,good,0.71,facebook_marketplace
8e52c24b-4f0c-411a-93a3-1927541489ee,9b0df218-808f-4f29-9560-748443ebee9f,tshirt,30-12-2025,2110,1060,1020,TRUE,68,0.4834,2711,362,13,0.6043,"casual,streetwear",metallics,all_season,0.525,good,0.73,facebook_marketplace
52875fec-81dd-4820-936c-f3f97f0b36da,be0513f2-f352-4426-83fc-5d7aa7803386,formal_shirt,24-09-2025,5820,2590,,FALSE,,,107,8,3,0.0137,formal,pastels,all_season,0.45,new_with_tags,0.99,facebook_marketplace
510a3605-f20b-47e2-ab9b-5cd49e94bc27,c4940db0-6a99-4c23-9e32-c8479ff8efd4,dress,16-08-2025,7540,4320,,FALSE,,,472,35,1,0.0638,officewear,pastels,all_season,0.45,good,0.67,facebook_marketplace
950fae48-5a85-47c2-9e30-ac4df086049c,da7bc03b-a19e-4c97-bc94-107d6d9c56ef,kurta,07-07-2025,7060,5140,,FALSE,,,133,37,0,0.0619,casual,metallics,festive,0.46,poor,0.12,facebook_marketplace
5a8597ef-2265-4c85-8975-ed6ac373ddd7,c764e23b-c1a2-45c0-9be6-cf7f40a37773,tshirt,16-07-2025,2520,1330,1320,TRUE,92,0.5238,2347,599,12,1,athleisure,pastels,all_season,0.7,new_with_tags,0.96,facebook_marketplace
2d0bf6ae-918f-41b4-bb56-e5e748dd71da,,formal_shirt,23-08-2025,5820,5000,4490,TRUE,42,0.7715,3377,315,12,0.5394,formal,pastels,all_season,0.45,good,,facebook_marketplace
8f3b64c9-1140-4d5b-b2ec-137540cbb570,8b0a2d5c-a7dd-414c-a7f9-00c14134aa54,jacket,23-05-2026,8050,4120,,FALSE,,,137,9,2,0.015,streetwear,prints,all_season,0.65,new_with_tags,0.93,facebook_marketplace
4d774f0f-d69c-49f6-bc4e-ae252348b18c,,tshirt,12-12-2025,2520,740,690,TRUE,31,0.2738,3907,407,8,0.6795,athleisure,brights,all_season,0.7,poor,,facebook_marketplace
30c3830f-5317-4486-91b1-5dda6225cd8d,,shirt,11-10-2025,1710,1340,,FALSE,,,299,27,0,0.0454,casual,brights,all_season,0.4,new_with_tags,,facebook_marketplace
b6188b96-bc09-462a-b94d-39d7e3455af5,,shirt,16-12-2025,2670,2100,,FALSE,,,152,14,3,0.0235,casual,neutrals,all_season,0.4,good,,facebook_marketplace
befd5626-a801-4e14-bbac-4c1ff996cb30,f6760ce5-cfba-4dd1-9a9d-5c313f0800f3,kurta,27-05-2026,18020,5030,,FALSE,,,305,40,0,0.0669,fusion,prints,all_season,0.8,poor,0.33,facebook_marketplace
dce2f8f7-d73c-4568-9b64-ae10a82e5f3c,fba8edb8-cd16-41b7-8ae6-ae6ee1e69e30,dress,03-06-2025,5980,2110,,FALSE,,,260,17,0,0.031,casual,pastels,all_season,0.4,poor,0.34,facebook_marketplace
d42fa3ee-bfaf-4569-87a6-30c6758c3cd7,,shorts,22-06-2025,2690,720,,FALSE,,,343,6,2,0.01,casual,brights,summer,0.38,good,,facebook_marketplace
b10ddc57-a4d4-4a3c-802b-1b0db222111c,10425479-bbcf-4980-a781-f3ec12801bef,saree,25-07-2025,20180,16900,,FALSE,,,187,5,1,0.0083,ethnic,darks,festive,0.8625,new_with_tags,0.92,facebook_marketplace
f60109d9-daa9-4967-bfd8-c60b903b6df8,,jeans,23-07-2025,2830,1090,,FALSE,,,49,4,2,0.0067,streetwear,darks,all_season,0.65,fair,,facebook_marketplace
238db366-248e-4433-862a-037e69d0ea4a,,tshirt,29-03-2026,2520,1140,1080,TRUE,11,0.4286,6026,21,6,0.0351,casual,pastels,all_season,0.4,good,,facebook_marketplace
39157449-d1ab-46da-8c37-741e101b700d,fd99f030-06ef-438d-8acc-fe38fcfa3206,jacket,11-04-2026,8050,6100,5250,TRUE,40,0.6522,2518,426,11,0.71,casual,pastels,winter,0.42,fair,0.43,facebook_marketplace
e4e42702-2a2c-46e1-acc3-bb9e6c11b491,,dress,07-10-2025,5980,1380,,FALSE,,,92,41,2,0.0747,officewear,prints,all_season,0.45,good,,facebook_marketplace
7488d3b4-a5be-41f9-9112-35a595f33790,419c8812-23f6-4aff-9e14-b0c6956c5943,coat,16-01-2026,9620,5460,,FALSE,,,137,40,1,0.0701,officewear,neutrals,winter,0.4725,poor,0.3,facebook_marketplace
9def91fa-10f1-4952-ac04-9f771919e531,,coat,26-06-2025,9620,7210,6960,TRUE,102,0.7235,3990,145,8,0.2539,casual,pastels,winter,0.42,like_new,,facebook_marketplace
764df24b-2b99-41a6-b0ca-5d65c6964453,,saree,07-09-2025,14100,4790,,FALSE,,,244,5,1,0.0083,ethnic,brights,festive,0.8625,new_with_tags,,facebook_marketplace
fe42f29a-bacc-4601-9b3d-4349a9facced,9f79615f-3104-47a2-a916-e815fa590fe9,shirt,19-02-2026,4590,2480,,FALSE,,,415,7,2,0.0118,officewear,metallics,all_season,0.45,like_new,0.79,facebook_marketplace
0d9326a1-00c4-450e-a82b-71e55e6f624e,,shorts,17-10-2025,2690,2490,,FALSE,,,285,38,3,0.0633,casual,darks,summer,0.38,like_new,,facebook_marketplace
01ece659-a8ff-41e6-9d19-194ffe25d03c,a7cdd300-ca37-4c06-bfd3-bec640944a95,kurta,30-07-2025,11100,2180,2070,TRUE,107,0.1865,3581,117,3,0.1957,ethnic,pastels,all_season,0.75,poor,0.16,facebook_marketplace
f4e129ed-5166-4290-bebf-a916a9700b75,202da581-2dbb-4db4-a4a7-6fc604d651e4,formal_shirt,28-02-2026,5820,2650,,FALSE,,,164,35,2,0.0599,"officewear,formal",metallics,all_season,0.45,fair,0.37,facebook_marketplace
c716d357-e7ed-4f7a-a5bb-f6fc2ae8a2e5,3e05a236-ea39-42bc-aef0-db36821afcc3,other,15-05-2026,2310,1250,1170,TRUE,17,0.5065,3616,200,5,0.3339,casual,pastels,all_season,0.4,good,0.56,facebook_marketplace
fb6c495b-2ad4-45d2-adad-625235fc3065,8025e64b-1b94-401c-98e3-f227c8779280,trousers,09-01-2026,5970,5090,5080,TRUE,60,0.8509,5798,538,6,0.9134,officewear,metallics,all_season,0.45,good,0.59,facebook_marketplace
0ebe64d2-99d9-4daa-b081-82194740ffae,,activewear,31-03-2026,3970,1660,,FALSE,,,313,6,2,0.0101,athleisure,pastels,all_season,0.7,fair,,facebook_marketplace
15c86e2b-a20a-49d5-a29e-b13fc61fd2a8,baa24569-b81a-4292-8b1d-63408a65240f,formal_shirt,09-06-2025,5820,1680,1680,TRUE,56,0.2887,5553,343,3,0.5873,"officewear,formal",metallics,all_season,0.45,good,0.65,facebook_marketplace
04632989-8a81-4f73-bef5-e6d6786827bf,,trousers,18-10-2025,5970,1450,1450,TRUE,62,0.2429,4833,456,5,0.7742,formal,prints,all_season,0.45,fair,,facebook_marketplace
2c9c6e1b-8974-43c4-8ec8-04c7c069f07d,5aec332c-6611-4ec2-b44b-7a25f584af20,trousers,12-02-2026,5970,3940,,FALSE,,,500,29,1,0.0492,formal,brights,all_season,0.45,poor,0.15,facebook_marketplace
3f618711-fbff-47f6-b434-22cc8b799714,24822bfc-6cdb-4193-b911-b93f6d7bb7bd,saree,10-08-2025,14100,14100,,FALSE,,,379,25,3,0.0417,bridal,darks,festive,0.9775,like_new,0.84,facebook_marketplace
547844fa-d06a-4ff8-b96d-b54d5f27ed02,44a25ec0-668c-44d9-8ceb-f3445ece0e34,trousers,17-06-2025,5970,1450,1380,TRUE,63,0.2312,3350,379,14,0.6435,casual,neutrals,all_season,0.4,fair,0.38,facebook_marketplace
54731929-a3ee-4df3-87b5-ae6ab78aad19,22aec3d4-2385-4de1-985a-e60ddec22164,blouse,14-02-2026,7880,4660,,FALSE,,,376,33,0,0.0553,bridal,neutrals,festive,0.9775,fair,0.39,facebook_marketplace
ef7ebd8e-af7e-4c17-af15-f528e46fd1eb,,saree,02-11-2025,14100,14100,13360,TRUE,29,0.9475,6274,471,3,0.785,"ethnic,bridal",darks,festive,0.92,good,,facebook_marketplace
22349ba1-51ef-4834-b0fb-3f16c790a195,,saree,07-12-2025,14100,3280,,FALSE,,,38,10,3,0.0167,ethnic,neutrals,festive,0.8625,like_new,,facebook_marketplace
613862ab-ab8b-4376-a199-61a7fecab2f5,,formal_shirt,11-09-2025,10490,4850,,FALSE,,,164,14,0,0.024,formal,prints,all_season,0.45,good,,facebook_marketplace
1bfd3b2f-8d13-4ee9-8d59-fd29d456f693,,activewear,13-04-2026,4900,2270,1940,TRUE,51,0.3959,6037,82,7,0.1376,casual,neutrals,all_season,0.4,fair,,facebook_marketplace
6277f58b-45b6-4624-a05e-1d4cdd6044f1,718dd878-587b-42bf-ad8b-f1b85c842026,lehenga,09-04-2026,2220,1320,1200,TRUE,15,0.5405,6594,326,12,0.5461,ethnic,metallics,festive,0.8625,good,0.62,facebook_marketplace
dc19b2b2-c467-4835-b419-78505f3ce275,e0f4aff1-b68a-49c4-8674-74277d45586d,coat,28-02-2026,9620,8630,7810,TRUE,85,0.8119,3279,67,8,0.1173,casual,metallics,winter,0.42,fair,0.43,facebook_marketplace
ac83921a-dd87-40cc-b41d-28ca022e0115,,anarkali,18-05-2026,5545,3320,,FALSE,,,498,41,3,0.0706,"ethnic,bridal",metallics,festive,0.92,like_new,,facebook_marketplace
28e34a86-d254-43f4-b534-1db63121a98e,,saree,04-05-2026,14100,5610,,FALSE,,,447,21,0,0.035,ethnic,metallics,festive,0.8625,poor,,facebook_marketplace
ae247f7d-1072-4aa3-9743-95bb52daf0dd,6b6b4e7c-e76d-42bb-893a-dab675769023,anarkali,21-02-2026,5545,2810,,FALSE,,,69,13,3,0.0224,ethnic,neutrals,festive,0.8625,good,0.7,facebook_marketplace
04b63689-3a8d-4d93-ba4e-1d15fadeff97,,formal_shirt,24-03-2026,5820,3680,3220,TRUE,87,0.5533,973,249,3,0.4264,formal,brights,all_season,0.45,like_new,,facebook_marketplace
1d450756-3736-4092-99ff-127161211607,35566176-f936-4c3c-93cb-bbf483040800,formal_shirt,24-09-2025,7950,4250,3620,TRUE,55,0.4553,1440,166,12,0.2842,"officewear,formal",neutrals,all_season,0.45,like_new,0.8,facebook_marketplace
e4764a8b-db58-48ef-853f-8b53c9bd4b8e,d21241df-3e41-4d56-9c81-8a5173cfc053,jeans,20-07-2025,2480,1060,,FALSE,,,109,0,3,0,casual,brights,all_season,0.4,fair,0.5,facebook_marketplace
20f23d7b-3097-4e4a-bc28-e54ad2b5a181,71b688ef-25be-4334-afd5-0594f8f8d80a,jeans,20-03-2026,2480,1560,,FALSE,,,238,9,0,0.0151,"casual,streetwear",neutrals,all_season,0.525,like_new,0.86,facebook_marketplace
4e2848e1-e1ee-4dc4-9558-6f282e72864b,339a7e30-84c1-4736-917f-f2625e72effe,other,04-08-2025,3160,1580,,FALSE,,,338,34,3,0.0568,casual,neutrals,all_season,0.4,fair,0.44,facebook_marketplace
6c641493-3f94-4e75-89d7-307270b87b72,,tshirt,30-07-2025,2520,700,660,TRUE,45,0.2619,7059,531,2,0.8865,minimal,neutrals,all_season,0.55,new_with_tags,,facebook_marketplace
41aff347-ce99-4ee8-8faf-9dc74bcb6420,e08a0453-fbc1-4f7c-a2d2-8a72a5c2a6b5,trousers,08-02-2026,5970,3830,,FALSE,,,254,19,3,0.0323,officewear,darks,all_season,0.45,new_with_tags,0.98,facebook_marketplace
250b1dc0-4ea0-4408-ae4a-6d64c61baebd,,blouse,19-03-2026,7880,3190,,FALSE,,,165,11,2,0.0184,bridal,brights,festive,0.9775,good,,facebook_marketplace
6a2e2d74-9871-4324-b2e8-02474c2c1a28,bbd9ef92-b22c-4cca-8a42-26f007ca9422,kurta,22-05-2026,7060,1050,970,TRUE,54,0.1374,5704,568,15,0.9498,ethnic,neutrals,festive,0.8625,new_with_tags,0.95,facebook_marketplace
1df1ac1a-90d2-4ee6-a25a-a3958613d36b,,saree,10-01-2026,10130,6100,,FALSE,,,79,14,1,0.0233,ethnic,darks,festive,0.8625,like_new,,facebook_marketplace
bc1c5571-5bdd-4a2d-952a-c565de02180f,,lehenga,22-04-2026,8090,6300,6230,TRUE,12,0.7701,3022,351,13,0.5879,ethnic,darks,festive,0.8625,new_with_tags,,facebook_marketplace
de926f9f-5e6c-4b5b-a78e-87a25dbd589a,da8fb3e8-45de-4899-93ce-202cdca5fa59,blouse,15-09-2025,29000,5400,5280,TRUE,1,0.1821,351,451,6,0.7554,ethnic,pastels,festive,0.8625,poor,0.2,facebook_marketplace
2beddf02-afe0-4961-8de1-7a752e97b4d7,,jacket,04-12-2025,8290,4490,4260,TRUE,31,0.5139,4188,25,12,0.0417,casual,neutrals,winter,0.42,like_new,,facebook_marketplace
79a460e0-06ae-4f41-ad42-86f8395875ce,b0ad1f57-88ae-4039-9665-0f71dfb677ee,blouse,16-04-2026,7880,3460,,FALSE,,,221,38,2,0.0637,bridal,neutrals,festive,0.9775,fair,0.51,facebook_marketplace
abc4012d-bddc-49cc-a372-6d7b696880a6,,activewear,07-09-2025,4900,3640,,FALSE,,,70,10,1,0.0168,athleisure,neutrals,all_season,0.7,like_new,,facebook_marketplace
100ab8e6-30ca-4073-baae-8c5fb1bff72c,,other,10-04-2026,3160,1980,1710,TRUE,61,0.5411,1736,156,8,0.2604,casual,darks,all_season,0.4,new_with_tags,,facebook_marketplace
cfb1d657-9095-43b0-af89-f2c7abf4257d,,trousers,04-04-2026,5970,1570,1420,TRUE,23,0.2379,5694,45,6,0.0764,formal,darks,all_season,0.45,good,,facebook_marketplace
0a92163d-7f14-41e4-973c-ab9f2b6d0b95,96c410bf-b777-414a-8a61-15c0d4b53630,activewear,29-03-2026,4900,640,640,TRUE,44,0.1306,5083,19,6,0.0319,athleisure,prints,all_season,0.7,poor,0.12,facebook_marketplace
5ff424f1-0c35-44c9-aa19-c9d0a00bbed6,,lehenga,01-04-2026,9470,3710,,FALSE,,,435,44,3,0.0737,ethnic,pastels,festive,0.8625,new_with_tags,,facebook_marketplace
1f8f984f-1e3c-4a2f-bafa-3d5625769428,,coat,22-08-2025,17040,8670,8290,TRUE,26,0.4865,2263,373,11,0.6532,casual,prints,winter,0.42,like_new,,facebook_marketplace
39ff87ae-4731-4608-bb29-809e7c01417e,ef3eaf37-7ef0-496d-a311-8d69de65ff17,dress,26-06-2025,11650,4000,,FALSE,,,425,41,0,0.0747,officewear,darks,all_season,0.45,fair,0.45,facebook_marketplace
f59029ac-4bd0-40e1-adc3-5692f32371f0,7cf3e1ee-8687-4f16-8b20-22049040034e,jeans,20-12-2025,2480,2410,,FALSE,,,34,27,0,0.0452,casual,neutrals,all_season,0.4,new_with_tags,0.9,facebook_marketplace
dae9c346-7449-42e7-af6d-21914266ce16,,shirt,08-11-2025,2670,1050,1020,TRUE,118,0.382,1236,258,2,0.4336,casual,metallics,all_season,0.4,like_new,,facebook_marketplace
c222f0b5-a1e9-4bc3-8821-c2729b4a6c58,76d0b4b2-56f5-41d8-bf95-1b4b7d6c531e,shorts,12-05-2026,1290,730,710,TRUE,84,0.5504,2841,82,2,0.1367,casual,brights,summer,0.38,good,0.67,facebook_marketplace
19d9d8e5-da6e-49d3-bf9c-7df605f68990,e6ed5b82-235e-44ce-bacd-3400afc172f0,activewear,14-11-2025,4900,2350,,FALSE,,,378,1,3,0.0017,athleisure,darks,all_season,0.7,like_new,0.86,facebook_marketplace
700b459c-1cd1-4d23-9fd5-8989251f397e,,trousers,05-09-2025,5970,3360,2880,TRUE,39,0.4824,5501,148,13,0.2513,casual,pastels,all_season,0.4,good,,facebook_marketplace
ab9ac93b-1c64-4239-bcce-3eee08e5480c,4f61df3b-c8c8-4294-a6f7-caa3fc189f44,kurta,22-03-2026,7060,2360,2050,TRUE,98,0.2904,7864,58,13,0.097,ethnic,neutrals,all_season,0.75,like_new,0.77,facebook_marketplace
36da0f40-cf08-46c7-b7ac-43ef16d10ea4,,activewear,07-08-2025,4900,1190,,FALSE,,,192,16,0,0.0268,athleisure,pastels,all_season,0.7,good,,facebook_marketplace
8ef87dd7-59bf-4a1f-af2f-1fb396ac01a9,01b73146-4343-4fd7-9f22-4997bec27f16,kurta,01-10-2025,7060,5620,,FALSE,,,370,8,0,0.0134,fusion,brights,all_season,0.8,poor,0.29,facebook_marketplace
5d5e0bff-6dfd-4790-a4c6-88589e65d560,6151320e-ae8c-4809-a849-bf7c7e81d730,other,13-05-2026,5090,2140,,FALSE,,,194,45,0,0.0751,casual,neutrals,all_season,0.4,good,0.67,facebook_marketplace
4f06b497-0c62-40d7-9974-643ffd0b739c,55640a23-3f6f-486e-9da2-dfb6d5ff73aa,coat,14-08-2025,9620,6860,6360,TRUE,120,0.6611,7263,125,15,0.2189,officewear,darks,winter,0.4725,good,0.68,facebook_marketplace
034d8278-dd3b-4098-9001-faf2b110a14d,,other,08-11-2025,3160,860,820,TRUE,40,0.2595,5020,356,15,0.5943,casual,metallics,all_season,0.4,fair,,facebook_marketplace
0e1cc0d0-4aab-41bb-b209-eb0d676b2979,aa52f9c6-2184-4160-9ea2-d8a7465f4771,tshirt,13-11-2025,1730,1010,910,TRUE,114,0.526,6783,479,5,0.7997,casual,darks,all_season,0.4,good,0.58,facebook_marketplace
2452bb56-edd0-47e9-86eb-d619e24372c8,5be06613-d004-45f8-9a27-9c3f14269877,trousers,20-03-2026,4610,2020,2020,TRUE,103,0.4382,566,363,10,0.6163,officewear,pastels,all_season,0.45,fair,0.41,facebook_marketplace
b5216b87-aeb0-4cc6-94d9-d6a63f123680,d282ebb3-b2f7-4165-b8db-48ee3e4d6d22,skirt,18-08-2025,2870,2120,,FALSE,,,5,2,3,0.0033,fusion,neutrals,all_season,0.8,new_with_tags,0.94,facebook_marketplace
8e418b6a-28b2-4fed-b770-e5f893b3c953,,formal_shirt,05-07-2025,5820,5390,,FALSE,,,278,10,2,0.0171,"officewear,formal",metallics,all_season,0.45,good,,facebook_marketplace
5d4a8668-c9ba-4fea-b10e-7788f4c79dc4,92985cfb-cf4c-42ea-93ac-99c2b82aedd8,shirt,29-01-2026,2670,580,570,TRUE,10,0.2135,7191,368,3,0.6185,casual,brights,all_season,0.4,like_new,0.76,facebook_marketplace
632beec7-00c6-45e3-a12f-dd0f4b09e291,,blouse,15-09-2025,7880,4780,,FALSE,,,351,11,0,0.0184,"ethnic,bridal",pastels,festive,0.92,fair,,facebook_marketplace
27d915a9-638b-4717-b134-391cb0909666,7c16eafe-e002-4fd7-9e46-af3f0cba28c3,coat,20-01-2026,9620,5690,,FALSE,,,214,3,1,0.0053,minimal,brights,winter,0.5775,fair,0.42,facebook_marketplace
f075990d-f049-49bc-89eb-6fefb6e6965b,,dupatta,21-02-2026,6070,6070,5790,TRUE,59,0.9539,2879,493,7,0.823,fusion,darks,festive,0.92,like_new,,facebook_marketplace
12cd98e4-0a86-4432-ad05-757366e289e7,,activewear,28-11-2025,2300,1270,,FALSE,,,266,24,1,0.0403,athleisure,metallics,all_season,0.7,good,,facebook_marketplace
f3a0dedc-6933-4f0d-b476-8319e7283a49,,blazer,09-01-2026,5765,3570,3330,TRUE,14,0.5776,4009,267,5,0.451,officewear,metallics,all_season,0.45,good,,facebook_marketplace
47b96d9f-bc99-495e-a2cc-adbf2863585a,,saree,29-07-2025,14100,6020,,FALSE,,,54,42,2,0.07,ethnic,metallics,festive,0.8625,like_new,,facebook_marketplace
4f40665a-3b30-4102-8f44-3341d2d98216,e2f964b2-5dce-41c7-90f0-307f19e1cc4d,coat,07-08-2025,9620,8030,,FALSE,,,57,43,0,0.0753,casual,darks,winter,0.42,good,0.61,facebook_marketplace
c5a8a391-6cef-42b4-92fd-34d13229ae2e,,activewear,23-10-2025,4900,2790,,FALSE,,,97,45,1,0.0755,casual,prints,all_season,0.4,poor,,facebook_marketplace
6d46006c-f444-44a1-80a7-58e8f46007ca,00242aee-7543-40bc-88a3-2d66207baa76,skirt,06-12-2025,2985,660,570,TRUE,4,0.191,3907,315,14,0.525,fusion,pastels,all_season,0.8,poor,0.1,facebook_marketplace
fda74ca3-4c4c-446f-ba59-6487aa44d632,,dress,16-11-2025,5980,2340,,FALSE,,,84,19,2,0.0346,fusion,pastels,all_season,0.8,like_new,,facebook_marketplace
59f588bc-7822-435a-8726-40f0143c2736,a5dbe953-a9e6-4417-a5b1-ff762dcdd8fb,jacket,03-09-2025,8050,6570,,FALSE,,,341,5,0,0.0083,casual,brights,winter,0.42,good,0.74,facebook_marketplace
e60fa428-5da1-460d-9f5c-d1b762ea68c2,,anarkali,18-07-2025,5545,3480,,FALSE,,,322,19,3,0.0327,bridal,neutrals,festive,0.9775,like_new,,facebook_marketplace
61b97825-61d4-4628-8815-70ff900c5d5e,,shirt,15-05-2026,1030,610,,FALSE,,,85,12,0,0.0202,casual,prints,all_season,0.4,good,,facebook_marketplace
9c116735-e86e-4a47-895f-dc4c12a4b04a,,anarkali,20-04-2026,5545,4890,,FALSE,,,9,20,0,0.0344,bridal,prints,festive,0.9775,new_with_tags,,facebook_marketplace
2adb0b9f-fd7d-4b57-b600-3b5476547e9b,e9a4212f-e571-4086-bb0d-bd9b17b3aa8a,shirt,26-01-2026,2670,620,590,TRUE,16,0.221,3111,374,2,0.6286,minimal,pastels,all_season,0.55,new_with_tags,0.96,facebook_marketplace
716f1de4-eca6-4ea4-8e2e-197e6a1922e8,1a93228d-bea4-4c4c-8892-0d16056f23c6,blazer,25-12-2025,5765,2440,2240,TRUE,81,0.3886,4136,526,13,0.8885,casual,prints,all_season,0.4,like_new,0.81,facebook_marketplace
b3c64493-0f9c-4da4-9b86-9d4cd75d78e4,21f09b0e-d3b6-437c-947f-4ecc2fc2969e,jeans,14-01-2026,2480,2260,2120,TRUE,51,0.8548,1750,210,2,0.3512,casual,neutrals,all_season,0.4,good,0.6,facebook_marketplace
c2e850ea-8fd3-400d-ae17-c0da10fe6adb,fe216545-417c-4d95-a366-0abff3ebee52,other,19-12-2025,6000,1230,,FALSE,,,488,27,3,0.0451,casual,pastels,all_season,0.4,poor,0.24,facebook_marketplace
f8de33b9-bf2a-400f-a486-601d4e838b52,f9a247f7-dc8c-4b12-850b-e092cf58b465,trousers,05-11-2025,5970,2860,,FALSE,,,372,27,3,0.0458,officewear,prints,all_season,0.45,like_new,0.86,facebook_marketplace
e94fa505-de19-4d4a-ae25-5af8a0f0bc81,,saree,23-10-2025,14100,2990,2580,TRUE,106,0.183,4107,277,2,0.4617,ethnic,brights,festive,0.8625,new_with_tags,,facebook_marketplace
7dcde59d-281d-4659-a373-ed6c61c3fe1f,,anarkali,09-10-2025,5545,3280,,FALSE,,,18,3,3,0.0052,"ethnic,bridal",pastels,festive,0.92,like_new,,facebook_marketplace
dfcbd13a-06b9-453a-a10b-f148be527204,689d0a58-984b-4b3f-8274-43b8c0eee99c,jacket,28-03-2026,8050,8050,7330,TRUE,70,0.9106,3929,62,11,0.1033,casual,pastels,winter,0.42,good,0.63,facebook_marketplace
f0ecddac-e05a-428a-bb51-59d2ea2db734,02c0b128-21ac-4560-9d29-7fe69cb4db7c,skirt,27-12-2025,2985,1650,,FALSE,,,89,31,2,0.0517,fusion,brights,all_season,0.8,good,0.68,facebook_marketplace
56022ccc-4d11-4fa1-a186-dcfef9409ac9,8b3fea37-11d7-48a3-8faf-773c6fe1f4b1,kurta,21-02-2026,2550,1880,,FALSE,,,108,31,1,0.0518,fusion,prints,festive,0.92,like_new,0.84,facebook_marketplace
23aeb2f1-ef02-419f-bd1a-f68e129d7c9c,,trousers,03-05-2026,5970,3840,3290,TRUE,100,0.5511,3374,479,2,0.8132,officewear,metallics,all_season,0.45,new_with_tags,,facebook_marketplace
f5a1cf63-7f65-424f-bef8-76390cb64f6a,,shorts,06-03-2026,2690,1870,,FALSE,,,120,23,3,0.0383,casual,metallics,summer,0.38,good,,facebook_marketplace
f7ebf9c2-356f-48a4-907d-0e73403b1985,f3052f13-f69a-43da-8d94-1c37d69dc521,kurta,17-01-2026,5400,2900,,FALSE,,,379,18,3,0.0301,ethnic,pastels,festive,0.8625,good,0.56,facebook_marketplace
be2292e7-e951-4cf2-b751-e405e999c0a3,8984fe60-10cc-4732-9ff8-4c375e669fb5,saree,29-10-2025,14100,9800,8780,TRUE,110,0.6227,1271,329,11,0.5483,ethnic,brights,festive,0.8625,like_new,0.85,facebook_marketplace
425d02d6-e0ed-46e9-bd3c-985278895564,,jacket,03-04-2026,3660,2320,,FALSE,,,461,19,2,0.0317,casual,darks,winter,0.42,like_new,,facebook_marketplace
981ae537-4649-48cb-8f91-a725695ee270,,sweater,30-06-2025,9280,5040,,FALSE,,,139,37,2,0.062,casual,neutrals,winter,0.42,good,,facebook_marketplace
3f0e9a4c-3d7e-48bf-a9e3-5fa99cd9947c,,jacket,13-01-2026,8050,8050,,FALSE,,,104,20,1,0.0333,streetwear,pastels,all_season,0.65,new_with_tags,,facebook_marketplace
c42f8718-bab7-4c45-bdd2-3454ba382c1f,79f4b0ee-6971-432d-89a1-8e9935aec24a,activewear,17-07-2025,4900,2620,2370,TRUE,100,0.4837,6089,369,4,0.6191,athleisure,metallics,all_season,0.7,new_with_tags,0.98,facebook_marketplace
96b6637c-2dac-4e32-b298-31622ba20a37,,sweater,30-01-2026,11165,6810,,FALSE,,,116,11,3,0.0184,casual,darks,winter,0.42,fair,,facebook_marketplace
0f269105-3e9a-41d1-a0ed-a74136e66a1e,228190c7-b0cc-467e-a4fc-4fa68f6c953e,skirt,09-01-2026,2985,820,,FALSE,,,270,34,2,0.0567,fusion,pastels,all_season,0.8,fair,0.39,facebook_marketplace
d117d936-5a35-4735-a900-848f7b83dd32,af7d6604-6cc6-4606-a0fe-7534d7a421f8,blazer,02-07-2025,5765,1710,,FALSE,,,247,3,1,0.0051,casual,prints,all_season,0.4,like_new,0.8,facebook_marketplace
aa0b14e4-d317-46d3-afe0-c19dbbaa28aa,,activewear,17-04-2026,4900,1200,1100,TRUE,62,0.2245,6829,234,8,0.3926,athleisure,pastels,all_season,0.7,fair,,facebook_marketplace
1a84bf54-6d97-4ea5-8ac7-1ff7a5d014bf,d6dcdfbc-7ca3-4ae9-b2d7-157efa1659ae,coat,07-07-2025,9620,6610,5850,TRUE,38,0.6081,7877,265,8,0.4641,casual,prints,winter,0.42,new_with_tags,0.99,facebook_marketplace
945e5439-3eac-41ba-a3d3-7b88d16063a0,071cc623-9321-4097-b056-6a9b05cb2ca8,kurta,05-11-2025,7060,4900,,FALSE,,,174,41,0,0.0686,ethnic,brights,festive,0.8625,new_with_tags,0.92,facebook_marketplace
5fe02f87-2c86-487b-85a0-3ecdc0fb77e8,,jeans,12-05-2026,5710,2520,,FALSE,,,198,38,0,0.0635,minimal,metallics,all_season,0.55,good,,facebook_marketplace
d6a52663-4614-47d7-a598-910582d92c08,,jeans,22-05-2026,2480,1930,,FALSE,,,479,27,1,0.0452,casual,brights,all_season,0.4,poor,,facebook_marketplace
7c3c93ba-342e-4cb5-a46d-ba3fa1b0b433,89643db0-e403-490f-8c5d-e1f2c299c36e,anarkali,05-02-2026,5545,4960,4770,TRUE,14,0.8602,537,425,1,0.7315,fusion,metallics,festive,0.92,poor,0.19,facebook_marketplace
f8bd2c98-516e-4695-8511-b10f6a792543,bb0b8196-9c15-4c05-96c2-99a75ea6fe0e,anarkali,27-05-2026,3850,2750,2460,TRUE,22,0.639,570,252,9,0.4337,bridal,metallics,festive,0.9775,like_new,0.84,facebook_marketplace
119cca96-b4ad-4800-826a-cbe91dd2257e,,jacket,19-05-2026,29240,5370,,FALSE,,,222,8,0,0.0133,casual,pastels,winter,0.42,poor,,facebook_marketplace
b2f518a7-152d-4af6-9ca6-18f5fdcf9d98,a9fa7644-bf66-4c8f-926d-6d2a35ad211a,lehenga,11-09-2025,47490,23700,,FALSE,,,127,36,3,0.0603,bridal,metallics,festive,0.9775,good,0.73,facebook_marketplace
c1b7f9ce-f8d9-4548-9807-2922966e57fa,,kurta,17-01-2026,7060,4020,,FALSE,,,352,22,3,0.0368,"ethnic,bridal",metallics,festive,0.92,new_with_tags,,facebook_marketplace
b97f75c9-44d6-4bc2-8d5a-5bb8dfceda3f,,jeans,01-02-2026,1560,440,430,TRUE,13,0.2756,388,477,12,0.7977,casual,neutrals,all_season,0.4,poor,,facebook_marketplace
80798cdc-4524-4a71-a23c-19546665d0b7,c478b22d-07af-41be-8f98-894118c00a8b,jacket,10-09-2025,8050,6660,,FALSE,,,460,1,3,0.0017,casual,pastels,winter,0.42,good,0.66,facebook_marketplace
fab78440-57b7-49f5-84e6-de34e6334c5b,,formal_shirt,12-09-2025,5820,1110,,FALSE,,,200,32,3,0.0548,formal,pastels,all_season,0.45,new_with_tags,,facebook_marketplace
c6cc07fe-8325-4828-9f31-e278de8cd55d,40cdd832-99d3-4fe4-9926-56e9cb48e2f9,skirt,11-09-2025,2985,440,,FALSE,,,277,41,0,0.0683,casual,pastels,all_season,0.4,new_with_tags,0.94,facebook_marketplace
23ff6676-8dd8-4bdd-ba9e-897f863fe888,,anarkali,22-07-2025,5545,5545,5540,TRUE,97,0.9991,2092,15,4,0.0258,bridal,neutrals,festive,0.9775,new_with_tags,,facebook_marketplace
13eff579-bf95-4590-9c43-7571905415bd,da6c10d5-1813-49bb-a209-9d0377edf138,activewear,13-01-2026,4900,1810,,FALSE,,,18,30,1,0.0503,casual,pastels,all_season,0.4,poor,0.25,facebook_marketplace
46af1111-ebde-4a09-8c6e-618527273bae,6dee758e-f9f1-48b1-a2d2-a15000a4f565,shorts,08-12-2025,2690,2290,,FALSE,,,161,35,2,0.0583,athleisure,neutrals,summer,0.665,like_new,0.89,facebook_marketplace
5620396f-2914-455a-8139-4f5f19f7da25,,coat,13-07-2025,9620,7270,,FALSE,,,441,6,3,0.0105,casual,brights,winter,0.42,good,,facebook_marketplace
b4cdc399-24e7-4adc-886d-0171b6d84e82,2b6cea77-802d-4cc3-b299-159e1a0a2991,saree,11-04-2026,14100,6390,5650,TRUE,45,0.4007,6821,131,9,0.2183,ethnic,pastels,festive,0.8625,like_new,0.76,facebook_marketplace
cc3f3c37-02ed-43ce-b015-5d3df7313298,79190b55-16ce-4b76-8a25-772055210fa7,tshirt,08-11-2025,2520,1470,,FALSE,,,416,19,0,0.0317,minimal,darks,all_season,0.55,good,0.68,facebook_marketplace
a0d671e0-5f8c-4d83-8020-b88e4d105c44,9f15c140-9f5f-48be-b6cc-9ed95ad640f6,dress,26-03-2026,11790,4740,,FALSE,,,186,43,0,0.0783,formal,metallics,all_season,0.45,fair,0.51,facebook_marketplace
d0016a8e-47c2-4791-8eff-653dc02087dc,,formal_shirt,23-02-2026,5820,2330,,FALSE,,,259,19,2,0.0325,formal,prints,all_season,0.45,new_with_tags,,facebook_marketplace
e1798245-5c49-4263-91c5-86e5a838095e,,kurta,03-08-2025,7060,3290,3040,TRUE,30,0.4306,1892,160,13,0.2676,"ethnic,bridal",darks,festive,0.92,good,,facebook_marketplace
d16a261d-2a46-40ce-8bc5-668fe46a6147,8ee35af5-3583-4701-9b54-3038df2eec0f,formal_shirt,06-08-2025,5620,2760,,FALSE,,,134,16,1,0.0274,"officewear,formal",neutrals,all_season,0.45,good,0.68,facebook_marketplace
3d5b52ce-f8fb-45ed-be75-74d7e5343f52,4749221b-7b64-45fd-9141-d7565d1c94af,jeans,12-11-2025,2320,1260,,FALSE,,,293,40,3,0.0669,minimal,metallics,all_season,0.55,good,0.71,facebook_marketplace
9c4bdb03-5e90-469e-a219-f7c0395ef39f,,formal_shirt,24-03-2026,5820,1390,1220,TRUE,115,0.2096,3322,570,3,0.976,formal,darks,all_season,0.45,like_new,,facebook_marketplace
ce73459f-520c-41da-a2e1-42c7d6930cf0,,saree,08-03-2026,3930,3010,,FALSE,,,293,26,0,0.0433,ethnic,brights,festive,0.8625,new_with_tags,,facebook_marketplace
be96f37c-2ab1-41e4-860b-39dbfa666ec9,a9cbcdfb-e641-4738-8664-763f66fd823c,tshirt,08-06-2025,2520,2520,2190,TRUE,95,0.869,2194,260,7,0.4341,casual,pastels,all_season,0.4,like_new,0.83,facebook_marketplace
0e3e1e6a-a09e-4201-a7e5-4b21df05df78,,trousers,28-08-2025,13110,4320,4300,TRUE,6,0.328,5515,481,12,0.8166,casual,brights,all_season,0.4,fair,,facebook_marketplace
0b20c36f-49f5-439d-b4db-22fb7429bf34,dc6d9f1f-3e59-478d-b317-e703bf444b4d,anarkali,03-01-2026,5545,5060,4670,TRUE,100,0.8422,1958,508,13,0.8744,fusion,brights,festive,0.92,good,0.66,facebook_marketplace
f2132630-7c4a-469d-9cac-69480d85930a,,anarkali,10-12-2025,5545,5250,,FALSE,,,100,39,1,0.0671,ethnic,pastels,festive,0.8625,good,,facebook_marketplace
b9612c2a-95d0-40f9-be59-4f7a2f67e069,35ff1f99-68c0-4938-9d43-111e1c928ab3,shirt,12-12-2025,2670,2510,2510,TRUE,117,0.9401,2729,445,6,0.7479,casual,metallics,all_season,0.4,new_with_tags,0.91,facebook_marketplace
ddd52053-767d-464d-a351-b01baeffcba9,a2ab0039-8450-4ae5-ad78-f7d25b5eab4e,other,13-11-2025,4900,2180,,FALSE,,,394,32,2,0.0534,casual,metallics,all_season,0.4,good,0.65,facebook_marketplace
74730197-26ed-4faf-915a-d35ed1648d52,20395e29-8ac0-458c-a3df-4b76c4508ac7,trousers,15-11-2025,24060,2890,2500,TRUE,67,0.1039,3542,546,11,0.927,formal,darks,all_season,0.45,poor,0.15,facebook_marketplace
61687af1-97c1-4145-983e-833495842e54,,trousers,25-08-2025,6590,1770,,FALSE,,,228,41,0,0.0696,casual,brights,all_season,0.4,poor,,facebook_marketplace
c50db88e-3638-415e-9497-fbd8da3cb04c,22c2d9d7-665b-4169-8996-81f0b1e33215,skirt,04-09-2025,2985,1630,,FALSE,,,195,27,2,0.045,casual,darks,all_season,0.4,like_new,0.75,facebook_marketplace
5db29f50-eb93-4570-a3da-32e1957a8b25,,jacket,22-08-2025,8050,4570,4000,TRUE,17,0.4969,5637,174,10,0.29,casual,brights,winter,0.42,good,,facebook_marketplace
c7bcf61c-9e13-4dbf-95e2-e068b137d4eb,46be477e-e3a3-43c9-93ef-f867b1068821,lehenga,11-06-2025,2930,1720,,FALSE,,,430,0,3,0,ethnic,metallics,festive,0.8625,like_new,0.87,facebook_marketplace
17708b5d-08ff-4091-b6b0-81daf74b2c94,bbdddfb5-a766-46e3-b986-ba975ede1f24,tshirt,05-12-2025,4770,2070,,FALSE,,,323,1,3,0.0017,casual,metallics,all_season,0.4,good,0.55,facebook_marketplace
f3403e50-226e-4ebf-9100-1f3608485ee9,02cbfebf-bbd6-41c0-be3e-fbc6c236b22b,kurta,09-04-2026,2040,940,,FALSE,,,93,40,1,0.0669,"ethnic,bridal",prints,festive,0.92,good,0.63,facebook_marketplace
01df5511-ee09-496c-b60c-eca3aba7566a,ac1871a4-307d-463e-ba1f-10a43e1d55ac,anarkali,01-08-2025,9550,5010,,FALSE,,,449,1,2,0.0017,fusion,pastels,festive,0.92,good,0.65,facebook_marketplace
95e29d19-0047-4744-9590-d9ebd7630388,,other,29-07-2025,3250,2380,2070,TRUE,11,0.6369,6933,199,11,0.3322,casual,metallics,all_season,0.4,like_new,,facebook_marketplace
b3a87b8b-3da2-4b15-8597-f305d7b42182,,kurta,28-03-2026,11900,6060,,FALSE,,,202,22,0,0.0368,ethnic,brights,all_season,0.75,like_new,,facebook_marketplace
ced907e8-36bb-4c95-b9b5-53a46aa4ae84,7b254473-ab7a-4329-ad3f-07d2e48d7df2,tshirt,15-04-2026,2520,560,560,TRUE,109,0.2222,4335,53,7,0.0885,casual,metallics,all_season,0.4,new_with_tags,0.98,facebook_marketplace
5c981cb6-9cce-4aef-adac-446b70962a5c,,activewear,18-08-2025,9070,2180,,FALSE,,,489,9,2,0.0151,casual,darks,all_season,0.4,poor,,facebook_marketplace
69b51a30-db9a-4ada-a181-b72596853a01,,trousers,08-05-2026,6540,2650,,FALSE,,,174,39,0,0.0662,casual,prints,all_season,0.4,fair,,facebook_marketplace
d48ea999-0b56-4647-8fee-5454681859bc,,other,26-06-2025,3160,2520,,FALSE,,,359,31,2,0.0518,casual,darks,all_season,0.4,poor,,facebook_marketplace
a414e84b-423f-4c78-ac11-a6415e049914,c51c1ce6-06c0-45a6-ad32-b82342790969,dress,17-01-2026,5980,1950,,FALSE,,,362,12,0,0.0219,formal,metallics,all_season,0.45,good,0.61,facebook_marketplace
0d7f0b00-ab8e-465b-a753-316e6a71796e,,jacket,22-02-2026,8050,5190,,FALSE,,,237,40,1,0.0667,streetwear,metallics,all_season,0.65,like_new,,facebook_marketplace
20145058-ca6b-4e74-9b4a-695008a5164f,,jeans,25-07-2025,2480,1520,,FALSE,,,22,4,1,0.0067,streetwear,darks,all_season,0.65,new_with_tags,,facebook_marketplace
cf749260-9839-460b-9247-c60ec2a8587c,8029e70b-e2ce-4d01-92e5-3d1fb9156bd8,dress,09-09-2025,5980,1380,1320,TRUE,21,0.2207,5832,488,15,0.8889,minimal,prints,all_season,0.55,new_with_tags,0.96,facebook_marketplace
4a125c42-cea3-4dd4-aa6e-4e9e7282c79d,,shirt,29-08-2025,2670,930,,FALSE,,,114,26,3,0.0437,casual,metallics,all_season,0.4,good,,facebook_marketplace
f60b783b-4ec1-46f3-9122-d19ed93ad5b2,,other,09-12-2025,3850,2110,2050,TRUE,116,0.5325,1438,192,4,0.3205,casual,brights,all_season,0.4,good,,facebook_marketplace
0cbda659-777e-4923-8054-4fd6663c2f88,,activewear,10-11-2025,4900,990,970,TRUE,8,0.198,6475,148,11,0.2483,casual,metallics,all_season,0.4,good,,facebook_marketplace
e1914e40-b32a-477a-8983-7a152fd8c97e,,lehenga,19-05-2026,47700,25600,24720,TRUE,80,0.5182,3421,353,11,0.5913,"ethnic,bridal",brights,festive,0.92,good,,facebook_marketplace
787d9d2f-c9c5-4cc9-8d8d-74a822a18150,dbdd5509-d579-443f-8f7e-303d7c1ff8d8,tshirt,14-12-2025,2990,2200,2110,TRUE,98,0.7057,3206,349,12,0.5826,streetwear,brights,all_season,0.65,like_new,0.88,facebook_marketplace
f3d2b4b2-cf48-482b-90ac-9e31b560d763,,saree,12-08-2025,14100,5600,,FALSE,,,457,6,1,0.01,ethnic,prints,festive,0.8625,poor,,facebook_marketplace
38bd503c-177d-4498-8d61-7e69b3b5b5d6,,skirt,20-05-2026,730,380,,FALSE,,,447,28,1,0.0467,boho,brights,all_season,0.5,like_new,,facebook_marketplace
e5bb6d25-4e03-4667-bbf2-e49a4d62f22f,6c21867e-e0aa-43bb-a00e-a83aeb4ccf34,formal_shirt,11-02-2026,16590,4740,4320,TRUE,12,0.2604,629,579,2,0.9914,formal,pastels,all_season,0.45,fair,0.44,facebook_marketplace
50f2705d-aaa6-4331-88dc-d6815ff5e800,,dupatta,21-12-2025,6070,2800,2560,TRUE,34,0.4217,7789,524,14,0.8748,"ethnic,bridal",metallics,festive,0.92,good,,facebook_marketplace
11cd7ee7-34fd-43c9-8d24-99abe209baca,56b0a090-fe86-4f68-b546-f8b38ba782ba,formal_shirt,19-04-2026,5820,2430,,FALSE,,,112,42,1,0.0719,"officewear,formal",pastels,all_season,0.45,like_new,0.86,facebook_marketplace
2168329d-1978-4a29-8afa-cae8bbac3ee4,,other,01-01-2026,3160,1630,1570,TRUE,10,0.4968,7813,308,2,0.5142,casual,pastels,all_season,0.4,like_new,,facebook_marketplace
802e6a97-0d4a-4e29-9e45-17c2b0ec1cb1,e3e9c969-47a9-40cf-8221-482f01baf661,blouse,15-07-2025,7880,3030,2800,TRUE,48,0.3553,1642,226,13,0.3786,ethnic,metallics,festive,0.8625,new_with_tags,0.99,facebook_marketplace
d0aeb0a1-8bf3-41f4-8d89-f0d1dd5b0d3e,,formal_shirt,13-03-2026,4950,2320,2150,TRUE,4,0.4343,1790,169,6,0.2894,formal,metallics,all_season,0.45,good,,facebook_marketplace
228b13e4-229a-4318-81f6-15a900c66b18,4d7c409c-d35b-45e1-a9b9-08e86b7b604d,jeans,04-09-2025,4800,1980,1820,TRUE,43,0.3792,1991,266,3,0.4448,"casual,streetwear",prints,all_season,0.525,fair,0.46,facebook_marketplace
7c349346-d04a-43ee-be42-ce6fc257b3ad,,trousers,11-07-2025,12850,5310,,FALSE,,,439,26,3,0.0441,formal,prints,all_season,0.45,good,,facebook_marketplace
f33d19be-c95f-49af-a1ca-41550d06d8d1,,coat,21-03-2026,9620,4650,,FALSE,,,431,36,1,0.063,casual,darks,winter,0.42,good,,facebook_marketplace
151015a9-27fa-495e-ad8a-eb66d7bff152,142b5ec3-224c-4f81-bb58-cee51e277f00,shorts,05-12-2025,3230,1290,,FALSE,,,37,23,1,0.0383,athleisure,brights,summer,0.665,fair,0.45,facebook_marketplace
6c6e5ab7-c319-43be-9481-a9cf727ef991,,trousers,26-12-2025,5970,1850,,FALSE,,,444,2,1,0.0034,officewear,darks,all_season,0.45,new_with_tags,,facebook_marketplace
3c970cda-aafb-4254-9fe1-7bc00efa60a6,,shirt,08-08-2025,8720,1640,,FALSE,,,97,19,3,0.0319,casual,neutrals,all_season,0.4,poor,,facebook_marketplace
60c07ffa-8067-4600-aaa9-3118a07e40e5,,other,16-06-2025,2170,650,640,TRUE,97,0.2949,250,499,12,0.8331,casual,neutrals,all_season,0.4,fair,,facebook_marketplace
261b96f8-0e46-4264-8d6a-ce06316f4677,,jeans,21-08-2025,2480,800,,FALSE,,,361,19,1,0.0318,minimal,neutrals,all_season,0.55,poor,,facebook_marketplace
b550d2e8-5b10-4eb4-b6cd-64c9a6464cd2,,dress,23-06-2025,5980,4200,4140,TRUE,93,0.6923,3064,248,11,0.4517,fusion,prints,all_season,0.8,new_with_tags,,facebook_marketplace
20e15736-e88d-4f4b-a2f7-1040b1fcb1c5,,jacket,25-01-2026,8050,8050,,FALSE,,,255,44,1,0.0733,casual,metallics,winter,0.42,like_new,,facebook_marketplace
00c93838-71b3-428b-b010-d1f70b1bc0a2,,dupatta,12-06-2025,6070,3870,,FALSE,,,197,14,0,0.0234,fusion,darks,festive,0.92,good,,facebook_marketplace
70b138be-0eeb-45bb-bff1-fe8ff088daf7,c91ad493-5b89-40d2-83a9-c4b6151fd83b,saree,29-09-2025,14100,14100,13000,TRUE,95,0.922,6927,499,2,0.8317,"ethnic,bridal",metallics,festive,0.92,like_new,0.75,facebook_marketplace
4622ea19-8fb0-4014-8c0b-b42f98589536,,dress,25-05-2026,5980,3510,,FALSE,,,297,15,1,0.0273,minimal,pastels,all_season,0.55,like_new,,facebook_marketplace
1d46cf7b-eeb4-4685-9ef3-66617abd8952,,kurta,20-05-2026,7060,4570,4470,TRUE,68,0.6331,4213,504,15,0.8428,ethnic,neutrals,festive,0.8625,like_new,,facebook_marketplace
fc14eac2-b308-4ea0-82f7-de46eb9ca349,,other,05-02-2026,1790,1290,,FALSE,,,130,37,3,0.0618,casual,metallics,all_season,0.4,like_new,,facebook_marketplace
42964877-2735-410f-b499-83669ea4c0ef,,tshirt,15-04-2026,2950,1300,,FALSE,,,177,21,2,0.0351,casual,brights,all_season,0.4,fair,,facebook_marketplace
97e3cc6e-8516-44af-9123-6ea2256ceda5,4a28e042-83e1-40ee-aae3-6466712fcb0d,skirt,12-09-2025,2985,2730,,FALSE,,,253,5,1,0.0083,fusion,neutrals,all_season,0.8,fair,0.42,facebook_marketplace
3462a6e5-c914-4f3f-9ec0-8db22d3892a2,4dfca355-a4bf-4d26-aa8b-06065956dd1c,formal_shirt,25-07-2025,5820,5090,,FALSE,,,158,35,3,0.0599,formal,pastels,all_season,0.45,new_with_tags,0.94,facebook_marketplace
d6b7dae5-1545-48d8-a331-261ae178d6ab,,tshirt,07-12-2025,20040,2730,2480,TRUE,82,0.1238,736,49,2,0.0818,casual,pastels,all_season,0.4,poor,,facebook_marketplace
7694a670-1fe7-4205-bc4e-1aff5ad21f65,,jacket,03-02-2026,5870,2910,,FALSE,,,269,33,0,0.055,casual,brights,winter,0.42,good,,facebook_marketplace
fb5bd1c2-19dd-494f-be1c-5366ed32c1e6,e55f5098-3482-4905-bb64-09d26d9a09cc,kurta,12-04-2026,7060,2970,,FALSE,,,477,32,3,0.0535,ethnic,brights,festive,0.8625,new_with_tags,0.96,facebook_marketplace
513cade2-1817-417a-be94-ae8c278e778a,,saree,05-04-2026,14100,14100,,FALSE,,,298,36,3,0.06,ethnic,pastels,festive,0.8625,fair,,facebook_marketplace
fd229c94-fa0b-451e-9da9-6a1a61f292b5,,jeans,02-08-2025,25990,2710,2370,TRUE,90,0.0912,992,316,8,0.5284,"casual,streetwear",brights,all_season,0.525,poor,,facebook_marketplace
aa356684-c334-46d1-a779-1ebe891e1816,,blazer,11-11-2025,5765,2890,,FALSE,,,344,23,2,0.0389,formal,neutrals,all_season,0.45,poor,,facebook_marketplace
3c3d2e07-711d-4641-984e-0ec46f8aafcc,,activewear,28-08-2025,4900,1640,1420,TRUE,45,0.2898,4909,474,9,0.7953,casual,prints,all_season,0.4,good,,facebook_marketplace
81fd9ab7-f700-41ac-949e-50462bebfcd9,,lehenga,19-03-2026,9470,9470,,FALSE,,,265,7,2,0.0117,"ethnic,bridal",neutrals,festive,0.92,fair,,facebook_marketplace
401e737f-fbd9-4441-b1cb-58da4ccd7b8d,,jeans,15-08-2025,2020,650,,FALSE,,,49,33,2,0.0552,streetwear,darks,all_season,0.65,fair,,facebook_marketplace
6cdcb79e-4190-4122-bbbd-a578bb102ba8,e0f053ec-4f54-4201-939c-b1383f95884d,saree,12-09-2025,19150,5320,,FALSE,,,399,15,3,0.025,ethnic,brights,festive,0.8625,poor,0.15,facebook_marketplace
6e0c3f34-9b38-42b0-b721-6897ac4d80b9,99c6d0da-b6bc-466d-9cdf-a28af9051c51,jacket,26-07-2025,9510,7000,6840,TRUE,22,0.7192,5104,284,3,0.4733,casual,brights,winter,0.42,new_with_tags,0.92,facebook_marketplace
3fc9378f-cd97-4fe4-ae43-91a71c75baaf,,anarkali,15-03-2026,15380,6300,,FALSE,,,142,22,3,0.0379,ethnic,metallics,festive,0.8625,good,,facebook_marketplace
a5c67dce-d99c-4239-af9e-dcd88772fe90,4710d019-e942-4bc7-a101-550be45e0229,tshirt,13-06-2025,2520,1330,1230,TRUE,70,0.4881,1486,165,12,0.2755,casual,pastels,all_season,0.4,like_new,0.86,facebook_marketplace
158c2de1-b003-4343-847a-9938f36e155a,,saree,24-10-2025,10550,5510,5460,TRUE,77,0.5175,2119,59,9,0.0983,ethnic,brights,festive,0.8625,like_new,,facebook_marketplace
cd132548-5e05-4d4c-b00e-644fd3f30a27,,tshirt,21-10-2025,2520,2520,,FALSE,,,482,17,0,0.0284,"athleisure,casual",brights,all_season,0.55,new_with_tags,,facebook_marketplace
4370734d-5798-4a45-abbb-981c890aada6,617a3d17-9bc7-4d4d-b29a-56e78fb6c6fb,jeans,01-11-2025,2480,2240,,FALSE,,,304,32,3,0.0535,"casual,minimal",darks,all_season,0.475,good,0.6,facebook_marketplace
b5dc32dd-a6a8-4272-96eb-c237d55bf138,,kurta,17-07-2025,7060,2340,,FALSE,,,48,28,0,0.0468,ethnic,darks,all_season,0.75,good,,facebook_marketplace
8dde04af-5611-49b5-ba08-a43aa6af15e8,02024c5d-d18b-4fd8-86e0-5746ee9b6b99,other,03-01-2026,3160,1310,,FALSE,,,387,7,3,0.0117,casual,prints,all_season,0.4,poor,0.21,facebook_marketplace
9aac1241-d8ba-4a44-b9df-f9653e3c4999,,trousers,13-01-2026,5970,2300,,FALSE,,,15,11,0,0.0187,formal,pastels,all_season,0.45,fair,,facebook_marketplace
f67fd32f-55e4-43c4-8909-a9e74fa78500,2bc4477f-e78f-419f-b0eb-c7606c27e18a,other,11-10-2025,3160,2520,,FALSE,,,34,33,2,0.0551,casual,neutrals,all_season,0.4,like_new,0.82,facebook_marketplace
c362b95c-61ec-4153-b9c1-a7dc4915a914,,saree,20-08-2025,14100,1150,,FALSE,,,123,17,2,0.0283,ethnic,neutrals,festive,0.8625,new_with_tags,,facebook_marketplace
8c0553ab-b190-4aa4-b9dd-b47657753bc5,,jeans,01-09-2025,2480,800,,FALSE,,,443,20,0,0.0334,minimal,neutrals,all_season,0.55,new_with_tags,,facebook_marketplace
4efc4b01-d9a7-4fbe-b2a5-50b500928106,aace533c-7f1d-4dd8-aac9-2aed19c3ce67,saree,22-08-2025,14100,4590,,FALSE,,,242,0,2,0,ethnic,darks,festive,0.8625,like_new,0.85,facebook_marketplace
adf2ff50-ec36-4292-b450-8050426a0796,,coat,19-02-2026,9620,1580,,FALSE,,,314,43,2,0.0753,casual,neutrals,winter,0.42,like_new,,facebook_marketplace
0f483e08-3bc0-412c-ad9a-7b4eb6d41311,,sweater,19-02-2026,11165,4160,3700,TRUE,108,0.3314,4638,577,15,0.9665,casual,brights,winter,0.42,fair,,facebook_marketplace
bd3574f4-9ede-463e-8b5a-af29c0fe5612,,lehenga,14-11-2025,8210,6360,,FALSE,,,470,10,0,0.0168,ethnic,neutrals,festive,0.8625,new_with_tags,,facebook_marketplace
5e88deb1-1f09-4605-b23a-43cef1f8ff90,,formal_shirt,15-04-2026,5820,870,,FALSE,,,112,3,1,0.0051,"officewear,formal",metallics,all_season,0.45,like_new,,facebook_marketplace
1b7c354a-8b7a-48ed-9dce-7363abadd374,,jacket,24-09-2025,8050,3920,3530,TRUE,25,0.4385,1697,497,13,0.8283,casual,pastels,all_season,0.4,new_with_tags,,facebook_marketplace
52ebce3c-abf2-41fd-91b5-1a0434d304cb,,anarkali,03-07-2025,5545,5545,4960,TRUE,26,0.8945,4789,552,10,0.9501,bridal,prints,festive,0.9775,fair,,facebook_marketplace
b0e1d109-7f6b-4db4-80b6-9afc1d3e4f52,,shorts,28-01-2026,2690,1180,1120,TRUE,12,0.4164,1042,346,11,0.5767,casual,pastels,summer,0.38,poor,,facebook_marketplace
4068873c-a0f1-4a3c-b582-bd93d4f5169f,,lehenga,25-08-2025,6540,5680,5580,TRUE,90,0.8532,5254,393,12,0.6583,ethnic,darks,festive,0.8625,new_with_tags,,facebook_marketplace
0d7514a6-90e9-4ca6-8bce-6126a741ff2c,761d16c6-bf1f-44ef-88bb-79ac750f06de,jeans,21-01-2026,2480,490,,FALSE,,,15,31,0,0.0518,casual,metallics,all_season,0.4,good,0.68,facebook_marketplace
689783c4-48be-457e-890b-4d95f74ba205,,shirt,11-11-2025,2670,1820,,FALSE,,,21,25,3,0.042,"casual,streetwear",neutrals,all_season,0.525,new_with_tags,,facebook_marketplace
9c1256be-6df4-47dd-9cc9-0c6203e4539c,,saree,10-02-2026,5960,4600,3970,TRUE,12,0.6661,1851,145,7,0.2417,ethnic,metallics,festive,0.8625,new_with_tags,,facebook_marketplace
07247d70-3bc5-490c-b468-2e8764306bc8,75f44788-1b99-49c2-8847-33dfd34feb25,other,18-05-2026,4750,2630,,FALSE,,,129,17,3,0.0284,casual,neutrals,all_season,0.4,good,0.61,facebook_marketplace
fee3c33d-4e85-4a45-94b0-98c8975b9893,fcaafe2e-2d2e-46cb-83a1-cf885043c07e,jacket,08-09-2025,2650,1570,1500,TRUE,87,0.566,2830,357,6,0.595,casual,neutrals,winter,0.42,good,0.69,facebook_marketplace
6f39bf8b-8ddd-4771-8c2c-629d214f7dbf,1e697afc-a383-479f-81b6-f858aed34a58,jacket,13-10-2025,8050,7910,7420,TRUE,110,0.9217,6660,462,11,0.77,casual,darks,winter,0.42,like_new,0.85,facebook_marketplace
e5aba86a-3b43-49ee-b767-47954a9c7728,c782a868-e417-4dc1-b880-93e75ab63af1,trousers,21-10-2025,5970,2700,,FALSE,,,443,16,0,0.0272,minimal,brights,all_season,0.55,like_new,0.78,facebook_marketplace
0e35191f-01e9-42c8-adb4-d5ca42f11591,,tshirt,21-06-2025,2520,710,,FALSE,,,202,23,2,0.0384,athleisure,darks,all_season,0.7,good,,facebook_marketplace
c1a6b684-4774-4414-8cac-477888daa8e5,,jeans,10-11-2025,2480,1860,1640,TRUE,67,0.6613,1113,586,13,0.9799,"casual,streetwear",pastels,all_season,0.525,good,,facebook_marketplace
16d5732b-7211-426a-89dd-1162a658362f,08d120c2-c70f-4d99-a3a4-a3ff4a2e6b1d,saree,21-10-2025,14100,11000,,FALSE,,,324,39,1,0.065,bridal,metallics,festive,0.9775,new_with_tags,0.93,facebook_marketplace
9a7fe339-2d26-47b2-b649-b740821de334,,blazer,07-05-2026,5765,910,870,TRUE,94,0.1509,7227,366,1,0.6182,casual,neutrals,all_season,0.4,good,,facebook_marketplace
df95e852-a009-43c5-9427-5b66197b4735,d912dc08-c947-4831-80a4-118fdb1674c1,kurta,12-03-2026,7060,3480,3290,TRUE,12,0.466,3580,377,7,0.6304,fusion,prints,all_season,0.8,good,0.58,facebook_marketplace
95a80e70-b022-49a0-b3f5-9c4f2e8c9e0a,,trousers,22-02-2026,5970,4830,,FALSE,,,412,36,3,0.0611,casual,metallics,all_season,0.4,like_new,,facebook_marketplace
07f231f9-e62e-4cd1-801d-8d1d3014e676,,trousers,12-08-2025,5970,4830,4800,TRUE,37,0.804,6927,245,4,0.416,formal,metallics,all_season,0.45,new_with_tags,,facebook_marketplace
30d01fe5-ceff-488d-923e-c76b8b93ff2a,,other,20-02-2026,3160,2180,,FALSE,,,38,28,1,0.0467,casual,brights,all_season,0.4,new_with_tags,,facebook_marketplace
5afdc51d-e6b3-466f-a53f-09c7d33653e8,,tshirt,21-11-2025,2520,1950,1740,TRUE,53,0.6905,4541,188,13,0.3139,casual,brights,all_season,0.4,new_with_tags,,facebook_marketplace
2dedaa9f-b8dc-40be-9cd1-6cedb710bec6,,saree,12-09-2025,14100,2010,,FALSE,,,428,33,1,0.055,"ethnic,bridal",darks,festive,0.92,like_new,,facebook_marketplace
693f90f3-f3e3-4858-8679-395fce91bd3d,311af805-7ea0-4e27-90e3-0ceff1f0457c,other,02-04-2026,5140,2710,,FALSE,,,30,28,2,0.0467,casual,brights,all_season,0.4,good,0.72,facebook_marketplace
104acf57-3770-4414-bccb-300d7f7827d2,,tshirt,05-02-2026,2440,980,,FALSE,,,391,21,0,0.0351,"casual,streetwear",neutrals,all_season,0.525,good,,facebook_marketplace
862ee8df-a5e3-44c6-afc3-a745f9d8c294,151fe45a-f57d-45ed-a884-9e913fc4c124,activewear,24-03-2026,4900,3130,2770,TRUE,108,0.5653,897,17,15,0.0285,casual,prints,all_season,0.4,poor,0.2,facebook_marketplace
c7951005-e33c-4419-9e68-7b46cd0bdd2d,,activewear,25-03-2026,4900,1210,,FALSE,,,410,17,0,0.0285,athleisure,pastels,all_season,0.7,new_with_tags,,facebook_marketplace
be7d657f-fd8b-4e4e-9ed4-c1efb97fad0b,9eb41892-5ce4-4801-806c-133ec86e032f,saree,03-08-2025,23280,17200,15690,TRUE,99,0.674,6527,29,3,0.0483,bridal,neutrals,festive,0.9775,like_new,0.76,facebook_marketplace
b3939508-a1d2-4a48-a4a9-d1691890d413,,sweater,26-04-2026,11165,8790,,FALSE,,,434,41,2,0.0687,casual,pastels,winter,0.42,like_new,,facebook_marketplace
4980f5d3-0e46-4eb4-9dac-b0ae332f8667,,shirt,24-06-2025,2670,1000,,FALSE,,,233,26,0,0.0437,officewear,neutrals,all_season,0.45,good,,facebook_marketplace
eee484fd-7e33-40d0-b94c-d87bee180576,428833a9-dd7c-4c16-9949-5885cb0d8af1,shorts,22-03-2026,2690,2080,1850,TRUE,8,0.6877,2242,483,14,0.805,casual,neutrals,summer,0.38,poor,0.31,facebook_marketplace
ded37136-0a41-49f1-b9b8-c507d517a387,2efe8b0f-d26c-4601-b673-4fe92c30c458,shirt,10-12-2025,1810,1320,1250,TRUE,119,0.6906,3800,436,3,0.7328,"casual,minimal",brights,all_season,0.475,new_with_tags,0.9,facebook_marketplace
913a1e32-a31b-440e-bf43-dd753b45c229,,trousers,05-04-2026,5970,1360,1270,TRUE,61,0.2127,3668,286,13,0.4856,formal,pastels,all_season,0.45,new_with_tags,,facebook_marketplace
a0924079-3c19-4a91-9693-cd1ae93510aa,,anarkali,02-06-2025,5545,3960,,FALSE,,,387,38,2,0.0654,bridal,neutrals,festive,0.9775,poor,,facebook_marketplace
7b4dbcfe-1ad4-4668-bb67-3a41f71edfdb,,shirt,20-05-2026,2670,2160,2090,TRUE,37,0.7828,5660,61,5,0.1025,"casual,minimal",metallics,all_season,0.475,like_new,,facebook_marketplace
fbe97795-9ba9-4873-a2b4-e3badb13f143,7fed3dec-cd15-4b25-a70a-b194504ea47e,shorts,01-01-2026,3380,2430,2410,TRUE,47,0.713,5744,320,4,0.5333,athleisure,pastels,summer,0.665,like_new,0.81,facebook_marketplace
754f0807-4059-4677-8fda-ac5b42ffa52e,,shirt,08-09-2025,2670,1690,,FALSE,,,5,37,1,0.0622,officewear,pastels,all_season,0.45,new_with_tags,,facebook_marketplace
b8b1b70b-fef7-4de5-bad8-1f722f2bbed4,15b44a68-3b36-4084-9a4c-2b44fd79c832,shorts,16-02-2026,2690,900,810,TRUE,43,0.3011,6957,23,1,0.0383,casual,brights,summer,0.38,poor,0.29,facebook_marketplace
1f57968c-a62f-4a5f-a6e4-31d4a2faae32,,shorts,09-01-2026,2690,1690,1560,TRUE,30,0.5799,6180,523,15,0.8717,casual,brights,summer,0.38,fair,,facebook_marketplace
81756451-7413-4057-b6d3-b344af473e6d,a43fce2c-b1dd-4942-a422-2e6d380728ec,dress,22-11-2025,5980,3580,,FALSE,,,493,13,1,0.0237,officewear,prints,all_season,0.45,good,0.59,facebook_marketplace
88a09492-0508-431b-9af4-6c4f802ce1b2,2f954392-a15d-4d43-99c3-54a55099e3ef,kurta,16-11-2025,7060,4400,,FALSE,,,442,45,0,0.0753,ethnic,darks,all_season,0.75,good,0.57,facebook_marketplace
a7e7c1dc-fa6c-4c66-ab02-e4461d85cab0,fd2a7e72-76d3-4604-a802-1c6ea44e926e,jeans,21-04-2026,2480,2480,2440,TRUE,28,0.9839,1907,127,1,0.2124,"casual,streetwear",prints,all_season,0.525,like_new,0.76,facebook_marketplace
0fb38a94-94f7-40e9-a86f-9b183c94da9a,5f2f9ddf-a78c-434e-aa8c-9e86a485a0d8,tshirt,25-12-2025,2520,1120,,FALSE,,,201,21,1,0.0351,casual,metallics,all_season,0.4,poor,0.22,facebook_marketplace
a95d6cb6-30fa-4335-803a-58e1dcd4f1fd,,dupatta,28-03-2026,6070,4350,,FALSE,,,490,0,3,0,ethnic,neutrals,festive,0.8625,new_with_tags,,facebook_marketplace
a7be7010-6e06-4eba-a696-97eaf88dfed5,4f8897b6-15d2-4a72-aac0-b00ce7565c0c,dress,04-04-2026,3130,1690,,FALSE,,,16,32,0,0.0583,fusion,brights,all_season,0.8,like_new,0.79,facebook_marketplace
a585cfa8-033b-4b5f-a031-eb18e4710db1,,sweater,24-12-2025,17310,6030,,FALSE,,,284,33,0,0.0553,minimal,neutrals,winter,0.5775,fair,,facebook_marketplace
29ba4060-13c8-4494-a92a-f0e19ce54a28,e280dea1-ff87-450a-901f-93a8283e9f42,tshirt,09-06-2025,5830,2460,2170,TRUE,83,0.3722,2374,255,5,0.4257,streetwear,neutrals,all_season,0.65,good,0.62,facebook_marketplace
39a13e9b-4042-4ef1-a397-63466950205e,,shirt,05-08-2025,2670,2340,,FALSE,,,468,45,3,0.0756,casual,metallics,all_season,0.4,good,,facebook_marketplace
1136b2c8-ba2a-4eb6-8aeb-6404e86b81b6,,formal_shirt,09-09-2025,10840,5210,,FALSE,,,287,28,2,0.0479,formal,prints,all_season,0.45,good,,facebook_marketplace
62c55e3e-0dbf-4309-9e9c-6c8278cae314,1f582b99-c358-45fc-b80c-eeaa0e5058c7,shirt,14-06-2025,2670,510,,FALSE,,,332,37,1,0.0622,casual,darks,all_season,0.4,poor,0.21,facebook_marketplace
d2219ce4-a2e7-480c-94b7-452bac1cb4c4,6469b235-3402-4e08-a207-695637186687,shorts,13-02-2026,4880,860,,FALSE,,,410,26,1,0.0433,casual,metallics,summer,0.38,poor,0.24,facebook_marketplace
422a6d06-cafd-48ff-b90a-67c18cbd2ec9,,jacket,19-01-2026,8050,4340,,FALSE,,,123,11,3,0.0183,casual,neutrals,winter,0.42,good,,facebook_marketplace
1a97fb77-0363-4ac9-bf86-e55168aae61d,6cb8d3af-eec2-457c-900b-d6424462331a,tshirt,22-02-2026,1200,810,,FALSE,,,78,3,1,0.005,casual,darks,all_season,0.4,like_new,0.79,facebook_marketplace
2d1ede93-731c-4350-a563-32ef726259e7,,activewear,17-12-2025,4900,1420,,FALSE,,,453,6,0,0.0101,athleisure,darks,all_season,0.7,good,,facebook_marketplace
4058d6b3-44a7-44a1-afe5-c9a6fa2f4753,,tshirt,07-07-2025,6740,1880,,FALSE,,,280,28,1,0.0467,"athleisure,casual",neutrals,all_season,0.55,fair,,facebook_marketplace
382e82b9-35ce-4374-b59f-5e14854a31f2,85a38394-521e-4638-bc6c-720ec5148557,anarkali,30-04-2026,5545,3040,2950,TRUE,88,0.532,6453,458,12,0.7883,"ethnic,bridal",darks,festive,0.92,good,0.64,facebook_marketplace
2840ea0c-f0f7-4d30-a070-bb811c0ac545,,formal_shirt,05-10-2025,5820,5130,5030,TRUE,59,0.8643,1320,350,9,0.5993,formal,neutrals,all_season,0.45,like_new,,facebook_marketplace
025c174f-6f02-4bd2-9625-ce93bc370f21,44337abf-c1ce-46f0-9657-37e420e9965a,trousers,18-11-2025,5970,1060,910,TRUE,81,0.1524,4924,457,10,0.7759,formal,prints,all_season,0.45,fair,0.35,facebook_marketplace
d1b93363-bc27-44dc-9da4-4847868f86fe,3ffd2d88-105c-48e3-bf29-69b895395a68,sweater,11-02-2026,11165,8120,,FALSE,,,354,16,3,0.0268,casual,brights,winter,0.42,like_new,0.83,facebook_marketplace
0331411c-f1b5-4b00-bf0e-0fd2d9900431,be5349bb-f52a-4952-a5c8-eaf3471e67f4,tshirt,26-10-2025,2520,2520,2320,TRUE,86,0.9206,6928,84,14,0.1402,athleisure,neutrals,all_season,0.7,fair,0.35,facebook_marketplace
c3f96e0d-6e8b-41eb-8766-395f38438e8a,ccb788d2-d098-4f53-9f3e-ef66fd56d0fa,activewear,22-05-2026,4900,1650,,FALSE,,,53,20,1,0.0336,casual,pastels,all_season,0.4,like_new,0.81,facebook_marketplace
ad95240c-d9fb-4315-b878-a4abb92393d7,362d55af-8609-4a9f-a61f-46cf6b134621,activewear,23-11-2025,4500,2480,,FALSE,,,93,11,2,0.0185,athleisure,brights,all_season,0.7,like_new,0.8,facebook_marketplace
e29847ec-b3b4-42a4-a0a0-a96b8a54cc22,,jacket,07-08-2025,8050,8050,,FALSE,,,319,1,1,0.0017,casual,neutrals,winter,0.42,new_with_tags,,facebook_marketplace
bb340779-04f4-4064-abe6-5fbb66035d1f,c8842ebb-b402-4c59-b366-61ce11406de7,other,19-07-2025,4010,2660,2550,TRUE,74,0.6359,2152,402,6,0.6711,casual,brights,all_season,0.4,like_new,0.78,facebook_marketplace
e3a1019a-6c10-4327-9bc3-22208deb8d10,c3e729bd-60c8-403d-8eca-5c5bff1fdf96,saree,15-08-2025,109930,32200,30810,TRUE,90,0.2803,5978,431,11,0.7183,bridal,pastels,festive,0.9775,poor,0.15,facebook_marketplace
e0432766-5c04-4dd1-82e8-b647e46f1958,,jeans,04-06-2025,2480,840,,FALSE,,,241,28,2,0.0468,minimal,prints,all_season,0.55,good,,facebook_marketplace
c3e10a5d-d05b-4834-b9ba-a955b060d477,,blouse,23-08-2025,7880,4490,,FALSE,,,313,11,2,0.0184,ethnic,darks,festive,0.8625,poor,,facebook_marketplace
e0aa4849-d9e9-4c94-98b4-c1af938ac9cd,,saree,18-01-2026,14100,14100,12600,TRUE,25,0.8936,484,552,4,0.92,bridal,pastels,festive,0.9775,fair,,facebook_marketplace
38ae29cb-013b-432d-944f-82c3b2be0e6c,319944fc-7f46-4a66-975f-8437d27001b8,kurta,04-05-2026,1260,1040,910,TRUE,89,0.7222,2179,129,9,0.2157,fusion,prints,all_season,0.8,new_with_tags,0.91,facebook_marketplace
c9587ae6-1cba-4d5e-b8c1-bf14b16885a0,ad7919f6-0286-449d-985a-b13cd14908b0,shorts,21-01-2026,2990,1470,,FALSE,,,63,12,3,0.02,casual,metallics,summer,0.38,good,0.65,facebook_marketplace
d19720aa-69c5-4026-9298-61c8170e5c77,,activewear,25-01-2026,4900,2240,,FALSE,,,148,28,1,0.047,athleisure,darks,all_season,0.7,poor,,facebook_marketplace
33eb9339-1166-481c-80cc-5998473ef8bf,,dupatta,27-04-2026,6070,1250,1220,TRUE,16,0.201,4742,165,4,0.2755,ethnic,brights,festive,0.8625,new_with_tags,,facebook_marketplace
a1c0b235-70b4-46c7-97f8-e29a811a73b4,1c8bbe0e-e81a-4f70-801e-a096df9a053a,saree,29-12-2025,14100,1540,,FALSE,,,125,20,0,0.0333,"ethnic,bridal",brights,festive,0.92,good,0.58,facebook_marketplace
c65fa8e4-68bd-43e7-bac5-64d6f70a0fc4,67e5b6f2-ce74-4e28-aea0-74218513a961,other,18-01-2026,2450,1380,,FALSE,,,221,19,0,0.0317,casual,metallics,all_season,0.4,like_new,0.77,facebook_marketplace
ef0d68f6-bbd4-48a5-bbe1-30eee8787be9,,formal_shirt,13-09-2025,2000,1440,,FALSE,,,476,20,3,0.0342,formal,pastels,all_season,0.45,new_with_tags,,facebook_marketplace
902b9a32-8b33-482d-923f-8dc443de6801,0ecaad36-5e12-4d07-86be-f3e56e796fa6,dress,05-01-2026,5980,5020,4840,TRUE,58,0.8094,265,98,11,0.1785,officewear,darks,all_season,0.45,good,0.57,facebook_marketplace
0c5d4a5b-00ed-41f4-92e8-dc7ac385b7c2,,sweater,14-08-2025,11165,4220,,FALSE,,,47,25,1,0.0419,casual,metallics,winter,0.42,poor,,facebook_marketplace
40706ae6-2903-4564-b881-e4eb39bdf1f3,,tshirt,29-03-2026,3880,1880,,FALSE,,,335,15,2,0.025,"casual,minimal",pastels,all_season,0.475,good,,facebook_marketplace
781d0922-2b6a-4eda-aac6-f34fbc49ed91,,shirt,04-04-2026,2670,2560,,FALSE,,,122,7,3,0.0118,casual,prints,all_season,0.4,good,,facebook_marketplace
d0869836-7ad2-42c9-ae30-e6bb8127db67,,shorts,21-10-2025,2690,2010,,FALSE,,,336,23,3,0.0383,athleisure,brights,summer,0.665,like_new,,facebook_marketplace
8ddbf308-3348-43f4-bee3-d2570bec0566,f4865142-7701-473f-a565-07e984143cb9,shorts,12-07-2025,2690,1190,,FALSE,,,199,10,0,0.0167,casual,pastels,summer,0.38,good,0.56,facebook_marketplace
7365f55b-06b2-42f5-96e5-9adcf8f76698,,blazer,18-05-2026,3080,1830,,FALSE,,,176,5,3,0.0084,casual,brights,all_season,0.4,like_new,,facebook_marketplace
d9e9e4cc-7463-4d51-8175-98ef2b4ae770,,jeans,06-12-2025,2480,1690,,FALSE,,,76,36,3,0.0602,minimal,darks,all_season,0.55,like_new,,facebook_marketplace
bd43b9cb-98bc-4217-8d36-c93202254e9e,,blazer,13-10-2025,5765,3630,,FALSE,,,107,26,2,0.0439,casual,darks,all_season,0.4,like_new,,facebook_marketplace
90e6eed1-f5ef-4175-9edb-9996a0cc2d2a,d6f45e06-d3e9-48a6-a769-00a021502c87,saree,29-09-2025,14100,14100,,FALSE,,,183,10,3,0.0167,ethnic,pastels,festive,0.8625,good,0.59,facebook_marketplace
be57de89-6f27-4a53-800d-b6698f82d9da,3babfc0f-c5e1-4de6-96a6-0db222efeb0c,dress,15-03-2026,3110,1920,1680,TRUE,39,0.5402,2137,125,14,0.2277,casual,pastels,all_season,0.4,like_new,0.83,facebook_marketplace
6df934cd-5123-4090-a012-a7011ffa291d,,activewear,11-01-2026,4900,2860,,FALSE,,,317,8,2,0.0134,athleisure,neutrals,all_season,0.7,fair,,facebook_marketplace
fb95ae65-fb7f-4268-a1ab-4a0db618fcfb,de10dc76-d399-4c74-8b53-63db3d4b61e1,saree,17-01-2026,28630,21100,19170,TRUE,37,0.6696,4983,310,6,0.5167,"ethnic,bridal",pastels,festive,0.92,new_with_tags,0.94,facebook_marketplace
df1a96c6-7774-4aa4-ace9-cebce3206604,ffeb588f-3258-4343-aa47-b0a44e679a6e,jeans,05-01-2026,13660,2520,,FALSE,,,361,2,0,0.0033,streetwear,darks,all_season,0.65,poor,0.34,facebook_marketplace
311d5668-ac52-4770-b8a3-2e96ce44a136,,anarkali,08-12-2025,5545,1900,1650,TRUE,103,0.2976,3504,581,14,1,ethnic,prints,festive,0.8625,poor,,facebook_marketplace
32347b3f-99ac-4862-b13c-98eededfeb65,,blouse,09-09-2025,7880,1120,,FALSE,,,240,18,1,0.0302,"ethnic,bridal",brights,festive,0.92,like_new,,facebook_marketplace
0752e934-9380-4d55-8298-0de2e90c6b78,,jacket,13-04-2026,8050,2110,1830,TRUE,73,0.2273,627,425,4,0.7083,casual,prints,winter,0.42,like_new,,facebook_marketplace
73902e58-aa99-423a-9736-2df10825a1a2,7b56cf59-1f40-47f3-b412-8bd762435ed7,jacket,15-10-2025,8050,8050,7070,TRUE,114,0.8783,5434,354,3,0.59,casual,pastels,winter,0.42,like_new,0.86,facebook_marketplace
db7efb2b-4263-470d-84c6-8311c5772a1d,aded2082-6634-4876-a631-94ed827c90fa,dress,29-03-2026,5980,800,680,TRUE,117,0.1137,599,289,11,0.5264,casual,brights,all_season,0.4,good,0.67,facebook_marketplace
daae159a-92e3-4097-8223-3e9894a69e16,,skirt,17-11-2025,2985,2170,,FALSE,,,465,36,3,0.06,boho,brights,all_season,0.5,good,,facebook_marketplace
294cfd4d-5368-49b6-b2b0-0fed439d5a4a,906623b5-af37-49ee-8d35-930d6a4372c8,formal_shirt,29-07-2025,5820,4870,,FALSE,,,388,0,1,0,"officewear,formal",brights,all_season,0.45,good,0.61,facebook_marketplace
31f7fede-1387-4b3a-8e6a-6b69b5d1622d,597f466a-5090-4422-8480-afeda378c5a0,dress,30-06-2025,5980,3270,2990,TRUE,9,0.5,2675,251,10,0.4572,casual,prints,all_season,0.4,fair,0.4,facebook_marketplace
efdea8cc-c50c-48dd-bcc1-cccbac1d7470,,trousers,16-10-2025,5970,5040,4330,TRUE,73,0.7253,470,374,2,0.635,officewear,brights,all_season,0.45,like_new,,facebook_marketplace
14bcf6bb-367c-4c51-baa9-fa429ac61044,,formal_shirt,21-07-2025,5820,1040,1020,TRUE,61,0.1753,6575,306,13,0.524,formal,prints,all_season,0.45,good,,facebook_marketplace
9a4a0b24-883c-4eae-ba8c-384bcc407f59,9684aa17-c89e-4fa3-b6d3-490b67c60e96,shorts,19-06-2025,2690,2600,2230,TRUE,117,0.829,6716,58,6,0.0967,athleisure,prints,summer,0.665,new_with_tags,0.98,facebook_marketplace
265c755a-d6fe-49cb-94b2-c06ae6598ddd,ccf59bbd-0f0d-425a-94c0-0f3b8f098521,shirt,09-02-2026,2670,1190,1050,TRUE,52,0.3933,3501,347,15,0.5832,"casual,officewear",pastels,all_season,0.425,fair,0.45,facebook_marketplace
637706f1-1263-47fd-baab-424a3f51a978,ab565598-76e0-4f19-8e10-a6726b381081,jeans,18-08-2025,2480,1520,1490,TRUE,62,0.6008,806,46,12,0.0769,streetwear,darks,all_season,0.65,like_new,0.83,facebook_marketplace
34e86b4c-3ff7-4be8-b6cc-bf4901ab4ce8,99d16834-ddbb-4568-ae71-dc94b09aa9bc,kurta,31-08-2025,7060,3940,,FALSE,,,238,23,1,0.0385,fusion,pastels,all_season,0.8,fair,0.44,facebook_marketplace
93529dca-2051-4281-b569-f8b447ae0331,96a575ef-a783-439d-914c-fad7631846dd,trousers,16-12-2025,5970,4930,,FALSE,,,19,8,0,0.0136,officewear,metallics,all_season,0.45,good,0.57,facebook_marketplace
0d8a59ba-d7fd-4b3b-a21e-48af3871abb1,,saree,15-04-2026,14100,6300,,FALSE,,,479,43,2,0.0717,ethnic,darks,festive,0.8625,fair,,facebook_marketplace
d5aa73ae-b880-452c-a1e7-d443e48c2fd4,bf29e33c-b8df-456c-aa02-78ed387b9d02,jacket,03-04-2026,8050,2210,2010,TRUE,61,0.2497,2971,403,13,0.6717,casual,pastels,winter,0.42,good,0.71,facebook_marketplace
16424a9d-d882-4bec-bb4d-8d836c739831,,trousers,19-04-2026,5970,1100,,FALSE,,,488,11,2,0.0187,formal,neutrals,all_season,0.45,like_new,,facebook_marketplace
537a6316-c1bd-4de9-b77d-83dbe8519001,,sweater,02-06-2025,11165,4160,,FALSE,,,361,21,3,0.0352,casual,brights,winter,0.42,like_new,,facebook_marketplace
a79c39b1-15bc-4745-9d4a-92aca4f9af34,,sweater,08-02-2026,14460,8170,7250,TRUE,40,0.5014,1448,595,13,0.9966,casual,darks,winter,0.42,like_new,,facebook_marketplace
16f25f09-c978-4139-8389-2f612b324c8f,8bb733b0-b947-423b-b93f-4538426c78ac,activewear,27-01-2026,4070,1380,1190,TRUE,53,0.2924,4955,175,14,0.2936,casual,prints,all_season,0.4,fair,0.45,facebook_marketplace
7777a75b-e495-4960-bc0e-df6a1db5e81a,ad2f8e69-b1a6-4893-a50e-d4de3c0d8688,trousers,12-10-2025,6510,3670,,FALSE,,,164,1,2,0.0017,formal,darks,all_season,0.45,good,0.57,facebook_marketplace
62929040-e7f6-472b-b588-0914fc1e140c,9d10423b-e520-4b95-a6fe-58ec71b84394,kurta,07-08-2025,7060,3830,3590,TRUE,74,0.5085,1364,498,8,0.8328,casual,neutrals,all_season,0.4,new_with_tags,0.93,facebook_marketplace
32a49029-5d90-4481-80aa-88cb58b183e1,9de90e94-25c0-4357-8741-63c739ec2a3f,coat,10-08-2025,9620,8210,,FALSE,,,14,24,1,0.042,casual,brights,winter,0.42,good,0.73,facebook_marketplace
e51abd38-67fd-4984-aa2e-3d4a07a98b23,,other,26-01-2026,7150,1880,,FALSE,,,139,45,1,0.0751,casual,neutrals,all_season,0.4,poor,,facebook_marketplace
04647372-cb22-45a0-b5ec-bd029505bb5a,a80f558f-5943-43d1-a4cd-28d3b840f94f,jeans,01-08-2025,4250,2020,,FALSE,,,442,24,1,0.0401,casual,neutrals,all_season,0.4,good,0.7,facebook_marketplace
2f38827e-56c0-489e-9114-e43386ba6a9f,6ce8d3ed-50c7-464b-a7c7-a3d4f984b09b,skirt,11-12-2025,2985,2440,,FALSE,,,78,16,1,0.0267,boho,darks,all_season,0.5,like_new,0.79,facebook_marketplace
b086bbbb-0a0e-43e7-8215-690d1df92e7d,,jeans,09-07-2025,2480,2450,,FALSE,,,372,18,0,0.0301,"casual,streetwear",metallics,all_season,0.525,fair,,facebook_marketplace
b20bad01-df60-456d-816f-b011b084a7da,394d82b2-83de-4224-aa82-11c70844f891,dupatta,23-04-2026,6070,6070,,FALSE,,,58,19,0,0.0317,"ethnic,bridal",neutrals,festive,0.92,like_new,0.85,facebook_marketplace
60ad9ee0-35b8-48d3-b055-449c05430d1f,260bc961-a973-431f-b1a4-8b4dbf448218,jacket,05-03-2026,19890,8470,7610,TRUE,102,0.3826,6325,41,13,0.0683,casual,brights,winter,0.42,fair,0.46,facebook_marketplace
e0f0a19d-7ad3-43a7-ad7f-bdbe9460cbef,,jeans,08-09-2025,3960,2300,1970,TRUE,93,0.4975,401,420,6,0.7023,streetwear,neutrals,all_season,0.65,like_new,,facebook_marketplace
4cb1f8a2-992d-4454-8088-b79ceccc5a77,a6376c47-880b-4db8-94e1-d91315aaaa00,tshirt,29-09-2025,3560,2640,,FALSE,,,441,39,2,0.0651,streetwear,neutrals,all_season,0.65,like_new,0.87,facebook_marketplace
2122f261-d79b-44b0-80b5-fbcae84b6080,,dress,23-08-2025,5980,5070,4370,TRUE,95,0.7308,1310,246,2,0.4481,formal,brights,all_season,0.45,fair,,facebook_marketplace
196a9be5-e57e-411f-9490-9ed19179e940,e4aa7a43-5ec3-4e78-9826-e9a3f6e9283f,blazer,20-03-2026,3790,2020,1790,TRUE,33,0.4723,3876,487,1,0.8226,casual,darks,all_season,0.4,good,0.63,facebook_marketplace
29be7bd7-200d-4a6b-b6e2-ac94a79c0ea5,d4d03c47-87c0-4ba9-9ea5-9b1cfa5d93f5,kurta,04-01-2026,7060,3780,3590,TRUE,80,0.5085,6078,350,2,0.5853,ethnic,prints,all_season,0.75,good,0.62,facebook_marketplace
08e0e4e2-126e-4284-b999-ed4bf2b97091,d54de342-7721-4134-9c54-7e2d48a5e941,tshirt,22-08-2025,8840,1010,980,TRUE,36,0.1109,7395,86,15,0.1436,"athleisure,casual",pastels,all_season,0.55,poor,0.23,facebook_marketplace
23219962-0375-4800-8f68-7ca1ec571bc0,,jeans,26-07-2025,2480,2440,2200,TRUE,58,0.8871,2015,580,5,0.9699,minimal,brights,all_season,0.55,like_new,,facebook_marketplace
0e67fef9-46fe-481a-a742-ed3f8ca8f849,,jacket,26-06-2025,8050,4220,,FALSE,,,264,9,1,0.015,casual,prints,winter,0.42,good,,facebook_marketplace
ef21d2a4-fc20-447f-b7d4-0d663fbb19bc,,shirt,28-10-2025,2670,1240,1160,TRUE,111,0.4345,3019,439,11,0.7378,casual,brights,all_season,0.4,poor,,facebook_marketplace
6f555a4e-c42d-4629-bd0c-d7991f91b9f7,804e779b-7d6a-4f1f-b9e6-e54024b6a577,sweater,02-02-2026,11165,6740,,FALSE,,,93,5,0,0.0084,casual,neutrals,winter,0.42,good,0.69,facebook_marketplace
54b20296-edc9-4652-a663-aec7c71118d3,,kurta,06-03-2026,7060,1060,910,TRUE,91,0.1289,4122,320,8,0.5351,fusion,neutrals,all_season,0.8,good,,facebook_marketplace
581a859e-8957-4c04-b688-dd4232116c31,c18b7478-6b72-463b-9065-2f03cfd6d4b5,jeans,27-06-2025,2480,1250,1070,TRUE,89,0.4315,7939,150,14,0.2508,streetwear,brights,all_season,0.65,new_with_tags,0.96,facebook_marketplace
50f7216b-36dd-46fb-bdd2-750167a209aa,bc2d086f-2ad2-4a3e-9a87-3d7ec28a1373,coat,12-02-2026,9620,3120,,FALSE,,,432,23,2,0.0403,casual,brights,winter,0.42,poor,0.22,facebook_marketplace
42a9516a-9ae1-49c7-9740-6f3404771a03,,coat,13-05-2026,11600,6370,6330,TRUE,36,0.5457,4670,89,12,0.1559,casual,neutrals,winter,0.42,good,,facebook_marketplace
77659067-5f14-4f85-bd0c-b07c176c05d3,,kurta,17-01-2026,5170,2710,2410,TRUE,108,0.4662,1885,220,9,0.3679,fusion,neutrals,all_season,0.8,good,,facebook_marketplace
4a46982a-1c98-409e-b407-fe6dea8a3a25,50a07e85-468d-459d-908f-79a75a2c166d,activewear,02-04-2026,8980,3650,,FALSE,,,411,32,1,0.0537,athleisure,prints,all_season,0.7,fair,0.36,facebook_marketplace
599a81a5-1fdf-4aa7-987d-24a00c372a2d,8f27de53-067f-4a2e-b967-1571edae8d9b,tshirt,18-04-2026,2520,1460,,FALSE,,,204,30,3,0.0501,casual,metallics,all_season,0.4,good,0.7,facebook_marketplace
b2d9135b-7016-4f75-9f3c-518edac01221,,coat,29-10-2025,9620,4710,4340,TRUE,23,0.4511,111,541,4,0.9475,casual,darks,winter,0.42,new_with_tags,,facebook_marketplace
62ea4ddb-17b6-4cec-a72b-f589d7bcaf8e,,coat,20-05-2026,9620,2390,,FALSE,,,454,5,1,0.0088,formal,darks,winter,0.4725,good,,facebook_marketplace
7d8f647e-bbe3-48bd-a5d1-0fc61eeb89be,,saree,17-05-2026,57580,44400,39330,TRUE,111,0.683,676,305,14,0.5083,ethnic,pastels,festive,0.8625,new_with_tags,,facebook_marketplace
bec2d3da-6e72-4a3e-96d2-2e95c31f4762,,formal_shirt,06-04-2026,5820,2550,2380,TRUE,10,0.4089,4318,203,7,0.3476,"officewear,formal",pastels,all_season,0.45,new_with_tags,,facebook_marketplace
a61f2b04-6951-469f-ad26-66efa5981eb3,,trousers,03-09-2025,5670,3400,,FALSE,,,196,42,2,0.0713,officewear,neutrals,all_season,0.45,good,,facebook_marketplace
17f60a58-5f39-4fab-a955-6446b5870d83,,shorts,28-09-2025,2690,610,,FALSE,,,465,37,1,0.0617,casual,neutrals,summer,0.38,fair,,facebook_marketplace
777a1519-22f7-4984-b2e6-ec2f9ce90389,,jeans,27-05-2026,3060,1940,,FALSE,,,480,43,2,0.0719,casual,prints,all_season,0.4,like_new,,facebook_marketplace
69a75925-9f32-44a3-adc5-02f2dc0ec895,,blouse,27-04-2026,7880,4760,,FALSE,,,178,39,0,0.0653,ethnic,neutrals,festive,0.8625,like_new,,facebook_marketplace
88e8567f-60f3-44e0-bd8f-e3cb802ec607,,saree,07-07-2025,59490,39500,,FALSE,,,437,12,3,0.02,bridal,darks,festive,0.9775,like_new,,facebook_marketplace
47c94a11-e53f-4388-8ef7-5e8b1f0a063b,,saree,14-01-2026,14100,14100,,FALSE,,,239,4,0,0.0067,bridal,neutrals,festive,0.9775,fair,,facebook_marketplace
330c9138-14d5-40c7-95ad-af530429710a,,jacket,18-04-2026,9910,2750,,FALSE,,,457,14,0,0.0233,casual,metallics,winter,0.42,poor,,facebook_marketplace
a6044df8-13a2-4656-8dd6-55ced7f4b860,,jacket,28-03-2026,22420,6370,6030,TRUE,110,0.269,7245,534,10,0.89,streetwear,brights,all_season,0.65,poor,,facebook_marketplace
7c3e8d17-f27f-4865-a083-a536d5835380,45e04c1a-93d2-4fef-bdb7-d394e0f9db40,saree,18-04-2026,14100,14100,13770,TRUE,75,0.9766,7196,562,15,0.9367,"ethnic,bridal",darks,festive,0.92,good,0.6,facebook_marketplace
5e549460-828e-4863-b6df-517141d2030b,640ecaa6-4bf0-4d10-9a22-162cbb54f117,activewear,22-05-2026,4900,2600,2340,TRUE,115,0.4776,1060,536,7,0.8993,athleisure,darks,all_season,0.7,good,0.58,facebook_marketplace
49c29700-37e4-439f-adb0-f392ddc6fcda,2dd37363-50a0-4adc-9f98-f72f3d6e3fe3,lehenga,05-07-2025,6540,5330,,FALSE,,,399,41,0,0.0687,"ethnic,bridal",pastels,festive,0.92,new_with_tags,0.95,facebook_marketplace
7881a212-68b9-44bd-a557-4c0a147e284b,bce4dfd8-53a9-477f-85af-3ebb2cbb8196,trousers,31-12-2025,5970,3570,3160,TRUE,80,0.5293,3360,431,11,0.7317,officewear,brights,all_season,0.45,new_with_tags,0.96,facebook_marketplace
0dddd168-7c37-48b8-9495-b1d13623ed46,,other,12-02-2026,3160,1340,,FALSE,,,78,14,0,0.0234,casual,prints,all_season,0.4,like_new,,facebook_marketplace
b191c5f7-9ab1-4d3b-a337-b4d70112ae17,ae99ec7f-6ba4-4b73-97d3-78bd6703ba94,kurta,13-05-2026,7060,6100,,FALSE,,,308,25,2,0.0418,fusion,metallics,all_season,0.8,new_with_tags,0.91,facebook_marketplace
09eb1b3e-8b47-486e-b419-2033b5d6a633,,lehenga,04-11-2025,9470,9470,8990,TRUE,11,0.9493,1687,281,11,0.4707,bridal,pastels,festive,0.9775,like_new,,facebook_marketplace
a741af7c-92b8-49e9-b465-fe7678f39696,3678c10d-5ba0-44c5-a916-fb1943643bfe,jeans,09-12-2025,2480,2100,,FALSE,,,193,40,1,0.0669,streetwear,metallics,all_season,0.65,good,0.57,facebook_marketplace
068e4d57-6b06-4123-9544-e0c48c0ce680,,lehenga,02-07-2025,9470,6260,5540,TRUE,78,0.585,1890,111,4,0.1859,ethnic,brights,festive,0.8625,fair,,facebook_marketplace
18165f21-da16-430a-8bc7-bbf17c29706b,d1a7f3c8-8595-4c1b-8666-559736107719,anarkali,13-04-2026,5545,2840,2500,TRUE,8,0.4509,3192,351,12,0.6041,ethnic,darks,festive,0.8625,like_new,0.81,facebook_marketplace
5e0735b0-7d7a-4dfc-820b-48e0272e447c,,blazer,04-11-2025,5765,920,790,TRUE,59,0.137,4216,302,4,0.5101,formal,neutrals,all_season,0.45,new_with_tags,,facebook_marketplace
43865c36-72e7-4fd0-8bc2-f947223b4e9e,09baec98-3f55-41f9-83e1-91e50b91df1e,activewear,10-12-2025,4900,1150,,FALSE,,,292,31,0,0.052,athleisure,pastels,all_season,0.7,fair,0.53,facebook_marketplace
e426e517-979b-43bb-9971-db9cfbd6f04d,b5852686-73e3-4145-8e99-6ba4f07a17f9,lehenga,04-01-2026,9470,9470,,FALSE,,,463,20,3,0.0335,bridal,metallics,festive,0.9775,good,0.6,facebook_marketplace
a3d0387c-c2d7-413e-8e94-9bb6ba6f0cde,,blouse,11-11-2025,7880,3390,,FALSE,,,105,41,3,0.0687,bridal,metallics,festive,0.9775,like_new,,facebook_marketplace
e7d993ab-68d6-4bf7-920c-ae1a87376f75,44bae1ea-e087-4616-806e-02f60acb46d0,tshirt,03-06-2025,2520,2450,2150,TRUE,47,0.8532,6409,18,15,0.0301,casual,neutrals,all_season,0.4,new_with_tags,0.9,facebook_marketplace
7abc1103-2736-4de5-b21c-188b67bd12e4,,saree,27-02-2026,14100,4380,3820,TRUE,51,0.2709,2250,199,4,0.3317,ethnic,neutrals,festive,0.8625,new_with_tags,,facebook_marketplace
7551aa44-571e-4c41-8b46-6d31ba8394e2,,shirt,28-07-2025,1760,960,,FALSE,,,408,20,0,0.0336,casual,pastels,all_season,0.4,good,,facebook_marketplace
b0536880-b96f-4ffa-80ab-793dca461409,84f72ed0-70d4-4211-ad33-1f6504ed9a4c,kurta,23-09-2025,7060,6310,,FALSE,,,50,25,0,0.0418,ethnic,metallics,all_season,0.75,poor,0.13,facebook_marketplace
05cb6270-e020-4652-9c92-952d57e637d0,,lehenga,10-01-2026,9470,9470,9240,TRUE,30,0.9757,1275,297,11,0.4975,"ethnic,bridal",brights,festive,0.92,like_new,,facebook_marketplace
bc006fca-da23-44c3-be34-b7441a91ad03,,shirt,02-03-2026,2670,410,350,TRUE,87,0.1311,4727,560,9,0.9412,officewear,brights,all_season,0.45,good,,facebook_marketplace
85f59844-d93d-46ab-9e59-8bb882df1336,8c86841c-f14b-46be-b5bb-1f8469729471,other,03-08-2025,3160,1180,1060,TRUE,99,0.3354,7139,357,2,0.596,casual,metallics,all_season,0.4,good,0.72,facebook_marketplace
9a4dc7ac-90f7-4d11-a9c8-2b7936d3876c,,jacket,23-10-2025,8050,8050,,FALSE,,,322,1,0,0.0017,streetwear,prints,all_season,0.65,good,,facebook_marketplace
7d78fa7b-6a7f-47c0-8c3a-80e89d3cdab7,f8b35371-16cc-4228-9d31-4f1964b227de,skirt,26-12-2025,2140,1730,,FALSE,,,146,28,0,0.0467,boho,brights,all_season,0.5,new_with_tags,0.98,facebook_marketplace
53b5e590-f441-4ac1-bbe2-683bc9017f8e,d09300ad-337f-4989-ac09-9d631239c51e,saree,17-09-2025,14100,14100,12320,TRUE,89,0.8738,1857,600,10,1,bridal,brights,festive,0.9775,good,0.57,facebook_marketplace
30108aa9-0fd8-46a4-b173-6047035c687b,24775bc2-cb1d-4392-b663-fa8c7dae118c,jeans,11-03-2026,510,390,,FALSE,,,15,34,0,0.0569,streetwear,prints,all_season,0.65,new_with_tags,0.91,facebook_marketplace
744131f3-6614-4d19-9d3c-9acf5b4b684e,,jacket,06-11-2025,9420,7370,,FALSE,,,386,3,3,0.005,casual,prints,winter,0.42,new_with_tags,,facebook_marketplace
d3c1acb8-11ee-42e6-9348-68d6325a1c8b,,shorts,27-09-2025,2690,1490,,FALSE,,,466,4,1,0.0067,athleisure,neutrals,summer,0.665,good,,facebook_marketplace
af5d91f9-1a04-4953-94fb-9e4a8da2f447,1179aeb8-f8ed-485d-aef6-447ca5503906,blazer,13-09-2025,5765,5010,,FALSE,,,309,18,3,0.0304,casual,brights,all_season,0.4,like_new,0.76,facebook_marketplace
b9f9ca80-851d-4e83-a31d-ff6fa8a95312,,formal_shirt,23-05-2026,5820,3950,,FALSE,,,49,3,3,0.0051,formal,metallics,all_season,0.45,good,,facebook_marketplace
21e5e9f4-eff4-44b5-9665-ad8d856d666e,,tshirt,14-02-2026,2520,1120,,FALSE,,,82,36,1,0.0601,streetwear,darks,all_season,0.65,like_new,,facebook_marketplace
16e40812-68ca-4f8e-9db8-010d51fb09aa,ee789fb9-a2f1-4699-8850-491dbf125c81,blazer,30-07-2025,5765,4120,3850,TRUE,112,0.6678,815,299,15,0.5051,casual,prints,all_season,0.4,poor,0.34,facebook_marketplace
6da9e690-d337-4234-991f-6f7638f9e78c,,lehenga,18-06-2025,7970,3400,,FALSE,,,321,39,1,0.0653,"ethnic,bridal",metallics,festive,0.92,good,,facebook_marketplace
78777351-f9e7-48a9-9f06-e69f50f70fae,,anarkali,08-07-2025,1570,1160,,FALSE,,,163,27,1,0.0465,"ethnic,bridal",prints,festive,0.92,new_with_tags,,facebook_marketplace
c0114748-b02d-4896-9a6e-be945c5e3388,,anarkali,28-03-2026,11700,6230,,FALSE,,,439,18,2,0.031,bridal,darks,festive,0.9775,like_new,,facebook_marketplace
1b1b28d9-2ca0-4f4c-99ba-c6222802d361,7930c196-c9f9-4e25-8f0b-12e1903ac078,jacket,05-05-2026,8050,4800,,FALSE,,,337,25,3,0.0417,casual,prints,winter,0.42,poor,0.28,facebook_marketplace
45042c59-e352-4f6d-9432-56045e446589,03f54722-7fd1-46c0-a671-8ef519b4c4bf,jeans,25-03-2026,2480,560,530,TRUE,41,0.2137,837,499,4,0.8344,minimal,metallics,all_season,0.55,good,0.68,facebook_marketplace
baabb027-c28d-497d-a221-6ec9ad89ec2b,4161a487-690a-4897-b17e-90533f1ef5ab,jacket,02-05-2026,8050,5730,,FALSE,,,472,40,3,0.0667,casual,pastels,winter,0.42,good,0.68,facebook_marketplace
d07619c8-78eb-4df5-b54e-3629bc971743,27a53956-ce70-492e-aad4-ac2d3dfaf2f5,jeans,01-07-2025,4230,1760,1620,TRUE,60,0.383,4366,309,3,0.5167,casual,prints,all_season,0.4,fair,0.47,facebook_marketplace
17d590ca-3e34-4768-b9da-4b569540ce13,,formal_shirt,04-10-2025,7420,4410,,FALSE,,,200,13,1,0.0223,formal,metallics,all_season,0.45,like_new,,facebook_marketplace
9b75f988-52d7-4fe9-89e1-7b8094b35f2b,,tshirt,09-07-2025,2520,1510,1320,TRUE,92,0.5238,2934,424,10,0.7078,casual,neutrals,all_season,0.4,like_new,,facebook_marketplace
2c12cae0-67aa-4afa-b9a2-7a9e07bb516a,80990ffd-50e4-4569-8136-71e4e5fc3ddd,saree,01-11-2025,5370,4790,,FALSE,,,28,15,3,0.025,"ethnic,bridal",darks,festive,0.92,new_with_tags,0.94,facebook_marketplace
f9d64c54-a497-4a32-90c9-1e2ef7942491,1b4ab962-300e-45ad-8f4f-fc9f3d9a0e96,coat,03-02-2026,9620,3580,3390,TRUE,63,0.3524,4483,138,11,0.2417,formal,neutrals,winter,0.4725,good,0.63,facebook_marketplace
fe680c44-48d1-4976-98b6-22f2a0b4323e,,lehenga,27-09-2025,9390,1160,,FALSE,,,411,9,2,0.0151,ethnic,prints,festive,0.8625,poor,,facebook_marketplace
facec5fd-e006-467a-8e05-dfd06ccc2b35,,jacket,24-05-2026,8050,1550,1510,TRUE,3,0.1876,183,236,9,0.3933,athleisure,metallics,all_season,0.7,good,,facebook_marketplace
b8417eaf-150d-4a39-9c3f-a9f60b8a6ee1,,other,23-04-2026,3160,1730,,FALSE,,,435,32,2,0.0534,casual,pastels,all_season,0.4,good,,facebook_marketplace
e55cac99-d135-49df-b98d-689699145327,,shirt,15-07-2025,2670,730,,FALSE,,,327,25,3,0.042,casual,neutrals,all_season,0.4,fair,,facebook_marketplace
ec750fd7-8ed3-4674-9113-8ce6d55ad22b,,tshirt,29-10-2025,2560,970,,FALSE,,,246,13,3,0.0217,casual,pastels,all_season,0.4,fair,,facebook_marketplace
7177ece2-7d9e-4099-9e86-68f762da9d69,ebb04237-33d0-4403-be32-a01684d5cb8f,tshirt,17-08-2025,2520,1660,1630,TRUE,30,0.6468,7812,382,9,0.6377,streetwear,metallics,all_season,0.65,fair,0.42,facebook_marketplace
70af5f22-f562-41da-8acb-6eb0f9fb6f79,,blouse,15-07-2025,7880,2460,,FALSE,,,13,23,1,0.0385,ethnic,pastels,festive,0.8625,like_new,,facebook_marketplace
608450fb-11f9-423e-b7a8-662258ff1726,895cd95d-57eb-45cb-93a1-b9e7a5f9ab79,shirt,19-08-2025,6410,1910,1850,TRUE,85,0.2886,4006,88,10,0.1479,casual,brights,all_season,0.4,poor,0.31,facebook_marketplace
00117bcb-5c21-482f-8e44-98bc880ccc52,,anarkali,01-12-2025,8870,5150,4650,TRUE,54,0.5242,7116,170,13,0.2926,ethnic,metallics,festive,0.8625,good,,facebook_marketplace
2bf557a0-e457-4a1a-916b-2d8140032e98,,shorts,28-01-2026,1470,1090,990,TRUE,60,0.6735,7190,381,4,0.635,athleisure,prints,summer,0.665,new_with_tags,,facebook_marketplace
ee1825fc-1322-456e-92fb-004e200ae9b9,2e9b9918-4633-44a5-b810-e6465d423c03,tshirt,20-11-2025,2520,1180,,FALSE,,,425,35,2,0.0584,minimal,pastels,all_season,0.55,poor,0.33,facebook_marketplace
3ed99e38-57c2-4e60-a0f8-bfcf9c380637,,blazer,28-03-2026,5765,3250,,FALSE,,,57,13,0,0.022,officewear,brights,all_season,0.45,like_new,,facebook_marketplace
d1876a5c-9864-4ec7-853c-8564390a94ba,45b0a3de-19fa-4568-823c-9c3f54477bb3,other,17-08-2025,3160,1350,,FALSE,,,376,23,2,0.0384,casual,darks,all_season,0.4,poor,0.28,facebook_marketplace
f2deaf29-e492-49a6-9bb1-99e5a07751c7,,saree,05-02-2026,14100,14100,,FALSE,,,176,12,3,0.02,"ethnic,bridal",neutrals,festive,0.92,fair,,facebook_marketplace
691ff71e-4b17-4da7-a5af-cbaf21ac11e9,,anarkali,23-10-2025,5545,4980,4550,TRUE,82,0.8206,7962,289,1,0.4974,ethnic,pastels,festive,0.8625,good,,facebook_marketplace
70ced7be-762a-45fe-b155-5dbfe06b1d67,,sweater,04-04-2026,11165,2350,,FALSE,,,445,10,3,0.0168,casual,neutrals,winter,0.42,like_new,,facebook_marketplace
9670dea7-a439-4278-ba96-e0c5ee06ee2a,,jacket,23-01-2026,8050,6030,,FALSE,,,496,15,0,0.025,casual,pastels,winter,0.42,new_with_tags,,facebook_marketplace
95eedf5c-d2f8-459d-9d25-c2bced525a4b,0e87a902-4731-418e-9cdc-6701237223b1,saree,18-03-2026,14100,2680,,FALSE,,,100,26,0,0.0433,"ethnic,bridal",prints,festive,0.92,fair,0.46,facebook_marketplace
e7610c44-ab69-49ca-87e9-273ce3b98f11,51e9dcfe-64fc-49c2-b60d-e02718563445,kurta,18-04-2026,7060,4970,4510,TRUE,80,0.6388,3476,227,2,0.3796,fusion,darks,all_season,0.8,good,0.66,facebook_marketplace
b2d3ef61-3a82-4c6b-8031-27cf2216fa02,,formal_shirt,25-05-2026,5820,3400,,FALSE,,,380,29,1,0.0497,"officewear,formal",brights,all_season,0.45,like_new,,facebook_marketplace
f8e8ae94-0b97-4f8f-b975-d89dfbf026a9,29802b8c-9d75-4fb3-b9b1-8b0bfcf2d4dc,sweater,19-07-2025,11165,2740,2510,TRUE,36,0.2248,4482,58,11,0.0972,casual,metallics,winter,0.42,good,0.59,facebook_marketplace
94d37ae4-1571-4894-adac-cd5b0caa2a90,,other,31-08-2025,3160,2510,,FALSE,,,423,11,1,0.0184,casual,neutrals,all_season,0.4,poor,,facebook_marketplace
3505863c-af91-4045-8b21-89d21a1b0638,,tshirt,05-10-2025,2520,810,,FALSE,,,407,20,1,0.0334,athleisure,pastels,all_season,0.7,fair,,facebook_marketplace
65054965-4049-453f-93d9-48948b42f66d,,formal_shirt,22-12-2025,4310,2370,2250,TRUE,33,0.522,2010,469,7,0.8031,formal,brights,all_season,0.45,good,,facebook_marketplace
e7f98cf2-3822-4939-8c3b-cb571b58b296,64754931-a170-4cfc-b4ef-0dd79eb0f437,kurta,17-08-2025,7060,1290,1260,TRUE,70,0.1785,847,138,8,0.2308,fusion,neutrals,festive,0.92,like_new,0.8,facebook_marketplace
e8b61dd3-38bc-4c38-a3a8-c9e11e5f757a,,dress,22-10-2025,5980,2340,,FALSE,,,382,20,3,0.0364,boho,pastels,all_season,0.5,new_with_tags,,facebook_marketplace
905188d2-07d0-479b-976d-e0900ac7b328,,jacket,23-10-2025,8050,4300,,FALSE,,,365,34,0,0.0567,casual,prints,winter,0.42,fair,,facebook_marketplace
6e918e3d-cfa0-4ead-8f64-e7187e34cca3,,jeans,20-02-2026,2480,690,,FALSE,,,344,3,3,0.005,streetwear,pastels,all_season,0.65,good,,facebook_marketplace
f966b276-7968-4a25-aaea-07ae0f57f095,,saree,21-12-2025,21330,9100,7740,TRUE,12,0.3629,7596,474,3,0.79,bridal,pastels,festive,0.9775,good,,facebook_marketplace
d00bc54c-be77-45d4-a427-643c46c8b9e4,,jacket,03-07-2025,8050,1570,,FALSE,,,389,17,0,0.0283,casual,metallics,winter,0.42,fair,,facebook_marketplace
158ad2ca-62d4-4c6d-ad3d-03e578b69a70,,lehenga,29-10-2025,9470,5310,,FALSE,,,93,15,3,0.0251,ethnic,pastels,festive,0.8625,good,,facebook_marketplace
e75256f5-aa64-4e64-8232-bfa37cdced8e,,tshirt,28-01-2026,2520,1290,,FALSE,,,323,0,1,0,streetwear,pastels,all_season,0.65,good,,facebook_marketplace
f6099ca4-d6a3-4787-b4c1-e7ac584a6621,018c5219-18e1-4a9b-bb06-27c52ecccd32,activewear,19-03-2026,4900,720,,FALSE,,,117,37,0,0.0621,athleisure,brights,all_season,0.7,like_new,0.83,facebook_marketplace
ae63c2c0-55cf-406d-a7eb-ba18ef10b87c,3c7ddbac-c344-46e5-a63a-f12d517fc657,jacket,21-04-2026,4160,3210,,FALSE,,,298,41,2,0.0683,casual,darks,winter,0.42,new_with_tags,0.91,facebook_marketplace
cfae48c1-282f-47ec-9f28-1735f450bceb,69db7c35-843f-4b53-8274-db88a726f0d6,jeans,19-12-2025,1650,1250,,FALSE,,,452,8,3,0.0134,casual,neutrals,all_season,0.4,new_with_tags,0.95,facebook_marketplace
471df2d4-8c00-4175-bce4-460ec52a52ad,ed6f0bae-799e-4fce-ae0f-b0d357868bc6,kurta,16-08-2025,6820,3060,2710,TRUE,111,0.3974,5925,514,6,0.8595,ethnic,darks,all_season,0.75,fair,0.43,facebook_marketplace
b287d329-10c4-4ebd-94b3-661257cb2748,,anarkali,09-02-2026,4890,3500,,FALSE,,,403,42,1,0.0723,bridal,prints,festive,0.9775,like_new,,facebook_marketplace
d5457503-fa23-413b-97e2-9cd364cb36dc,0edb8e80-c241-46da-aeb5-8c96227626f8,saree,11-09-2025,14100,14100,13130,TRUE,119,0.9312,2052,285,13,0.475,bridal,metallics,festive,0.9775,new_with_tags,1,facebook_marketplace
cf01318a-abae-4183-98fe-3a59f8ff3b59,90f048f0-c2cf-4687-a4e9-3ba8920babc0,lehenga,06-06-2025,9610,1700,,FALSE,,,493,14,1,0.0235,ethnic,metallics,festive,0.8625,poor,0.14,facebook_marketplace
8d6412f5-a19a-4534-adeb-2f379273aae1,319e2ebe-0006-41f9-8a1d-cbff6c6a7a92,kurta,30-06-2025,7060,5970,,FALSE,,,293,23,3,0.0385,fusion,prints,all_season,0.8,new_with_tags,0.99,facebook_marketplace
e21ccd36-1d71-4e04-8c1a-9c0541ba8007,b0305556-4b93-4219-bf48-76bce4e21b70,anarkali,27-03-2026,5545,2510,,FALSE,,,365,36,1,0.062,bridal,brights,festive,0.9775,poor,0.12,facebook_marketplace
8514c7dc-d192-49a7-928f-58a74176e9fe,54fb3286-9470-4074-ab9a-a9a19617eba1,blazer,14-12-2025,5765,3910,,FALSE,,,487,1,3,0.0017,officewear,brights,all_season,0.45,fair,0.36,facebook_marketplace
abbee5f1-a488-42e6-8d7a-e4b1d9d96268,7050c3b8-7d23-447a-8cf8-befbfb9e1da4,formal_shirt,08-06-2025,3530,2160,1920,TRUE,113,0.5439,3635,390,5,0.6678,formal,pastels,all_season,0.45,like_new,0.87,facebook_marketplace
8e797cf5-a829-4791-ad3a-e54b64dd6b40,,tshirt,08-05-2026,9980,2770,,FALSE,,,91,26,2,0.0434,athleisure,prints,all_season,0.7,fair,,facebook_marketplace
3b0e4755-7ba1-4d82-a249-8f2aabadd70b,,blouse,22-03-2026,7880,1030,,FALSE,,,409,5,1,0.0084,ethnic,neutrals,festive,0.8625,good,,facebook_marketplace
6f8c4daa-b8aa-4279-ba39-38d73f692719,ea88aba6-cf69-411f-8828-3e08fb6b4949,blouse,29-11-2025,7880,2580,,FALSE,,,232,45,2,0.0754,ethnic,prints,festive,0.8625,fair,0.36,facebook_marketplace
4b4d02d8-79f5-4ca9-bdd3-2cc861359428,,kurta,15-03-2026,7060,6260,,FALSE,,,203,0,2,0,casual,darks,all_season,0.4,good,,facebook_marketplace
4c706528-b3ce-41d3-bf02-bd7e59c5989e,39a29b45-03cf-4cd9-88db-b1bf7e49dcec,shorts,04-01-2026,2690,850,,FALSE,,,415,26,3,0.0433,casual,darks,summer,0.38,like_new,0.77,facebook_marketplace
334f03f7-f0cf-40ca-898a-d559afe66e4c,,formal_shirt,29-09-2025,5820,2650,2270,TRUE,37,0.39,3364,185,14,0.3168,formal,neutrals,all_season,0.45,good,,facebook_marketplace
d8dd97ef-ea4f-44b7-9ded-01b0faba23aa,61c69d73-6e88-4dfb-a16b-0a4a4319545b,jeans,02-05-2026,1320,740,,FALSE,,,425,13,3,0.0217,"casual,streetwear",darks,all_season,0.525,like_new,0.8,facebook_marketplace
933787c9-2057-48d5-9e81-ef2501e0d706,,jeans,06-10-2025,2480,740,640,TRUE,37,0.2581,1813,473,12,0.791,"casual,streetwear",darks,all_season,0.525,like_new,,facebook_marketplace
7707a09f-8540-4bab-ba74-8fa8da41f9ba,029124ea-b8cc-4de0-bcb4-edfe8cba1217,activewear,27-01-2026,4900,2040,,FALSE,,,97,40,0,0.0671,casual,darks,all_season,0.4,like_new,0.79,facebook_marketplace
5e8f8c98-ae2b-416f-a920-421b52a73685,f306225f-6b93-4ad1-8f65-aeb219b78d42,blazer,05-10-2025,5765,4190,4180,TRUE,113,0.7251,5849,255,9,0.4307,officewear,prints,all_season,0.45,good,0.68,facebook_marketplace
82ac4545-9b76-4a6f-8bb0-cd5d64247386,,skirt,22-10-2025,2985,580,,FALSE,,,153,41,0,0.0683,casual,pastels,all_season,0.4,good,,facebook_marketplace
388a2731-850f-46c1-8ee4-a250cd2038f8,,tshirt,18-10-2025,3070,1720,,FALSE,,,170,10,1,0.0167,minimal,prints,all_season,0.55,good,,facebook_marketplace
81a0107e-5147-4465-ba9d-1ae45397e218,,sweater,05-06-2025,11165,7870,,FALSE,,,399,9,0,0.0151,casual,pastels,winter,0.42,like_new,,facebook_marketplace
c801c37b-ab51-4450-b042-47a9b58e1beb,,anarkali,14-01-2026,5545,3080,3050,TRUE,3,0.55,6184,306,1,0.5267,ethnic,darks,festive,0.8625,good,,facebook_marketplace
1509d416-4b4b-4056-934d-c81ff7e2d3d9,7bf0fa26-ab2a-452e-81a8-26ce9f2e37b6,other,26-03-2026,3160,1180,,FALSE,,,150,7,1,0.0117,casual,prints,all_season,0.4,good,0.63,facebook_marketplace
2ec57adc-c78c-417b-a679-d111fe43013e,1388ea61-74ee-4432-95db-e26e7f595a89,tshirt,14-06-2025,2520,1470,1420,TRUE,56,0.5635,3354,96,6,0.1603,casual,prints,all_season,0.4,good,0.59,facebook_marketplace
2852ca83-5fbf-476c-9b1c-e102ca8980d7,,formal_shirt,24-12-2025,5820,4100,,FALSE,,,481,42,2,0.0719,formal,prints,all_season,0.45,new_with_tags,,facebook_marketplace
30266449-314d-444c-80b9-2d6784ff1d26,64679b29-db0c-4679-93fa-4235daa1b68e,kurta,20-02-2026,7060,3130,,FALSE,,,194,36,1,0.0602,"ethnic,bridal",darks,festive,0.92,good,0.61,facebook_marketplace
2dd67816-b1a4-495b-9caa-8453d802b46d,c2df6eae-66fd-4793-a81a-14a071b8e41b,sweater,21-02-2026,3720,3070,2830,TRUE,48,0.7608,1529,315,8,0.5276,casual,pastels,winter,0.42,new_with_tags,0.97,facebook_marketplace
3d5f2d31-02b4-4c07-8d0f-db90f5612c6b,72317684-dbd7-4c40-9bcc-cdb83b60e530,activewear,25-01-2026,4900,3040,2970,TRUE,37,0.6061,7118,589,10,0.9883,casual,neutrals,all_season,0.4,good,0.7,facebook_marketplace
b4a13a4e-010d-4224-a34d-c3cea31f190f,,tshirt,02-05-2026,4580,2310,,FALSE,,,289,44,1,0.0735,athleisure,neutrals,all_season,0.7,like_new,,facebook_marketplace
56816cb2-b38e-4026-8320-d17232d0ec4c,,anarkali,04-03-2026,4390,3270,3020,TRUE,9,0.6879,4929,293,14,0.5043,ethnic,pastels,festive,0.8625,new_with_tags,,facebook_marketplace
62b46fff-b281-4124-8ea7-46fea4d15d12,,activewear,12-05-2026,7220,3030,,FALSE,,,108,37,2,0.0621,athleisure,prints,all_season,0.7,fair,,facebook_marketplace
66d93f2a-994c-40d8-915d-6b900fd25d95,,other,23-01-2026,3160,1650,1650,TRUE,26,0.5222,6414,313,11,0.5225,casual,pastels,all_season,0.4,good,,facebook_marketplace
73b9ab59-807b-4613-97ad-f1b2487057f8,b96153e2-b30b-4ec8-993c-459d5d45ce29,lehenga,10-11-2025,5860,3250,,FALSE,,,112,12,3,0.0201,ethnic,brights,festive,0.8625,good,0.62,facebook_marketplace
81a0d538-23f0-4331-8a13-14997da21ec5,348b0482-e177-45cf-813e-86a702916550,anarkali,25-08-2025,5545,1280,,FALSE,,,123,33,1,0.0568,bridal,pastels,festive,0.9775,fair,0.47,facebook_marketplace
470cc3ea-75f7-4f3a-a29a-56e3462d6b0f,,dupatta,12-06-2025,6070,5040,4770,TRUE,28,0.7858,1249,454,6,0.7579,fusion,metallics,festive,0.92,poor,,facebook_marketplace
68b9a2a1-bb70-4d53-ba40-0a4cc0ca2691,8b0dd208-15d6-4a92-b5a6-72a08720609d,trousers,08-06-2025,5970,5060,,FALSE,,,360,1,3,0.0017,formal,metallics,all_season,0.45,like_new,0.77,facebook_marketplace
0da2c311-8ad1-4667-8508-d0ab7088a116,b3a0d2e4-bcbb-45f6-9bd7-1a12fe1a7bcf,anarkali,21-12-2025,5545,4690,,FALSE,,,320,43,1,0.074,bridal,pastels,festive,0.9775,like_new,0.76,facebook_marketplace
6add70c3-0c33-4132-a45a-c220cc1486e9,6a98c887-fd22-481e-9214-b57c17e4f33d,blouse,19-11-2025,7880,4480,,FALSE,,,23,8,2,0.0134,"ethnic,bridal",prints,festive,0.92,new_with_tags,0.98,facebook_marketplace
fccea83d-242c-4549-81b8-08502843217d,,coat,06-10-2025,9620,1640,,FALSE,,,412,23,2,0.0403,casual,metallics,winter,0.42,good,,facebook_marketplace
2774dcad-34d3-4e63-a8bb-0ed82f5fe14d,,other,29-10-2025,1810,1410,,FALSE,,,216,45,1,0.0751,casual,metallics,all_season,0.4,new_with_tags,,facebook_marketplace
ab3a16dd-3b9f-4d95-94d5-4aa4b1f5bf88,,shirt,29-07-2025,2670,470,430,TRUE,24,0.161,1932,538,13,0.9042,casual,metallics,all_season,0.4,like_new,,facebook_marketplace
6d4880a7-aa7e-4137-97f2-904aca43d9aa,,activewear,01-08-2025,7960,2400,,FALSE,,,256,22,3,0.0369,casual,brights,all_season,0.4,fair,,facebook_marketplace
3caa2e21-d1b3-4ad8-89a6-471d9a027c8b,e0039c36-a4f7-4b2f-bdb0-57e3e8ac92c6,trousers,25-03-2026,5970,2890,2870,TRUE,18,0.4807,6144,52,2,0.0883,casual,metallics,all_season,0.4,good,0.68,facebook_marketplace
b04e4705-f974-4de3-9fb9-3f67938eede9,e4c7e629-92fa-4abb-a90a-c95bf26e0dd9,jeans,09-10-2025,2480,1400,,FALSE,,,158,36,2,0.0602,casual,brights,all_season,0.4,fair,0.4,facebook_marketplace
2c050a8b-cb50-4635-a7a9-96f9ba638ffd,7cab7386-d84d-4a21-b870-381447ba95ec,jeans,01-04-2026,3240,1880,1610,TRUE,101,0.4969,1850,427,10,0.714,"casual,minimal",brights,all_season,0.475,good,0.62,facebook_marketplace
da28f2df-d1f1-454a-a91b-d8326fbf0d37,db460806-9bb8-47e1-b5ab-e2122ab4f25b,trousers,01-07-2025,12620,4870,4260,TRUE,95,0.3376,4271,368,8,0.6248,officewear,brights,all_season,0.45,fair,0.51,facebook_marketplace
06f602f0-9304-46d4-8d72-e77028ccc8a7,3a48629c-aeed-4abf-afef-a765a8eac263,jeans,03-04-2026,2480,780,,FALSE,,,390,22,0,0.0368,streetwear,metallics,all_season,0.65,good,0.7,facebook_marketplace
bab5fc8c-557a-4b78-a595-6d870a64d695,,shirt,22-12-2025,2670,730,730,TRUE,41,0.2734,4919,386,12,0.6487,streetwear,prints,all_season,0.65,good,,facebook_marketplace
efcdccea-4750-44ea-b89a-f3475d09cadd,f93e6159-de11-43e0-95b8-3423ff2de43b,shorts,03-10-2025,2690,1310,1280,TRUE,65,0.4758,5746,161,5,0.2683,athleisure,darks,summer,0.665,fair,0.42,facebook_marketplace
859c0cc4-a28e-41ba-a796-63333c4b08f1,,lehenga,21-12-2025,7710,3880,,FALSE,,,326,0,1,0,ethnic,brights,festive,0.8625,like_new,,facebook_marketplace
687118c3-d3dc-4c94-b68a-2eef4b6cc51a,485c8660-064c-4764-af86-cb118494d4cf,trousers,14-04-2026,2950,1620,,FALSE,,,219,1,0,0.0017,minimal,pastels,all_season,0.55,good,0.57,facebook_marketplace
322e4768-6257-4cb6-ae42-42e1368ee746,608c6e53-2155-4b7b-be6f-a7860bae5d06,shorts,09-06-2025,2690,2410,,FALSE,,,5,42,1,0.07,"athleisure,casual",metallics,summer,0.5225,new_with_tags,0.93,facebook_marketplace
7e546a9e-5037-4004-b683-dffa570db9c9,f981c0fb-f5fe-46eb-870e-cf21761b20fe,dress,14-05-2026,5980,3890,3330,TRUE,96,0.5569,4903,146,14,0.2659,officewear,pastels,all_season,0.45,good,0.55,facebook_marketplace
ee6f48e7-98ec-4217-9af2-08c262ae00ab,,tshirt,17-07-2025,20280,2280,,FALSE,,,271,9,2,0.015,casual,darks,all_season,0.4,poor,,facebook_marketplace
28e8c358-f7ab-4e65-906f-d3729ca3559e,,jeans,06-04-2026,2480,1110,,FALSE,,,178,1,2,0.0017,streetwear,darks,all_season,0.65,like_new,,facebook_marketplace
6c14441d-dd08-4a9a-b684-c1edf335fa58,959cdc2a-c1a9-4dce-b518-e8d187c61491,shirt,22-04-2026,2670,2560,,FALSE,,,468,14,0,0.0235,streetwear,metallics,all_season,0.65,poor,0.22,facebook_marketplace
7bd75bb9-ed35-402a-ab2d-42f479d5fa80,,other,24-10-2025,3160,2670,2340,TRUE,110,0.7405,2977,187,5,0.3122,casual,metallics,all_season,0.4,like_new,,facebook_marketplace
41ccaa07-6c94-45d1-8022-b5a181609f93,248c06a8-56e5-43d6-9be0-984ce01098e4,sweater,14-09-2025,11165,1670,1510,TRUE,77,0.1352,4023,205,9,0.3434,casual,neutrals,winter,0.42,good,0.73,facebook_marketplace
911a1c2b-08b9-461c-9618-0050bef7bdd6,0fffb5c9-9428-4d18-bf67-7b1d29ad3000,other,10-01-2026,3160,880,,FALSE,,,89,32,2,0.0534,casual,neutrals,all_season,0.4,poor,0.21,facebook_marketplace
f801f055-e280-40b9-a954-be90bf99512a,,shorts,15-08-2025,2690,1490,1460,TRUE,104,0.5428,2171,56,9,0.0933,casual,metallics,summer,0.38,poor,,facebook_marketplace
d341c5bd-4705-4db3-9dac-45c6dbc35b51,6436cc1c-b93c-47eb-bc6a-86e237afeb47,saree,12-12-2025,14100,4570,4430,TRUE,94,0.3142,1253,498,10,0.83,ethnic,brights,festive,0.8625,like_new,0.75,facebook_marketplace
e59f15b4-68bb-4ff6-9c9c-91bab60a25e0,,shirt,10-01-2026,2670,800,800,TRUE,10,0.2996,3125,238,3,0.4,officewear,prints,all_season,0.45,good,,facebook_marketplace
ad189a20-e49d-4578-901c-24b1fe81b948,,kurta,23-10-2025,7060,1830,,FALSE,,,39,26,2,0.0435,fusion,darks,festive,0.92,like_new,,facebook_marketplace
f65ce8d5-f139-4234-8ee8-e977a81ea5de,,jacket,14-08-2025,8050,8050,,FALSE,,,114,15,2,0.025,streetwear,darks,all_season,0.65,good,,facebook_marketplace
9edf5ebb-e59e-4d05-a0b0-b7da25f7c3ea,04767cb1-95a4-4920-b1e8-a494ce93da08,skirt,14-06-2025,2985,2510,,FALSE,,,435,18,3,0.03,casual,metallics,all_season,0.4,like_new,0.78,facebook_marketplace
83e7087f-ab7b-4ee2-a889-1d1c5c00c999,,activewear,13-05-2026,4900,870,830,TRUE,80,0.1694,4236,500,10,0.8389,athleisure,pastels,all_season,0.7,new_with_tags,,facebook_marketplace
c2059f8c-cab1-4787-af73-73c75a8b4236,8cf68e4c-3afc-4934-9bc9-3e136719ca7e,trousers,15-02-2026,8770,4320,,FALSE,,,417,0,2,0,formal,prints,all_season,0.45,good,0.62,facebook_marketplace
c28953b9-acf5-46fc-abfd-1f1da6f86161,bf0f60af-6eaf-464c-8acb-39066dbd65db,tshirt,10-04-2026,2520,2520,,FALSE,,,185,4,0,0.0067,casual,brights,all_season,0.4,good,0.65,facebook_marketplace
a4347234-ebb1-482c-90cb-8728478eff1e,,tshirt,08-06-2025,2520,1610,1550,TRUE,56,0.6151,6581,471,14,0.7863,casual,brights,all_season,0.4,like_new,,facebook_marketplace
0a2ec6b7-848e-401b-9b95-263e7682101f,0d8c8579-a81d-4877-a834-975d04f3ace5,sweater,06-07-2025,11165,6120,,FALSE,,,39,43,1,0.072,casual,prints,winter,0.42,like_new,0.84,facebook_marketplace
4b511851-afca-46bd-839b-6a4f8d8b2cfb,,activewear,28-01-2026,4900,3100,2880,TRUE,25,0.5878,7070,465,8,0.7802,athleisure,pastels,all_season,0.7,like_new,,facebook_marketplace
3528bf2a-bec0-4dab-ad10-edd5ae76c927,2478de1c-432c-48e3-9338-d364aada4fcc,lehenga,02-10-2025,9470,3170,,FALSE,,,400,39,0,0.0653,"ethnic,bridal",brights,festive,0.92,new_with_tags,0.97,facebook_marketplace
b494f7b3-0d0f-46c1-898c-584d99007f9f,,lehenga,11-04-2026,9470,9470,8120,TRUE,117,0.8574,7221,344,4,0.5762,bridal,neutrals,festive,0.9775,good,,facebook_marketplace
24ff2d18-937b-4a53-9331-6ea2e81e1441,,saree,22-12-2025,14100,5320,5040,TRUE,55,0.3574,5651,555,15,0.925,ethnic,brights,festive,0.8625,new_with_tags,,facebook_marketplace
a83ae509-5fdb-4435-8036-7722888f9a23,f7c53f87-8b7c-47f0-9dbb-b6dc6b6d423d,saree,12-07-2025,2240,1630,,FALSE,,,106,41,0,0.0683,"ethnic,bridal",metallics,festive,0.92,new_with_tags,0.95,facebook_marketplace
2a8fd620-0953-487e-8a1f-0defce6b263d,46ec8ab7-5ce9-4fe1-8d63-7ff30675302b,blouse,25-03-2026,7880,3980,,FALSE,,,452,27,0,0.0452,bridal,neutrals,festive,0.9775,good,0.68,facebook_marketplace
71914dee-d49a-49fe-b3c7-29290514b4f8,,trousers,26-07-2025,4670,1930,1710,TRUE,5,0.3662,5003,485,11,0.8234,casual,neutrals,all_season,0.4,good,,facebook_marketplace
c98748da-6d45-4449-8a9f-2f19787e03cf,,saree,02-08-2025,14100,14100,,FALSE,,,420,3,3,0.005,bridal,darks,festive,0.9775,fair,,facebook_marketplace
d9acb4b3-f216-4d72-91d2-ff205537986b,,lehenga,23-07-2025,9470,4610,,FALSE,,,410,42,0,0.0704,"ethnic,bridal",prints,festive,0.92,poor,,facebook_marketplace
8b87ff94-01cf-4292-8c66-7e578aadbacf,a467b6fa-d82c-41c7-aedc-f1d6d764fafa,kurta,30-03-2026,7630,4390,,FALSE,,,235,7,0,0.0117,ethnic,darks,all_season,0.75,good,0.59,facebook_marketplace
0a42f80a-00ad-434d-a1ab-f80b0c31eac4,07ec744f-53d7-4f76-8623-946c91480418,jacket,04-01-2026,8050,5050,,FALSE,,,43,8,2,0.0133,casual,brights,winter,0.42,like_new,0.85,facebook_marketplace
0d922f02-fd62-43a2-b629-e85fa1a433e4,c388abcd-0574-4d14-8a4b-b98c917e8ef2,skirt,14-12-2025,2985,950,,FALSE,,,349,9,1,0.015,fusion,prints,all_season,0.8,new_with_tags,0.97,facebook_marketplace
226ddacb-50d3-40bf-b8bd-32e4f190d5fd,fd71faed-a558-4406-8470-d48ce4a7fdc3,anarkali,03-05-2026,2760,1750,,FALSE,,,267,17,2,0.0293,bridal,metallics,festive,0.9775,like_new,0.83,facebook_marketplace
de144052-6c8e-458a-b0e6-01a651684540,565dfeb4-6088-41f2-98f4-485944d6c556,skirt,07-03-2026,3800,1650,1640,TRUE,109,0.4316,7697,191,7,0.3183,casual,neutrals,all_season,0.4,fair,0.45,facebook_marketplace
d7333e59-b6e7-4abc-b0f0-ecfd6984c68c,,blouse,16-02-2026,7880,4890,,FALSE,,,333,16,2,0.0268,ethnic,brights,festive,0.8625,good,,facebook_marketplace
1f3ee982-1cf4-4a7b-b19d-0235a98d8921,,lehenga,03-04-2026,3600,2830,,FALSE,,,394,12,2,0.0201,ethnic,prints,festive,0.8625,new_with_tags,,facebook_marketplace
eed49c44-3472-4e08-a492-2b86f6953aa8,,trousers,07-06-2025,5970,2280,2070,TRUE,46,0.3467,188,377,14,0.6401,officewear,brights,all_season,0.45,like_new,,facebook_marketplace
6fb3998d-730d-4ad7-b7d5-54aa8ce20b1b,5d973fb7-2e79-4830-9539-6e05a83d220c,saree,01-09-2025,14100,14100,,FALSE,,,121,5,3,0.0083,ethnic,darks,festive,0.8625,like_new,0.82,facebook_marketplace
72ce5534-a6de-4a00-9a80-79392f3d98e7,ac906463-49bc-432e-94ed-195d1ab9d79e,activewear,11-01-2026,4900,2250,2150,TRUE,59,0.4388,7132,67,10,0.1124,casual,neutrals,all_season,0.4,good,0.58,facebook_marketplace
6f283a93-7196-40ad-9a36-c32eedcd7536,,tshirt,19-03-2026,2520,1970,,FALSE,,,225,42,0,0.0701,casual,brights,all_season,0.4,fair,,facebook_marketplace
59d077fa-845c-45bb-9d0b-ae703838b547,,lehenga,16-09-2025,6540,3830,,FALSE,,,245,24,1,0.0402,ethnic,darks,festive,0.8625,good,,facebook_marketplace
4e1f36a0-8b3e-4fb7-8c70-0c0b2d066a0a,,shorts,23-01-2026,3510,2520,,FALSE,,,59,39,2,0.065,athleisure,brights,summer,0.665,new_with_tags,,facebook_marketplace
2e9a53fe-80cd-45ef-ae0c-aa18fe3f2437,,jacket,01-05-2026,8050,3770,,FALSE,,,59,31,1,0.0517,casual,brights,winter,0.42,good,,facebook_marketplace
1047ed37-906e-4f81-b137-12dbe1f47b90,,blouse,11-06-2025,7880,1180,1170,TRUE,48,0.1485,2504,568,4,0.9514,ethnic,neutrals,festive,0.8625,good,,facebook_marketplace
b6aace6e-ab62-4ac8-998f-3cfeae07e270,f503aee0-c862-467a-aea6-ebe6a1081f64,blouse,16-04-2026,7880,4650,4360,TRUE,40,0.5533,3762,16,1,0.0268,"ethnic,bridal",brights,festive,0.92,like_new,0.82,facebook_marketplace
30892b1b-29ab-4a3a-acfd-13b71198908a,727dd5bf-3a1e-40b2-acf4-4721e6cc0b89,coat,21-03-2026,9620,3050,,FALSE,,,293,38,0,0.0665,casual,darks,winter,0.42,like_new,0.8,facebook_marketplace
13c06454-5b88-452f-8caf-ee618d1d4667,9209a736-b12b-45fd-93fd-89335e3d78ba,shirt,15-11-2025,2670,1740,1620,TRUE,106,0.6067,2891,420,9,0.7059,casual,darks,all_season,0.4,fair,0.51,facebook_marketplace
fe488abd-a5f6-4a3c-8a60-0552e1c0fc4b,52f17c0d-5eaf-4944-ad84-592eb18b47bd,sweater,03-12-2025,11165,7030,,FALSE,,,483,14,1,0.0235,casual,prints,winter,0.42,like_new,0.85,facebook_marketplace
f1026922-3136-4451-a9a9-d00d246e55b9,,saree,24-09-2025,14100,14100,,FALSE,,,36,35,2,0.0583,ethnic,brights,festive,0.8625,good,,facebook_marketplace
a5735035-753d-4fea-9dfc-079535995f50,,lehenga,23-12-2025,1720,1070,,FALSE,,,212,38,0,0.0637,ethnic,darks,festive,0.8625,like_new,,facebook_marketplace
f1e5354d-2bd0-4a5c-b035-eee97faaa703,,activewear,10-10-2025,6750,3660,,FALSE,,,244,5,3,0.0084,casual,pastels,all_season,0.4,like_new,,facebook_marketplace
ed07e0d8-e62f-4574-a37a-2da45d6df5ec,9bfb5b29-9085-4e16-bc5e-a6f2b477bfc1,formal_shirt,31-03-2026,1930,1470,1280,TRUE,68,0.6632,7863,101,14,0.1729,"officewear,formal",metallics,all_season,0.45,new_with_tags,1,facebook_marketplace
d5c88f39-72bb-46ec-9bbf-e2aa360a4c5c,,kurta,29-07-2025,7060,4410,,FALSE,,,199,22,3,0.0368,ethnic,brights,all_season,0.75,good,,facebook_marketplace
74d9b435-7925-4cb5-aa9e-5fc15357130d,32bd600a-2959-44fb-b63c-ac5618db3f4d,activewear,08-02-2026,9610,2680,,FALSE,,,305,26,2,0.0436,casual,pastels,all_season,0.4,poor,0.22,facebook_marketplace
68d9eb9f-b0d1-4c61-ac29-13ee33c4e00c,,shirt,13-04-2026,4640,1820,,FALSE,,,242,45,0,0.0756,officewear,pastels,all_season,0.45,fair,,facebook_marketplace
8106fac2-9692-40ef-8661-2f4e97b45fa7,,blouse,31-03-2026,7880,4900,,FALSE,,,446,18,2,0.0302,ethnic,metallics,festive,0.8625,fair,,facebook_marketplace
23527d0e-2aeb-4d56-9854-6713044aa475,,activewear,09-02-2026,4900,1560,,FALSE,,,290,35,1,0.0587,athleisure,metallics,all_season,0.7,new_with_tags,,facebook_marketplace
7e771cbe-cda4-4a0d-beaf-770d26f0ce67,96dfa5d6-89e9-4d1e-9a22-47c61757e138,blazer,17-12-2025,5750,4630,,FALSE,,,254,42,0,0.0709,officewear,brights,all_season,0.45,new_with_tags,0.97,facebook_marketplace
b0f95f5c-42ea-4084-9357-c2eb1c183281,15690d48-75c6-4db2-bc3a-e8a2cac69dae,activewear,08-10-2025,4900,1500,1470,TRUE,59,0.3,3817,294,4,0.4933,casual,prints,all_season,0.4,fair,0.44,facebook_marketplace
e1646669-ff74-4171-b53f-798037200f46,6b5d0721-93d3-4583-a6b0-678ae74e9612,jeans,17-01-2026,2480,2480,,FALSE,,,21,29,2,0.0485,casual,brights,all_season,0.4,fair,0.53,facebook_marketplace
98d82b28-1cb7-4b83-b492-8b5451fccd14,,shirt,23-03-2026,19750,2570,2290,TRUE,77,0.1159,5670,187,4,0.3143,officewear,neutrals,all_season,0.45,poor,,facebook_marketplace
db6c8b73-0e34-4bb5-9542-9275538f45eb,,trousers,31-01-2026,5970,3230,,FALSE,,,27,39,3,0.0662,formal,prints,all_season,0.45,like_new,,facebook_marketplace
62d46915-1417-452c-82b0-22c5eda80558,892a2f74-2bed-43d7-9694-83a0bf0a45c0,jeans,19-01-2026,2480,2400,2210,TRUE,67,0.8911,808,59,3,0.0987,casual,darks,all_season,0.4,poor,0.15,facebook_marketplace
f5962f48-b170-4094-906f-6bdf6fe08d1a,,formal_shirt,09-11-2025,12650,5250,,FALSE,,,304,9,2,0.0154,formal,neutrals,all_season,0.45,fair,,facebook_marketplace
d89b83f5-b239-4b1d-ad73-a5b3da755cfb,b6f7976b-ffbb-4990-a1c7-b034dcceb2e1,trousers,16-08-2025,5970,2570,2250,TRUE,62,0.3769,6342,589,15,1,minimal,brights,all_season,0.55,like_new,0.84,facebook_marketplace
884e0238-1731-45f7-85cd-551ea3c2759a,121f239e-aec5-46d9-a2ac-549c0bed4a66,tshirt,10-12-2025,2520,2180,,FALSE,,,221,3,3,0.005,athleisure,prints,all_season,0.7,good,0.63,facebook_marketplace
046a0f11-9652-4c35-8e06-b3351b69869b,d8cdc6e1-43bc-44f2-8570-3e80baa66681,blazer,06-09-2025,5765,930,,FALSE,,,453,20,3,0.0338,officewear,brights,all_season,0.45,good,0.71,facebook_marketplace
9054ec14-f32a-44ba-8515-8eeea9ff100d,,shorts,01-01-2026,2390,1190,,FALSE,,,140,39,1,0.065,athleisure,neutrals,summer,0.665,good,,facebook_marketplace
029a56de-def7-4703-b5ab-6d11117aaf3e,e7287764-7f6a-4396-9ec1-efd325aa51e7,lehenga,16-06-2025,9470,9470,,FALSE,,,237,1,1,0.0017,"ethnic,bridal",prints,festive,0.92,like_new,0.87,facebook_marketplace
7afc9faf-7059-41bc-be50-6b39acc26c9f,9098a177-165a-405c-8ac7-6252a8da34cf,trousers,30-10-2025,5970,1280,,FALSE,,,64,6,2,0.0102,formal,prints,all_season,0.45,fair,0.44,facebook_marketplace
97a37bb6-d3d7-4718-8da1-5f659af8d096,5c4ca51e-a5e0-4103-8c13-a3a936b820b1,kurta,27-08-2025,2350,1280,,FALSE,,,10,30,3,0.0502,ethnic,brights,all_season,0.75,good,0.7,facebook_marketplace
1846935a-0e57-451f-b65e-5e2afe4397c9,4c42cded-7bab-497f-a01e-a59605300062,kurta,27-01-2026,5600,3560,3550,TRUE,3,0.6339,1765,238,6,0.398,"ethnic,bridal",prints,festive,0.92,like_new,0.79,facebook_marketplace
fa91a88d-6fa6-4a07-8c4f-245212bb5539,,kurta,25-03-2026,4420,2770,2390,TRUE,4,0.5407,3329,161,14,0.2692,casual,metallics,festive,0.46,like_new,,facebook_marketplace
896c97f2-a5d7-4703-a58b-d18387d79fb7,,shorts,10-03-2026,2690,1890,,FALSE,,,211,29,0,0.0483,athleisure,prints,summer,0.665,good,,facebook_marketplace
8e1a9eba-2429-4268-8029-43f63fa5ea48,5a722540-8595-4243-a53c-46fe5e2bd2be,dress,03-04-2026,6950,3770,3660,TRUE,13,0.5266,5139,328,7,0.5974,officewear,pastels,all_season,0.45,like_new,0.86,facebook_marketplace
85600496-162b-4030-8b62-bba4b13a0498,,formal_shirt,11-01-2026,5820,4920,4650,TRUE,86,0.799,7397,212,2,0.363,formal,darks,all_season,0.45,good,,facebook_marketplace
39f2e1c6-73f1-47b1-b197-786552d37c21,69939133-dde1-47a7-b94b-aa06be84604f,shirt,11-09-2025,2670,1330,,FALSE,,,85,20,0,0.0336,"casual,officewear",darks,all_season,0.425,good,0.58,facebook_marketplace
2e731208-c4d3-474b-916d-de6308fbe20f,500439e0-c6ab-44d2-bd59-771ac69e11ec,sweater,22-04-2026,11165,1450,1290,TRUE,31,0.1155,2068,592,3,0.9916,casual,darks,winter,0.42,new_with_tags,0.96,facebook_marketplace
dc2a5935-9345-4939-9f61-406e6b5e2cb8,1386a579-15ef-4980-8fea-2210288ca4b2,trousers,17-05-2026,5970,1320,,FALSE,,,15,16,2,0.0272,formal,brights,all_season,0.45,like_new,0.83,facebook_marketplace
5b91b88e-5a21-4f8c-a2c6-321c20f75246,,blazer,19-09-2025,5765,3220,,FALSE,,,492,1,0,0.0017,officewear,brights,all_season,0.45,good,,facebook_marketplace
2e902622-3fcb-48b8-a709-662ddac3194e,4bb56674-50ee-49e8-867e-433b9030f5d5,shirt,20-05-2026,3770,2530,,FALSE,,,418,39,3,0.0655,casual,neutrals,all_season,0.4,like_new,0.76,facebook_marketplace
6d979717-0c3d-4b97-9f49-99c2e55ec437,,shirt,02-11-2025,2670,2640,,FALSE,,,91,30,3,0.0504,casual,neutrals,all_season,0.4,poor,,facebook_marketplace
4425cbc9-3f3d-421e-b079-12b150eab50e,,sweater,10-03-2026,11165,7070,6950,TRUE,119,0.6225,3446,580,10,0.9715,casual,pastels,winter,0.42,like_new,,facebook_marketplace
e3d1d266-2757-43d8-9c8a-b572657f2fb8,a0044546-b9b8-4fb1-9d22-c147af73ff46,formal_shirt,11-06-2025,5820,1260,,FALSE,,,200,43,2,0.0736,"officewear,formal",darks,all_season,0.45,new_with_tags,0.92,facebook_marketplace
0f24ad5e-0973-4653-8315-0e14445f8276,15355ea8-1e19-4f5c-a3e3-8b45bae5705e,formal_shirt,27-03-2026,5820,4180,,FALSE,,,328,38,0,0.0651,formal,neutrals,all_season,0.45,good,0.74,facebook_marketplace
53b9f9d6-cb5e-449a-9d4d-996d566a2f85,e7b60c33-f269-4988-be28-1979c5a56826,kurta,07-07-2025,7060,2550,2370,TRUE,4,0.3357,7491,237,5,0.3963,"ethnic,bridal",darks,festive,0.92,poor,0.3,facebook_marketplace
e254b05d-aa84-4b9f-b90b-fe6f66cfec88,,kurta,12-01-2026,7060,3710,,FALSE,,,459,1,0,0.0017,ethnic,metallics,all_season,0.75,like_new,,facebook_marketplace
a2cebea0-11ed-419b-91c1-0cbecbbdd4fc,,trousers,28-07-2025,5970,5060,4580,TRUE,18,0.7672,7982,372,11,0.6316,casual,darks,all_season,0.4,fair,,facebook_marketplace
468c3e13-0fd8-4f38-acc3-586c361f937f,,trousers,26-08-2025,5970,5020,,FALSE,,,250,28,2,0.0475,casual,brights,all_season,0.4,poor,,facebook_marketplace
0205383c-079d-4a59-9b40-a38eae0dd8fb,cfcec424-dbb1-4333-b2e7-01d36c659733,kurta,20-12-2025,7060,5550,5530,TRUE,39,0.7833,1029,327,2,0.5468,"ethnic,bridal",neutrals,festive,0.92,like_new,0.85,facebook_marketplace
655e20ce-f666-4f2b-bcdd-6251b81a1a70,,kurta,29-04-2026,7060,4480,,FALSE,,,68,45,0,0.0753,ethnic,prints,festive,0.8625,fair,,facebook_marketplace
d1d9cfb2-4100-416b-8ee3-e3f63dcbcd92,,jeans,23-02-2026,2410,1970,,FALSE,,,496,6,1,0.01,streetwear,pastels,all_season,0.65,new_with_tags,,facebook_marketplace
2b1adb3d-af84-4471-ba00-92d50615e171,,jeans,22-09-2025,2480,2460,2260,TRUE,113,0.9113,6503,79,15,0.1321,"casual,minimal",metallics,all_season,0.475,new_with_tags,,facebook_marketplace
b34f09ec-7a2b-4d7c-b2e4-4f77e2db6f23,,skirt,23-07-2025,2985,1370,1170,TRUE,100,0.392,7200,366,8,0.61,casual,neutrals,all_season,0.4,new_with_tags,,facebook_marketplace
31def416-01b9-41b5-bc72-ed4e6918b48a,,shirt,20-02-2026,1920,1370,1180,TRUE,99,0.6146,4041,406,1,0.6824,casual,metallics,all_season,0.4,like_new,,facebook_marketplace
03d47054-36c5-4da0-842a-a640f2ce45a6,,anarkali,29-12-2025,5545,5545,,FALSE,,,77,26,1,0.0448,fusion,prints,festive,0.92,fair,,facebook_marketplace
ed44ae4e-4e88-4a4a-b099-bb76fd9fb577,ea2388ba-bc54-4997-ac76-ed2d847ae5ce,activewear,30-11-2025,4900,890,,FALSE,,,230,41,0,0.0688,athleisure,prints,all_season,0.7,new_with_tags,0.98,facebook_marketplace
8ae5d481-8ac0-47ff-8c53-2db30e431503,,tshirt,13-04-2026,2520,2340,,FALSE,,,353,21,0,0.0351,"casual,streetwear",brights,all_season,0.525,new_with_tags,,facebook_marketplace
b87d0537-e517-41c6-9806-bf6d62da9758,,skirt,10-05-2026,2985,2320,2180,TRUE,90,0.7303,2960,461,7,0.7683,boho,metallics,all_season,0.5,new_with_tags,,facebook_marketplace
1e594f19-8dc6-479e-bd7c-6667b470e2fd,,saree,10-11-2025,309080,31200,,FALSE,,,143,26,0,0.0433,bridal,brights,festive,0.9775,poor,,facebook_marketplace
b7c51b85-22e1-4750-993e-bdf89e221fbe,a9eb78de-b618-4045-a310-3464ff4abb4c,trousers,17-05-2026,5970,2370,2030,TRUE,68,0.34,7652,47,10,0.0798,formal,brights,all_season,0.45,poor,0.11,facebook_marketplace
c48165ee-898a-4c67-90f8-0d09df90e511,9c4d1f57-96ad-4320-a651-33ce3f0c8a0d,tshirt,23-05-2026,4400,2460,,FALSE,,,432,30,0,0.0501,minimal,neutrals,all_season,0.55,good,0.71,facebook_marketplace
81726979-064e-4031-bfbb-bd3b4f0503c0,3846119b-73ef-4ee9-a7c4-451f4f34afd1,jeans,09-07-2025,2570,1070,,FALSE,,,65,23,0,0.0385,"casual,streetwear",prints,all_season,0.525,good,0.59,facebook_marketplace
c6413012-f057-4620-8e63-3634b483fecf,d93a6035-c75a-49e7-8c2c-9f6e0d91346f,activewear,20-09-2025,4900,1410,,FALSE,,,481,23,0,0.0386,athleisure,brights,all_season,0.7,like_new,0.87,facebook_marketplace
564a67d0-338f-4da7-a112-ae2e7b0f0127,de7c9881-4994-49d4-85ed-8bb8ed23f716,anarkali,17-10-2025,5545,4410,,FALSE,,,34,29,2,0.0499,fusion,neutrals,festive,0.92,good,0.74,facebook_marketplace
cd6671d9-a660-4288-9099-3d2e03d26675,294b10bc-1b5c-484e-b02f-9873d4ed48db,anarkali,20-09-2025,5545,1330,1270,TRUE,39,0.229,3259,295,7,0.5077,bridal,metallics,festive,0.9775,poor,0.28,facebook_marketplace
ac600261-4fdc-4804-a52d-e709d2a68f7d,f13f30f6-8882-4235-9da0-fa893d8f3f24,skirt,09-03-2026,2985,1960,,FALSE,,,84,44,1,0.0733,casual,darks,all_season,0.4,like_new,0.87,facebook_marketplace
2819a443-8a27-4d7a-a8ef-bbbfa32f468d,,coat,19-03-2026,18800,4860,,FALSE,,,279,42,0,0.0736,casual,prints,winter,0.42,fair,,facebook_marketplace
481e78b3-8b6a-4f2f-a048-152c2cffbd08,,kurta,22-12-2025,16770,3490,,FALSE,,,424,13,2,0.0217,ethnic,brights,all_season,0.75,poor,,facebook_marketplace
ecf876b2-9a1c-495f-8d2e-6f232a66752d,6d7d6818-6642-49a4-ad47-3bf1c6c9f126,saree,01-12-2025,14100,14100,12440,TRUE,70,0.8823,3219,220,14,0.3667,"ethnic,bridal",pastels,festive,0.92,good,0.72,facebook_marketplace
c5b6cfda-3750-48cd-9a57-433285138438,ab945769-c191-466c-907d-2dc5594c3397,jacket,24-04-2026,8050,1470,1380,TRUE,9,0.1714,1895,157,9,0.2617,casual,metallics,winter,0.42,good,0.62,facebook_marketplace
22853540-cf96-4404-abef-5c9d7c0edc0b,e3d49832-08cf-4750-872e-3125bc18abc8,jacket,02-12-2025,4460,3680,,FALSE,,,262,25,2,0.0417,casual,prints,winter,0.42,new_with_tags,0.94,facebook_marketplace
1cdce2f5-5ec3-4d68-8499-131682844c65,82534c5c-8637-4ebe-8cd9-cb8caf8b3dfc,trousers,11-12-2025,8010,5440,4680,TRUE,86,0.5843,3541,413,3,0.7012,officewear,metallics,all_season,0.45,like_new,0.77,facebook_marketplace
8c42b275-2d99-4718-84ac-5e7cc2e83c6b,,jeans,03-10-2025,2480,1930,,FALSE,,,27,43,2,0.0719,minimal,neutrals,all_season,0.55,good,,facebook_marketplace
5729bad7-8174-4944-a004-de5c16377391,,activewear,24-07-2025,4900,3420,,FALSE,,,383,16,0,0.0268,athleisure,brights,all_season,0.7,fair,,facebook_marketplace
4601a105-8ef4-4d3e-a84e-b25f92bf73d8,e6e9075a-e2ba-4db2-8a1f-fdd69e41ef70,shirt,02-11-2025,3240,2730,,FALSE,,,389,15,0,0.0252,casual,prints,all_season,0.4,new_with_tags,0.99,facebook_marketplace
6eee0c1e-efbf-4072-82e7-c1913159ca67,,jacket,08-04-2026,8050,1330,,FALSE,,,94,19,2,0.0317,casual,pastels,winter,0.42,good,,facebook_marketplace
38ebd379-bde2-4880-ad72-fd131a2a9e57,,jacket,03-06-2025,8050,4150,3540,TRUE,58,0.4398,5274,84,9,0.14,casual,prints,all_season,0.4,poor,,facebook_marketplace
2c3eba59-2c4c-47e8-801c-7a4bb916add9,,other,10-01-2026,3160,2580,2560,TRUE,98,0.8101,805,372,5,0.621,casual,brights,all_season,0.4,good,,facebook_marketplace
27f196b7-93b8-4143-a6c1-2841191315cf,,activewear,12-09-2025,2500,2100,1880,TRUE,63,0.752,7558,550,8,0.9228,casual,pastels,all_season,0.4,new_with_tags,,facebook_marketplace
653a4619-e80b-4a4d-873a-fef92034e455,35c234f9-de6e-464b-b590-fa433777a4a7,activewear,14-05-2026,4900,1950,,FALSE,,,258,32,0,0.0537,athleisure,neutrals,all_season,0.7,like_new,0.87,facebook_marketplace
25c8ce07-01c2-4b35-a78b-d2607f3d2f9c,426e1cc1-e69d-4510-a576-0f323fd65a50,saree,17-01-2026,14100,1470,1290,TRUE,67,0.0915,2470,342,14,0.57,ethnic,neutrals,festive,0.8625,like_new,0.85,facebook_marketplace
2403c67d-d868-4ad5-9a13-0c0bbef8751b,7bc8992f-84fd-4d8f-97e3-37bdb892db6b,jeans,18-02-2026,1420,620,,FALSE,,,471,0,1,0,casual,neutrals,all_season,0.4,good,0.56,facebook_marketplace
938429ef-e7a1-4005-8500-b353d8314b19,233a1a2e-8280-4c04-ad55-8aaef108628e,tshirt,02-02-2026,2520,2520,,FALSE,,,209,6,0,0.01,athleisure,brights,all_season,0.7,like_new,0.81,facebook_marketplace
3bc3fc9a-c0b5-473c-abda-0b0c8b7d2728,b878cd56-333c-4c84-b7b1-27cbbd876958,saree,08-08-2025,14100,1800,,FALSE,,,231,21,3,0.035,ethnic,brights,festive,0.8625,like_new,0.77,facebook_marketplace
face7e43-f7e8-4d2f-8c2a-3f80b6e27dac,,formal_shirt,19-08-2025,24220,4280,,FALSE,,,75,12,2,0.0205,"officewear,formal",metallics,all_season,0.45,poor,,facebook_marketplace
edc66229-0df7-4410-8574-469073d9decc,,skirt,02-10-2025,2800,1470,1250,TRUE,106,0.4464,5386,521,12,0.8683,boho,pastels,all_season,0.5,good,,facebook_marketplace
6306c974-72fa-41bd-afc1-b94808be2847,,jeans,03-10-2025,2480,1940,,FALSE,,,71,28,0,0.0468,streetwear,darks,all_season,0.65,poor,,facebook_marketplace
7ce2a8d5-561f-4231-9f6d-06c992d19799,,blouse,28-11-2025,7880,5910,5250,TRUE,67,0.6662,1971,306,11,0.5126,bridal,brights,festive,0.9775,good,,facebook_marketplace
25653735-9fcb-4f3a-8e03-11db614c4c7e,9b5bdbcf-3f0c-494c-884a-7eff292170ad,jeans,03-01-2026,2480,1560,,FALSE,,,141,31,2,0.0518,casual,brights,all_season,0.4,like_new,0.76,facebook_marketplace
08835c1f-9d99-48ae-ba0f-d65ea87007a5,,shirt,11-03-2026,1870,1680,,FALSE,,,438,10,3,0.0168,minimal,metallics,all_season,0.55,new_with_tags,,facebook_marketplace
8a306737-7f80-482e-9ef8-03147585d159,,activewear,07-01-2026,4900,3700,3200,TRUE,115,0.6531,1896,402,15,0.6745,athleisure,pastels,all_season,0.7,good,,facebook_marketplace
a9ccc8f8-f95a-4c0a-8a8f-a54061b22560,,jacket,07-09-2025,8050,5250,5050,TRUE,94,0.6273,7246,306,2,0.51,casual,pastels,winter,0.42,poor,,facebook_marketplace
3e1041b6-047b-46c9-b7b0-da2912707c70,982a2bc2-0f89-4c8d-9522-c88a2eb1d9b1,anarkali,07-07-2025,5545,5545,4750,TRUE,30,0.8566,3327,287,3,0.494,ethnic,darks,festive,0.8625,like_new,0.83,facebook_marketplace
6281f5a7-5595-43f4-883d-b1d435e03024,d51f1a91-2053-407f-818e-2469be53cb75,kurta,28-03-2026,7060,5800,5480,TRUE,34,0.7762,6260,296,12,0.495,fusion,brights,all_season,0.8,new_with_tags,0.95,facebook_marketplace
7e3ad277-8e42-4e95-8427-1d670abdae9b,,other,24-08-2025,3160,1970,1720,TRUE,20,0.5443,3924,285,11,0.4758,casual,prints,all_season,0.4,fair,,facebook_marketplace
74fa47a7-b80e-47ee-be96-7e27f8888ce6,654d893b-d84c-45fd-9d7b-736d43c05ceb,jeans,24-08-2025,4040,2200,,FALSE,,,13,45,2,0.0753,minimal,darks,all_season,0.55,good,0.68,facebook_marketplace
d6c4f6c7-4472-4b42-bd91-2d436701f820,,shirt,23-11-2025,2670,950,,FALSE,,,113,16,2,0.0269,"casual,officewear",darks,all_season,0.425,good,,facebook_marketplace
9b7be8f8-a900-494a-811d-57c6430c1300,f0d38188-cd27-4d2b-95ab-db168aa95392,skirt,11-07-2025,2985,1160,,FALSE,,,500,30,1,0.05,casual,darks,all_season,0.4,new_with_tags,0.91,facebook_marketplace
7905f314-3ac5-41db-baa1-e698952bab20,299e883b-5c24-45ee-817e-cef520baf84e,sweater,24-03-2026,11165,3940,3450,TRUE,66,0.309,5321,247,13,0.4137,casual,darks,winter,0.42,fair,0.37,facebook_marketplace
34db5e35-b35f-4bd2-a7ea-9288a7adfdcf,,saree,24-02-2026,14100,8700,,FALSE,,,163,28,3,0.0467,bridal,metallics,festive,0.9775,like_new,,facebook_marketplace
390d9f1c-8db7-42c7-a974-5d70cde75e37,19320b91-e40b-4aa9-8d56-9da454c597f9,kurta,14-05-2026,7060,2860,2490,TRUE,110,0.3527,2519,482,2,0.806,fusion,pastels,all_season,0.8,new_with_tags,0.99,facebook_marketplace
12cdea5e-46a5-4ad2-b656-f6a3181435e5,750de926-3fa6-4f76-8544-bccb421fa2d4,saree,01-01-2026,14100,2550,2500,TRUE,17,0.1773,4055,373,15,0.6217,ethnic,neutrals,festive,0.8625,poor,0.26,facebook_marketplace
d98e761b-ced0-4380-b3f8-4f6e2e189715,,saree,13-02-2026,8910,4580,,FALSE,,,71,29,3,0.0483,ethnic,prints,festive,0.8625,good,,facebook_marketplace
1961c441-c668-43b0-b586-e9e82eecd74e,05fa96a7-7478-44a4-bcc4-d86e4c5778d7,kurta,16-11-2025,7060,2640,,FALSE,,,181,21,1,0.0351,ethnic,neutrals,all_season,0.75,like_new,0.76,facebook_marketplace
17c1b334-1d9e-4ddd-95f9-acf6819b28e1,9cd35e0c-0e95-4001-ac27-5e07b394af74,anarkali,28-11-2025,5545,1080,,FALSE,,,133,40,2,0.0688,bridal,pastels,festive,0.9775,fair,0.41,facebook_marketplace
13016e61-8d00-483b-bb47-c7258fb6890a,233d0403-c5f4-46f0-8cac-a240d60197d1,trousers,21-11-2025,5970,4630,4270,TRUE,74,0.7152,2262,136,1,0.2309,formal,neutrals,all_season,0.45,poor,0.16,facebook_marketplace
9de60d21-a127-4c8c-ba2f-23ee1cdcad03,,jeans,27-02-2026,11330,1900,,FALSE,,,141,36,1,0.0602,streetwear,prints,all_season,0.65,poor,,facebook_marketplace
647e5d2c-e30a-4963-a598-ab9adc9decad,e8c7b599-5a0c-4b89-85fc-94cb5d97e43e,trousers,15-10-2025,5970,5160,,FALSE,,,244,2,3,0.0034,formal,prints,all_season,0.45,good,0.68,facebook_marketplace
727b2615-d304-480c-9b7b-38f1a47bf497,,other,07-01-2026,3160,2020,,FALSE,,,427,28,3,0.0467,casual,pastels,all_season,0.4,fair,,facebook_marketplace
98b5382a-3ebc-4096-929a-2b106f48cc68,0706ca31-42da-4f0c-95fe-c1adf96504f0,saree,21-12-2025,14100,14100,,FALSE,,,473,34,1,0.0567,bridal,pastels,festive,0.9775,poor,0.1,facebook_marketplace
5ab916f2-db45-4b16-a118-224ea4f63fc7,1ed3a6d7-cd19-47a9-9029-f33537742c77,formal_shirt,05-01-2026,5820,1980,,FALSE,,,404,29,1,0.0497,formal,pastels,all_season,0.45,like_new,0.85,facebook_marketplace
2fecc081-8fda-4106-8549-c2a775abd869,e67228bc-58c1-48d0-84d9-c6fccf782227,anarkali,09-04-2026,5545,1400,,FALSE,,,277,1,3,0.0017,"ethnic,bridal",prints,festive,0.92,new_with_tags,0.92,facebook_marketplace
5c8f255b-e9d5-48aa-a8d1-f84a39a57df1,,shirt,26-12-2025,3660,1510,1320,TRUE,120,0.3607,1374,155,7,0.2605,casual,neutrals,all_season,0.4,fair,,facebook_marketplace
0cd63530-77b3-4470-9a04-f87d75ea3ba5,,lehenga,07-12-2025,9470,3590,,FALSE,,,229,23,0,0.0385,"ethnic,bridal",brights,festive,0.92,good,,facebook_marketplace
7b528cca-275d-4d92-b677-eceb78cbcc25,,sweater,17-04-2026,11165,8660,,FALSE,,,325,28,0,0.0469,casual,darks,winter,0.42,good,,facebook_marketplace
78cba6a2-53e4-4515-9011-78c68c5e5e9d,05cee8a9-c242-4851-8890-325984033697,activewear,15-10-2025,4900,2730,2660,TRUE,70,0.5429,2096,172,3,0.2886,athleisure,metallics,all_season,0.7,new_with_tags,0.93,facebook_marketplace
ba0cbfc0-6094-4207-867c-83fb17b26048,,coat,06-06-2025,23000,8470,8140,TRUE,113,0.3539,2204,28,1,0.049,casual,darks,winter,0.42,fair,,facebook_marketplace
27174a71-ad1e-4e43-8859-e9352394a84b,,shirt,10-11-2025,2670,1990,1710,TRUE,93,0.6404,5860,124,11,0.2084,casual,brights,all_season,0.4,fair,,facebook_marketplace
e4d2a9e2-346a-45c0-8a4f-b472ef24597f,,trousers,30-01-2026,5970,4280,,FALSE,,,372,4,1,0.0068,minimal,pastels,all_season,0.55,like_new,,facebook_marketplace
0145ab90-58f9-4af6-ba2c-ae8bda1ce96a,,formal_shirt,17-08-2025,7520,4070,4020,TRUE,114,0.5346,2446,578,1,0.9897,formal,prints,all_season,0.45,good,,facebook_marketplace
b1ba3aff-c0d3-4705-8168-d703f117922c,,coat,23-05-2026,9620,2580,,FALSE,,,151,20,0,0.035,minimal,brights,winter,0.5775,like_new,,facebook_marketplace
eb9f2daf-5fc1-4b37-bce7-c15e2de8be23,,jacket,03-01-2026,8050,8050,7810,TRUE,11,0.9702,1013,375,13,0.625,casual,neutrals,winter,0.42,good,,facebook_marketplace
94ef76ce-82a7-4e08-b2e6-26e9778ba99d,,anarkali,26-10-2025,5545,1290,1190,TRUE,52,0.2146,6033,386,3,0.6644,bridal,metallics,festive,0.9775,poor,,facebook_marketplace
e941439b-45c2-42c4-99b9-4fb3195c7882,,activewear,04-05-2026,1620,720,,FALSE,,,17,19,0,0.0319,casual,metallics,all_season,0.4,good,,facebook_marketplace
81a85fa7-ff88-49d0-9d73-c45971fbb739,27ee127d-246e-4588-ae96-2949a5c91045,jacket,11-09-2025,8050,7030,,FALSE,,,311,5,1,0.0083,casual,pastels,winter,0.42,good,0.66,facebook_marketplace
b35e1c9b-f615-40fb-be9a-0569c9678aa6,4268d678-cac8-41cb-b524-0ded1f275545,kurta,30-01-2026,3770,2720,,FALSE,,,297,25,0,0.0418,ethnic,pastels,all_season,0.75,new_with_tags,1,facebook_marketplace
da5e28cc-1332-4a3c-8815-adf5156580e4,,kurta,23-01-2026,7060,5650,,FALSE,,,287,11,1,0.0184,"ethnic,bridal",neutrals,festive,0.92,fair,,facebook_marketplace
e698a527-d7c4-4b5f-ad68-a858e1d961db,,shirt,15-02-2026,1500,810,,FALSE,,,294,40,1,0.0672,"casual,minimal",prints,all_season,0.475,like_new,,facebook_marketplace
0969d2f0-8988-428c-817e-1bbd7d515878,,formal_shirt,02-11-2025,5870,3750,3280,TRUE,61,0.5588,3295,508,13,0.8699,"officewear,formal",darks,all_season,0.45,like_new,,facebook_marketplace
d19d29f0-324d-4324-a375-798b2f15cd76,35132791-6b8c-43bd-a2b8-5b497f26765a,lehenga,22-08-2025,9470,9470,8560,TRUE,80,0.9039,2277,351,4,0.5879,bridal,pastels,festive,0.9775,like_new,0.88,facebook_marketplace
648cf853-ebf5-44d2-9703-ae39e01271fe,,shirt,26-08-2025,2670,1590,1480,TRUE,112,0.5543,4670,280,11,0.4706,casual,prints,all_season,0.4,fair,,facebook_marketplace
9791cd5d-4a4a-4d8c-9699-ffac0d7d752b,70bbf53f-39a9-4877-95a6-9efa3e0948f4,saree,13-03-2026,14100,4070,,FALSE,,,262,17,0,0.0283,ethnic,metallics,festive,0.8625,like_new,0.77,facebook_marketplace
8fb7f38a-5e12-43c5-868f-1901d7932f8e,cf8314af-00ec-434d-9856-b26b0dbb7861,dupatta,07-09-2025,6070,5350,,FALSE,,,188,41,0,0.0684,ethnic,brights,festive,0.8625,good,0.68,facebook_marketplace
792c3689-7370-4996-9c6a-5d89ae58eb27,e181cb87-6173-4cba-9064-b73a755867c5,other,27-08-2025,3160,830,760,TRUE,3,0.2405,6243,561,1,0.9366,casual,darks,all_season,0.4,poor,0.22,facebook_marketplace
9af79eb9-7c9c-4914-b3b8-7e508d618401,,other,22-03-2026,3160,880,760,TRUE,114,0.2405,5963,166,3,0.2771,casual,prints,all_season,0.4,like_new,,facebook_marketplace
3d66eb10-58b7-4783-a8bb-bb3d993617ba,,tshirt,30-06-2025,2520,2090,1950,TRUE,93,0.7738,5963,75,3,0.1252,casual,neutrals,all_season,0.4,poor,,facebook_marketplace
1eadb31f-2215-4b00-863d-b87687729f67,,jacket,29-07-2025,8050,2660,2420,TRUE,45,0.3006,7578,68,9,0.1133,casual,brights,winter,0.42,good,,facebook_marketplace
4f3bfe57-2af2-44ae-b996-4660ae95a2f9,,formal_shirt,16-10-2025,5820,2150,,FALSE,,,322,27,3,0.0462,"officewear,formal",neutrals,all_season,0.45,like_new,,facebook_marketplace
db6d65a6-0a8e-44a7-95f0-13c54837258e,7c9a9e51-7e80-4f68-af57-a879bf7d437f,lehenga,23-11-2025,9470,9470,,FALSE,,,302,44,3,0.0737,bridal,metallics,festive,0.9775,like_new,0.85,facebook_marketplace
d14363f7-f120-4d06-9cd7-b21a686690f9,,skirt,27-12-2025,2985,880,,FALSE,,,346,19,3,0.0317,casual,brights,all_season,0.4,fair,,facebook_marketplace
aa798e93-0195-4392-9ec9-77edf3010e50,99d52e19-fbfc-4654-b872-e201a5f26f45,shorts,15-05-2026,2690,2230,,FALSE,,,302,27,1,0.045,casual,darks,summer,0.38,new_with_tags,0.94,facebook_marketplace
93d2fccf-4841-4765-bd27-15fa2e837376,,tshirt,16-04-2026,2520,1960,1930,TRUE,13,0.7659,1948,415,15,0.6928,athleisure,prints,all_season,0.7,like_new,,facebook_marketplace
97e65c52-bdd8-4f81-acf5-89c3cf661890,,trousers,11-11-2025,5970,1000,,FALSE,,,293,8,0,0.0136,casual,prints,all_season,0.4,new_with_tags,,facebook_marketplace
57951cf7-1fc4-4c12-9d70-ddcd7111b734,,activewear,12-07-2025,7210,2760,2370,TRUE,113,0.3287,1801,425,3,0.7131,athleisure,prints,all_season,0.7,fair,,facebook_marketplace
4f37a314-7504-4d06-91dd-94e1bb8bca32,63ec358f-fedf-4376-babd-2d4b1c855649,shirt,25-12-2025,2670,1420,,FALSE,,,241,9,0,0.0151,streetwear,pastels,all_season,0.65,good,0.68,facebook_marketplace
032383fb-823b-4f6e-a17e-f55e8fd537d2,,jeans,03-01-2026,2480,2480,,FALSE,,,457,41,1,0.0686,casual,darks,all_season,0.4,new_with_tags,,facebook_marketplace
f1fd9494-570c-437d-92aa-c7090f78ef53,41044d3c-2654-418d-8e05-f26fb25dc06c,activewear,13-12-2025,4900,1010,,FALSE,,,213,22,3,0.0369,athleisure,brights,all_season,0.7,good,0.7,facebook_marketplace
b2c4e693-3379-45b9-88e6-89ecce7cd59c,479d2ea5-457e-4ba8-ab1d-36bd0e8331cf,saree,25-03-2026,14100,4900,,FALSE,,,147,39,3,0.065,ethnic,pastels,festive,0.8625,poor,0.27,facebook_marketplace
c97bd0a1-5ad8-4be6-90be-ba49fcafcf35,,saree,19-10-2025,54570,20900,19920,TRUE,16,0.365,6465,334,3,0.5567,ethnic,neutrals,festive,0.8625,fair,,facebook_marketplace
5d8168a8-5de4-4ca1-b675-c048df4985bd,ebce04ee-9101-4664-a4c6-f60fb2c7f09e,tshirt,24-08-2025,2520,430,410,TRUE,26,0.1627,1116,80,2,0.1336,athleisure,darks,all_season,0.7,poor,0.17,facebook_marketplace
782fbb80-eec9-4550-bf18-7ff2efa259f4,,tshirt,15-11-2025,2520,1370,,FALSE,,,266,14,0,0.0234,casual,metallics,all_season,0.4,good,,facebook_marketplace
1027404b-491e-42c5-9e3a-5cce9584302e,6165d97a-f9a8-458b-9a57-b4d24cbd9211,blazer,18-01-2026,5765,3310,3280,TRUE,23,0.569,1665,459,7,0.7753,formal,pastels,all_season,0.45,fair,0.39,facebook_marketplace
8a74b1c4-4a1f-46dc-b5bd-8d9032e97cfd,,blouse,12-10-2025,7880,2560,,FALSE,,,127,37,2,0.062,bridal,metallics,festive,0.9775,like_new,,facebook_marketplace
9f0fc7ac-40d0-4509-9739-3d68f121051f,,saree,08-10-2025,14100,6460,,FALSE,,,251,28,3,0.0467,"ethnic,bridal",prints,festive,0.92,new_with_tags,,facebook_marketplace
8a1e5cab-990e-48f2-9ba4-73b820f8be04,fa5549ec-979e-4957-8a49-02d4434e2790,jacket,29-08-2025,3870,1240,1120,TRUE,64,0.2894,6283,147,11,0.245,casual,brights,winter,0.42,fair,0.5,facebook_marketplace
a0343138-0d93-4a3b-a383-d9522c4ac4bf,,lehenga,03-11-2025,9470,9470,9280,TRUE,70,0.9799,924,352,13,0.5896,bridal,brights,festive,0.9775,new_with_tags,,facebook_marketplace
85e5ef5f-d085-4bb1-9072-be0c75fe5ef4,,saree,21-12-2025,14100,14100,12400,TRUE,8,0.8794,6949,429,7,0.715,ethnic,metallics,festive,0.8625,like_new,,facebook_marketplace
94e31c58-a223-4cb6-890b-126990bfd22c,fe0c1ee6-884a-427a-81ab-fc28deae57fc,anarkali,18-03-2026,5545,1830,,FALSE,,,94,10,2,0.0172,ethnic,pastels,festive,0.8625,fair,0.42,facebook_marketplace
792cf7e2-fb60-4add-acd6-ee52fc4bee52,,jacket,27-04-2026,8050,4170,3950,TRUE,96,0.4907,7951,582,13,0.97,casual,darks,winter,0.42,like_new,,facebook_marketplace
8e01ae84-7b35-48aa-8c35-6ee923a2c10f,c5986cb6-5b4e-4e07-9bf9-5e7e647b4c2a,dupatta,23-07-2025,6070,4970,,FALSE,,,338,36,1,0.0601,"ethnic,bridal",prints,festive,0.92,good,0.65,facebook_marketplace
24bb9d22-fc11-406b-87ec-396ce667e34c,,coat,15-05-2026,9620,4930,,FALSE,,,169,27,3,0.0473,casual,brights,winter,0.42,like_new,,facebook_marketplace
85e5d5a5-6e2e-474a-9e5f-2b46470d04c0,,shirt,29-04-2026,2670,2320,,FALSE,,,425,20,1,0.0336,casual,brights,all_season,0.4,good,,facebook_marketplace
da77b2a9-5ee4-426a-8b56-a489e41357a0,,kurta,19-03-2026,9540,5070,,FALSE,,,85,34,3,0.0569,ethnic,brights,all_season,0.75,good,,facebook_marketplace
3f16d2ab-6767-4dc7-b794-40f7d3616c16,1122dcad-8bee-4603-b2c9-04148deb3cb7,tshirt,14-01-2026,3330,1400,1390,TRUE,76,0.4174,4492,549,1,0.9165,athleisure,brights,all_season,0.7,good,0.73,facebook_marketplace
d876f7b5-b779-4711-8154-b6aa42916920,,dress,29-04-2026,22070,4430,,FALSE,,,121,24,3,0.0437,casual,neutrals,all_season,0.4,poor,,facebook_marketplace
28a964cd-0724-4731-9851-ae1a66c583df,,formal_shirt,09-09-2025,4420,2520,,FALSE,,,81,22,2,0.0377,formal,darks,all_season,0.45,good,,facebook_marketplace
e6d4fe84-4fe2-44ef-ba4d-bd3f9f1fe4fd,a9996de6-bf89-427e-99a5-a5d0794b74e7,lehenga,13-10-2025,9470,3690,3180,TRUE,6,0.3358,4849,520,1,0.871,ethnic,prints,festive,0.8625,good,0.64,facebook_marketplace
28885b9f-384a-4160-89d2-d1c29a0de6ff,,formal_shirt,24-12-2025,5820,3880,,FALSE,,,420,12,3,0.0205,formal,darks,all_season,0.45,like_new,,facebook_marketplace
859d8131-165a-4d7e-9db2-42fa2801fc17,,activewear,06-12-2025,4900,3500,3230,TRUE,83,0.6592,2215,413,7,0.693,athleisure,prints,all_season,0.7,fair,,facebook_marketplace
14028c19-c5a2-47b4-8471-7fafcf5f9dc4,,formal_shirt,12-03-2026,5820,1600,,FALSE,,,265,44,1,0.0753,"officewear,formal",brights,all_season,0.45,good,,facebook_marketplace
0d62135b-b234-459e-bb8c-c926a82606bc,,shirt,03-11-2025,2670,1640,,FALSE,,,405,40,1,0.0672,minimal,brights,all_season,0.55,like_new,,facebook_marketplace
bebfabbb-7adc-472c-be90-b46f79e0afe0,48e013eb-c1de-47d9-b183-1d34c27984b5,jacket,19-09-2025,8050,8050,,FALSE,,,289,19,1,0.0317,casual,darks,winter,0.42,good,0.69,facebook_marketplace
31f163dc-e800-46ea-9f5c-0e3b5f737400,,shorts,04-09-2025,2690,1570,,FALSE,,,133,9,2,0.015,athleisure,metallics,summer,0.665,good,,facebook_marketplace
c19d8c02-ae28-49f1-9fb9-6cb5751cc98c,e40ebaef-9840-4ded-928e-8f172bae5a4d,tshirt,22-09-2025,830,480,,FALSE,,,49,21,3,0.0351,athleisure,prints,all_season,0.7,good,0.57,facebook_marketplace
6f0af810-2718-429f-ab7f-5cffa7bc50a2,,formal_shirt,23-11-2025,3570,2630,,FALSE,,,478,44,3,0.0753,"officewear,formal",metallics,all_season,0.45,like_new,,facebook_marketplace
f46cd0f7-b40f-4a0b-b6c2-4581df2fb19e,a60b223f-b07c-4ace-a787-677e5b8bc51b,formal_shirt,22-08-2025,5820,4890,4280,TRUE,76,0.7354,6719,386,13,0.661,formal,metallics,all_season,0.45,good,0.57,facebook_marketplace
89c3d636-d195-4600-9695-fd697a2cdd04,8a3c8cfd-bd5b-4e0a-affc-38de7e818c36,anarkali,04-03-2026,5545,3460,,FALSE,,,7,43,3,0.074,bridal,prints,festive,0.9775,good,0.68,facebook_marketplace
1177534c-2c6e-4ca4-ac5f-476c7120285d,,formal_shirt,19-08-2025,5820,1190,1120,TRUE,106,0.1924,2999,354,11,0.6062,formal,pastels,all_season,0.45,good,,facebook_marketplace
8620ca42-3461-40d8-bfac-e93118344595,,shorts,15-10-2025,2690,1310,,FALSE,,,33,3,2,0.005,casual,metallics,summer,0.38,fair,,facebook_marketplace
45610cef-fd65-4ac4-b96c-fb536c716c46,,other,03-04-2026,3160,570,,FALSE,,,7,19,2,0.0317,casual,darks,all_season,0.4,new_with_tags,,facebook_marketplace
3cad023e-3ad0-43df-9b03-653e2c471b1f,,jacket,19-09-2025,8050,6030,6010,TRUE,113,0.7466,3189,311,6,0.5183,casual,brights,winter,0.42,like_new,,facebook_marketplace
a849b409-60a5-48f2-a44a-90caa64084b5,78a0a4fe-0098-4511-9a5a-a3827a02c958,dupatta,11-10-2025,6070,4090,,FALSE,,,160,20,2,0.0334,"ethnic,bridal",darks,festive,0.92,like_new,0.81,facebook_marketplace
3dd3e88e-db43-4a78-bf57-1b0375c8ae31,57463fe1-bf9d-4d52-9c1b-0f167ee31604,jacket,15-02-2026,8050,5300,4920,TRUE,84,0.6112,2377,395,10,0.6583,casual,pastels,winter,0.42,like_new,0.8,facebook_marketplace
ae1eebff-1285-495d-b2dc-7331ef025acd,,lehenga,03-09-2025,131890,37900,,FALSE,,,482,22,0,0.0369,"ethnic,bridal",pastels,festive,0.92,fair,,facebook_marketplace
78de4cfd-7d88-446a-8633-113b5ea11be7,,shorts,12-01-2026,2390,1570,,FALSE,,,139,44,2,0.0733,athleisure,neutrals,summer,0.665,like_new,,facebook_marketplace
c52257a0-54ec-47a9-b159-fc8f5b3e1442,74ac0f14-2fa8-4188-a7ea-ba52c693c61c,kurta,13-11-2025,5510,3020,,FALSE,,,271,11,3,0.0184,fusion,brights,all_season,0.8,good,0.69,facebook_marketplace
aee59d79-e399-47be-abfd-70504e2e04d6,,coat,29-10-2025,7250,5320,,FALSE,,,296,28,2,0.049,officewear,brights,winter,0.4725,new_with_tags,,facebook_marketplace
01ce160e-4f88-410f-a647-e3635a79306c,4882ca00-ac94-4c5f-8e8a-f0dcbbb9fc63,lehenga,12-07-2025,9470,6190,,FALSE,,,239,21,2,0.0352,ethnic,pastels,festive,0.8625,new_with_tags,0.99,facebook_marketplace
302f224a-e5a4-4829-8638-8121e8f2baf6,facf2f36-4454-4b16-b27b-44c23ae9434d,jeans,04-03-2026,2480,1250,,FALSE,,,30,7,2,0.0117,"casual,streetwear",darks,all_season,0.525,good,0.68,facebook_marketplace
eed9b373-2793-489a-bb44-9d186f663a15,,saree,06-11-2025,14100,14100,12610,TRUE,59,0.8943,2097,470,12,0.7833,ethnic,darks,festive,0.8625,good,,facebook_marketplace
ebd3e1ce-fad3-41f7-b44d-173550517d83,,jeans,24-10-2025,2480,2080,1950,TRUE,46,0.7863,3803,73,13,0.1221,streetwear,prints,all_season,0.65,fair,,facebook_marketplace
684d65ca-8351-4239-9e36-3e8074f31387,10920ae5-f0d2-4728-8dc5-a122c86ce1ec,trousers,16-02-2026,5970,980,860,TRUE,46,0.1441,3597,490,3,0.8319,casual,prints,all_season,0.4,fair,0.51,facebook_marketplace
67f580a0-b215-4d55-a07a-0941e27e3b28,eb9a89c5-5c28-432d-ae19-5e30a73c63aa,dupatta,22-12-2025,2170,1460,1330,TRUE,5,0.6129,7283,156,3,0.2604,ethnic,prints,festive,0.8625,like_new,0.76,facebook_marketplace
d89e02c1-7135-4021-9828-cbc2fefdfd46,,skirt,05-01-2026,2985,1250,1090,TRUE,102,0.3652,3127,98,8,0.1633,casual,neutrals,all_season,0.4,like_new,,facebook_marketplace
40d1616e-7f87-4edc-9599-92c37cbd7d11,26f63e35-624f-41ff-a7af-64ffa2e8e4e2,jeans,05-07-2025,2480,2480,,FALSE,,,309,19,0,0.0318,casual,neutrals,all_season,0.4,poor,0.26,facebook_marketplace
7d91a850-b52e-4cb0-917b-a95b992ceeec,bbbacd10-ead0-4c64-a515-9ab509260aee,saree,19-12-2025,14100,14100,13530,TRUE,65,0.9596,1427,91,3,0.1517,"ethnic,bridal",darks,festive,0.92,new_with_tags,0.97,facebook_marketplace
b07435f6-be57-49f8-945c-4a0af71976c6,,skirt,28-04-2026,2985,2550,,FALSE,,,160,40,1,0.0667,casual,darks,all_season,0.4,good,,facebook_marketplace
c6ec1cb6-440e-49c8-951e-ffeb805fa032,b4dea6dc-a9be-4d6a-8a22-0eb294862eb4,shorts,25-09-2025,4600,2540,2170,TRUE,52,0.4717,3260,402,2,0.67,athleisure,neutrals,summer,0.665,good,0.63,facebook_marketplace
4231cd4a-7c84-4ecd-9c1e-6155f2c01983,,tshirt,11-12-2025,2520,2100,,FALSE,,,498,14,3,0.0234,streetwear,darks,all_season,0.65,poor,,facebook_marketplace
e524b50f-b946-48c2-94c0-f96c9de543be,1e59bbc7-b7b9-4493-b235-2e1650a9706f,shorts,09-11-2025,2690,2400,,FALSE,,,339,42,2,0.07,casual,pastels,summer,0.38,good,0.63,facebook_marketplace
73d9940d-0549-49ca-9db6-131e2becfa9a,,formal_shirt,13-02-2026,20520,5410,,FALSE,,,296,17,1,0.0291,"officewear,formal",darks,all_season,0.45,poor,,facebook_marketplace
3efe8009-5294-4f8b-a8a9-1233ed62f138,,trousers,06-05-2026,5970,2610,,FALSE,,,122,41,3,0.0696,casual,metallics,all_season,0.4,good,,facebook_marketplace
efd4ee49-d665-4f79-adeb-da6b28889768,,shirt,21-12-2025,2670,570,500,TRUE,65,0.1873,3106,178,11,0.2992,"casual,minimal",pastels,all_season,0.475,poor,,facebook_marketplace
ca8d6f51-b34d-46a5-9b00-84c5957144fe,e0b80571-4ee3-4047-ab37-6de33720b0f2,kurta,24-06-2025,7060,2210,1910,TRUE,61,0.2705,1255,89,13,0.1488,fusion,prints,all_season,0.8,good,0.65,facebook_marketplace
a38f8687-582e-4735-a486-875f47af936b,,lehenga,28-04-2026,9470,6200,,FALSE,,,358,43,0,0.072,bridal,prints,festive,0.9775,good,,facebook_marketplace
9d22d4ff-fac7-41a5-b2f0-71484d0fd123,a00850c5-a1dc-4a02-b7ba-a57659102ada,dress,18-02-2026,17400,3580,3070,TRUE,56,0.1764,6674,142,5,0.2587,formal,metallics,all_season,0.45,poor,0.11,facebook_marketplace
a7b80c6c-f247-432a-b39c-a70926e563b4,7d3de4ca-88b5-471d-a0a9-6d97795d6c3c,formal_shirt,01-07-2025,5820,4090,,FALSE,,,118,15,3,0.0257,"officewear,formal",neutrals,all_season,0.45,good,0.64,facebook_marketplace
233d70ba-bb89-44e0-b973-8cef33baa8c9,3c091932-6fe7-4630-86ff-2f3ba73efa23,saree,19-06-2025,14100,14100,13730,TRUE,29,0.9738,4675,327,12,0.545,"ethnic,bridal",neutrals,festive,0.92,like_new,0.8,facebook_marketplace
c4aae0df-e569-4571-a20e-57a4727c2162,,formal_shirt,26-11-2025,5820,3670,3230,TRUE,23,0.555,4899,408,5,0.6986,formal,pastels,all_season,0.45,like_new,,facebook_marketplace
2d1a3cc6-5077-4db5-a77b-81b862d6f024,,jeans,12-08-2025,2480,2480,,FALSE,,,123,35,3,0.0585,streetwear,pastels,all_season,0.65,like_new,,facebook_marketplace
3b9c65f7-4081-4396-a33b-5d414f96d042,,jacket,02-12-2025,9080,5800,,FALSE,,,393,4,2,0.0067,casual,darks,winter,0.42,like_new,,facebook_marketplace
65d22dc8-26fd-467e-9f1d-4ba69e992f2d,,jacket,22-04-2026,8050,2090,,FALSE,,,53,8,2,0.0133,casual,prints,winter,0.42,good,,facebook_marketplace
eb44ff6f-64fd-42de-86f1-2157bc3e08a9,,activewear,11-09-2025,4900,3410,,FALSE,,,243,39,1,0.0654,casual,darks,all_season,0.4,fair,,facebook_marketplace
0c4e43cd-648b-438a-ab4e-94d9e5e38a6b,,dress,29-12-2025,5980,2560,,FALSE,,,19,38,3,0.0692,casual,brights,all_season,0.4,fair,,facebook_marketplace
d93dfa5e-646b-47d4-9723-f518936f3033,,saree,19-02-2026,14100,2100,,FALSE,,,38,32,0,0.0533,ethnic,brights,festive,0.8625,like_new,,facebook_marketplace
0b6fa763-f31d-44a5-9253-42b9c76ab9ec,,saree,13-10-2025,23080,16300,,FALSE,,,271,40,1,0.0667,ethnic,neutrals,festive,0.8625,like_new,,facebook_marketplace
7d9a85ba-8157-4f29-88c8-5b5488c1c8ab,,tshirt,11-11-2025,2520,2520,2250,TRUE,41,0.8929,405,104,5,0.1736,"casual,streetwear",prints,all_season,0.525,good,,facebook_marketplace
c17c1f9e-17c2-4b6d-8e2c-85c613880c19,,lehenga,23-11-2025,8400,6900,,FALSE,,,350,45,0,0.0754,bridal,darks,festive,0.9775,new_with_tags,,facebook_marketplace
0226835a-9452-4bff-b1df-25b54b55f048,,blazer,17-05-2026,24340,3700,,FALSE,,,363,9,0,0.0152,officewear,prints,all_season,0.45,poor,,facebook_marketplace
5f173a76-3a6e-4bcf-a46c-9e37b63749ce,,saree,02-01-2026,14100,14100,,FALSE,,,293,5,3,0.0083,"ethnic,bridal",metallics,festive,0.92,good,,facebook_marketplace
90358704-1c55-4004-95a8-7431198f3f36,d57fae1e-db6f-460f-87f6-96332d1fc311,tshirt,09-09-2025,2410,1370,1350,TRUE,98,0.5602,3870,84,10,0.1402,"athleisure,casual",pastels,all_season,0.55,like_new,0.83,facebook_marketplace
2b04db2d-2d1d-4b45-a19e-0e882f303411,,trousers,14-08-2025,5970,1130,,FALSE,,,102,2,3,0.0034,casual,pastels,all_season,0.4,good,,facebook_marketplace
5fe2cdfa-2b76-435b-918a-0d4cbcb6a67e,,shirt,17-07-2025,2670,1370,1230,TRUE,115,0.4607,7983,116,15,0.195,casual,brights,all_season,0.4,good,,facebook_marketplace
56aba97b-f9bb-40e3-962d-150b923e8502,,lehenga,23-01-2026,9470,1430,1310,TRUE,112,0.1383,2882,167,6,0.2797,ethnic,pastels,festive,0.8625,fair,,facebook_marketplace
686e8b65-bd21-40e9-abac-1c0b90280a1f,,tshirt,16-05-2026,2520,1990,,FALSE,,,109,17,3,0.0284,"casual,minimal",brights,all_season,0.475,poor,,facebook_marketplace
717b3846-2d9e-49d3-95ca-94e1c789066c,9ddcad0b-b880-4a10-ba8e-3e978a31b31f,anarkali,05-07-2025,5545,3500,3170,TRUE,17,0.5717,1280,547,12,0.9415,ethnic,metallics,festive,0.8625,like_new,0.81,facebook_marketplace
282abc89-5d46-452a-9968-18d27311511b,,saree,19-01-2026,14100,4380,,FALSE,,,303,1,2,0.0017,ethnic,metallics,festive,0.8625,good,,facebook_marketplace
03a9158f-97c0-4538-8011-6e94cf41e0af,,jacket,13-11-2025,8050,5610,,FALSE,,,347,45,3,0.075,casual,prints,winter,0.42,like_new,,facebook_marketplace
93f90ca8-1129-4962-91f4-67450faaf15a,e24df1b3-4817-4bb5-8026-58ca78b9e2c0,activewear,06-07-2025,4900,1340,,FALSE,,,385,41,0,0.0688,casual,metallics,all_season,0.4,poor,0.25,facebook_marketplace
5457ef47-408f-4711-b4e0-fa46e353bcd3,70d61130-d10b-444b-9061-c6e8827e8619,kurta,27-06-2025,7060,2480,2180,TRUE,103,0.3088,5904,54,4,0.0903,"ethnic,bridal",neutrals,festive,0.92,good,0.56,facebook_marketplace
e8ce8edd-a154-41de-9372-c4d49f383d11,,other,11-07-2025,3160,1690,1670,TRUE,13,0.5285,6324,267,3,0.4457,casual,neutrals,all_season,0.4,fair,,facebook_marketplace
f700c58c-6c11-49c8-8749-667add9789a8,,formal_shirt,16-03-2026,5820,2870,2490,TRUE,56,0.4278,1676,34,11,0.0582,"officewear,formal",neutrals,all_season,0.45,good,,facebook_marketplace
de551384-0d04-427b-b5e0-c01dfc5ee898,d73d7b85-c8cd-4ff3-8eb0-a043157fe533,lehenga,17-07-2025,13760,9300,,FALSE,,,387,4,0,0.0067,bridal,brights,festive,0.9775,like_new,0.84,facebook_marketplace
f0845205-b09e-45e4-baa3-09c4e12dc689,de9e960e-8b7d-4471-b0d9-89ba32561122,shorts,30-03-2026,2690,1440,1370,TRUE,64,0.5093,5305,198,10,0.33,"athleisure,casual",darks,summer,0.5225,new_with_tags,0.94,facebook_marketplace
98953984-30cb-4146-b105-31f798cf7446,,shirt,20-08-2025,2670,2670,,FALSE,,,406,40,1,0.0672,officewear,brights,all_season,0.45,like_new,,facebook_marketplace
074bfae7-757a-4ffb-8d04-e28bd38556bb,,saree,17-09-2025,14100,4510,,FALSE,,,74,22,0,0.0367,ethnic,darks,festive,0.8625,like_new,,facebook_marketplace
4ff676bb-9b58-4d5a-bdf9-04953fc56e49,,jeans,22-09-2025,2480,940,860,TRUE,45,0.3468,5037,271,4,0.4532,casual,pastels,all_season,0.4,like_new,,facebook_marketplace
75ed1c08-8bf2-4f74-b808-7ddb3c37a553,d5706a56-74d9-4fed-b77d-95df47b4277d,tshirt,10-11-2025,2520,1810,,FALSE,,,495,33,0,0.0551,casual,metallics,all_season,0.4,good,0.67,facebook_marketplace
c2ef15aa-a436-44a4-8f7a-f0e73db215ea,,anarkali,03-02-2026,5545,1260,,FALSE,,,253,17,3,0.0293,fusion,neutrals,festive,0.92,like_new,,facebook_marketplace
72fca54c-bbd2-4483-9395-b99eae02c878,28f5b246-1d54-4ecb-96c2-f43a2db93261,jeans,29-06-2025,3990,1800,,FALSE,,,360,30,1,0.0502,casual,neutrals,all_season,0.4,good,0.58,facebook_marketplace
9c7da4b7-4452-4ead-adc3-c1132e3721c4,012d94d5-3dd3-4e61-b32e-0d7540767cad,tshirt,08-08-2025,2520,940,,FALSE,,,151,44,3,0.0735,athleisure,prints,all_season,0.7,fair,0.41,facebook_marketplace
2f3a0e18-4e3c-466d-8c9e-c9aa29a941fc,eee1176f-5313-4d75-a899-016b3d7a830a,blazer,01-09-2025,5765,2360,,FALSE,,,12,0,3,0,formal,metallics,all_season,0.45,like_new,0.85,facebook_marketplace
6f7fcada-6899-42ea-b26f-660bd38923bc,70ed5d4f-de1f-4ef5-85c4-b7e2f7731271,activewear,08-10-2025,4900,2840,2770,TRUE,27,0.5653,1203,29,11,0.0487,athleisure,brights,all_season,0.7,good,0.64,facebook_marketplace
b125b2a8-8371-4ce8-8e38-478f19a513b3,,jeans,20-04-2026,2480,1350,1220,TRUE,26,0.4919,4424,583,11,0.9749,minimal,darks,all_season,0.55,like_new,,facebook_marketplace
e347beb9-649e-4f03-af7a-870e85e45358,,lehenga,28-10-2025,9470,9470,,FALSE,,,383,16,2,0.0268,bridal,darks,festive,0.9775,poor,,facebook_marketplace
9c34293d-d3c6-41f0-b87c-261f57413054,,saree,26-12-2025,14100,1630,1520,TRUE,100,0.1078,4565,382,3,0.6367,"ethnic,bridal",neutrals,festive,0.92,fair,,facebook_marketplace
38ff523a-6a49-4e8c-8c11-8ad8020a5e04,a2c45f6e-8927-4e28-b5bf-ae7cb37e21fb,sweater,07-10-2025,8470,5160,,FALSE,,,455,9,2,0.0151,casual,brights,winter,0.42,like_new,0.84,facebook_marketplace
aebc3feb-1e48-4b3a-9db7-331182aede3d,,trousers,24-06-2025,5970,5400,,FALSE,,,483,38,3,0.0645,officewear,prints,all_season,0.45,good,,facebook_marketplace
af956352-4288-4d06-ad2d-ab08a8de307a,,other,15-10-2025,3160,1690,,FALSE,,,441,18,3,0.0301,casual,darks,all_season,0.4,new_with_tags,,facebook_marketplace
25e1a08b-0d13-4b8f-830e-ef0f4fb7c268,966d9b76-dbb8-4144-9d8f-d51056366f1d,shirt,28-01-2026,5340,2550,,FALSE,,,308,12,1,0.0202,casual,darks,all_season,0.4,good,0.62,facebook_marketplace
d292e0e7-0159-4b0a-b5da-423ce4504ad7,cd5cf09e-7c47-4e5d-b42a-71e48cbe6b2b,saree,20-01-2026,14100,14100,12490,TRUE,98,0.8858,3787,351,15,0.585,bridal,neutrals,festive,0.9775,good,0.64,facebook_marketplace
a6201eff-2141-489c-aedc-34bd44919451,,tshirt,09-01-2026,4880,2740,,FALSE,,,386,35,3,0.0584,casual,prints,all_season,0.4,like_new,,facebook_marketplace
be264db0-c23e-4839-8b20-caff0960f412,,kurta,06-12-2025,7060,1560,,FALSE,,,391,42,3,0.0702,ethnic,brights,festive,0.8625,new_with_tags,,facebook_marketplace
f8157a5d-9561-4a80-a258-8dc9f4267ed1,9d999690-f27d-44c8-bee9-31c29802ef91,blouse,06-10-2025,4480,1860,,FALSE,,,187,45,1,0.0754,ethnic,darks,festive,0.8625,good,0.56,facebook_marketplace
39bef51b-183c-44fe-a846-cda8726b9a74,,jacket,27-03-2026,8050,6720,,FALSE,,,160,15,2,0.025,casual,metallics,winter,0.42,like_new,,facebook_marketplace
a7996fe6-86b3-4af0-bfe8-6be969f40085,85d3e0b7-8918-4ded-b1c0-b4222ccf0e9c,jeans,27-12-2025,2290,990,980,TRUE,54,0.4279,3464,399,13,0.6672,casual,metallics,all_season,0.4,good,0.6,facebook_marketplace
d2e62bd3-b432-41c1-8ed1-a2a5f408f8a0,,shorts,20-08-2025,2690,900,850,TRUE,30,0.316,7065,171,4,0.285,athleisure,pastels,summer,0.665,like_new,,facebook_marketplace
6341acac-1af7-4ee8-97f0-deb980ad4aed,dee88358-fa71-4517-aa7d-9ba9cc75cefd,blouse,27-12-2025,9630,3130,,FALSE,,,251,43,1,0.072,"ethnic,bridal",neutrals,festive,0.92,fair,0.51,facebook_marketplace
27278877-85dc-46f0-9518-d7134e828736,,formal_shirt,28-06-2025,4410,2320,,FALSE,,,358,16,2,0.0274,formal,brights,all_season,0.45,good,,facebook_marketplace
dc674fd4-210f-4709-9a0b-8b69256b9ea2,,jacket,12-02-2026,8050,5220,4700,TRUE,119,0.5839,3623,79,10,0.1317,casual,darks,winter,0.42,good,,facebook_marketplace
4a282bcd-d667-4da8-9909-05d47c87c0e7,,shirt,09-03-2026,1360,600,,FALSE,,,392,13,1,0.0218,casual,darks,all_season,0.4,good,,facebook_marketplace
7c8af08e-6efc-41a5-8f60-8ab47c558680,1cd84ad7-c16e-49e5-ad44-578deedb44b4,other,25-04-2026,3160,1160,,FALSE,,,357,10,0,0.0167,casual,pastels,all_season,0.4,new_with_tags,0.96,facebook_marketplace
e7942b85-748a-4226-8ce5-63583ee9a768,bc890450-ba0d-47d7-a986-e573d9be500e,jacket,17-12-2025,8050,3340,,FALSE,,,470,45,1,0.075,casual,pastels,winter,0.42,good,0.71,facebook_marketplace
9a3e8a81-d875-443d-82a5-866ca56b9cb9,,jeans,24-04-2026,2840,590,560,TRUE,37,0.1972,2046,598,5,1,casual,neutrals,all_season,0.4,poor,,facebook_marketplace
243c2e08-0f7e-4629-92b7-7f73d94d6f71,c64a101e-c13c-4ffb-a55f-e96ba9583857,lehenga,07-06-2025,9470,9470,,FALSE,,,403,29,3,0.0486,bridal,neutrals,festive,0.9775,poor,0.32,facebook_marketplace
cff6b364-71d5-4d8b-bee6-9b98adf3ea6c,,shirt,01-05-2026,2670,630,630,TRUE,117,0.236,1384,189,4,0.3176,casual,prints,all_season,0.4,like_new,,facebook_marketplace
dc4f2de9-03c5-41da-86e4-ae119fbe7746,fe8f2989-ba35-49cc-90ed-a116c3f0f25d,trousers,16-06-2025,5970,4290,,FALSE,,,200,22,3,0.0374,officewear,neutrals,all_season,0.45,good,0.68,facebook_marketplace
87da88d5-aae1-4ef6-8b21-38b37feaf19d,,saree,23-12-2025,15940,6150,,FALSE,,,164,44,2,0.0733,ethnic,neutrals,festive,0.8625,fair,,facebook_marketplace
074f0961-d6a5-4438-9433-50b7201e448c,,kurta,22-05-2026,7060,4410,,FALSE,,,351,40,1,0.0669,"ethnic,bridal",brights,festive,0.92,new_with_tags,,facebook_marketplace
d230aab9-8896-45e2-84e8-e9a9fa1b5910,,lehenga,30-08-2025,9470,9470,,FALSE,,,133,28,2,0.0469,bridal,darks,festive,0.9775,new_with_tags,,facebook_marketplace
1148355d-df48-4fe0-bf9c-4d88254f6489,958062f0-1a78-42b9-8a55-ecdcafe83ca4,kurta,01-01-2026,7060,4740,4460,TRUE,85,0.6317,3670,169,14,0.2826,ethnic,darks,festive,0.8625,good,0.56,facebook_marketplace
4977c69f-ad5b-4a2e-885e-8c28f0d6bcc8,e39c6e81-4ca9-41e1-a618-f29fc43ba275,other,23-05-2026,3160,570,490,TRUE,74,0.1551,802,557,13,0.9299,casual,prints,all_season,0.4,like_new,0.88,facebook_marketplace
04427a00-3e88-47a1-89ec-668f567a6ae8,,kurta,16-01-2026,7060,1110,,FALSE,,,268,17,3,0.0284,fusion,neutrals,all_season,0.8,good,,facebook_marketplace
5acea81c-4ed5-48e2-b0fe-6d9ee0e56d3c,a5110085-0670-44b1-851a-286f0c22d67c,trousers,20-07-2025,3920,1910,1660,TRUE,65,0.4235,5478,136,10,0.2309,casual,metallics,all_season,0.4,good,0.63,facebook_marketplace
14fe075a-91c6-4dc3-8090-968bf3ee0996,ea46aeb9-2f35-4d24-ac0a-a4ee01151459,saree,30-11-2025,14100,2210,1910,TRUE,54,0.1355,711,226,4,0.3767,ethnic,metallics,festive,0.8625,like_new,0.87,facebook_marketplace
4bf82301-6427-402e-8506-99a2bda5c7a3,,lehenga,16-12-2025,53510,38600,,FALSE,,,253,20,3,0.0335,bridal,neutrals,festive,0.9775,like_new,,facebook_marketplace
97aae539-01d6-47fe-b211-285278ecf2c3,446ed38e-8586-43fe-937f-08e48a12cfb9,shorts,12-07-2025,2690,1250,1090,TRUE,47,0.4052,2691,261,13,0.435,casual,prints,summer,0.38,good,0.7,facebook_marketplace
ec031840-a2a3-493f-8da3-14797e8cced5,a805718b-96e3-469e-b6d8-35c80f7cb306,sweater,01-09-2025,11165,6300,,FALSE,,,168,41,2,0.0687,casual,pastels,winter,0.42,good,0.68,facebook_marketplace
f8e5668c-2e69-4091-a7b2-b5fd57cbae15,6273827a-1432-41f5-b272-ada79ddb3149,blazer,11-03-2026,6840,3630,3550,TRUE,44,0.519,7293,260,13,0.4392,formal,metallics,all_season,0.45,good,0.65,facebook_marketplace
4897c93c-f9aa-4bf9-ba8a-a39813802720,,lehenga,17-03-2026,9470,9470,,FALSE,,,47,17,1,0.0285,bridal,metallics,festive,0.9775,poor,,facebook_marketplace
13ec44d9-892a-467d-ad17-72b30fadcd9b,,lehenga,10-11-2025,9470,6390,5970,TRUE,36,0.6304,1335,97,14,0.1625,ethnic,pastels,festive,0.8625,like_new,,facebook_marketplace
e54536fd-cf5a-49a7-bdae-5e114a94ec6b,,dress,20-12-2025,5980,1710,,FALSE,,,165,0,1,0,formal,darks,all_season,0.45,new_with_tags,,facebook_marketplace
9ab6b5e2-4b64-433c-9413-82420464b0dc,76849145-09cb-4638-b033-69ae4a9ef03e,trousers,04-02-2026,5970,3240,,FALSE,,,234,40,2,0.0679,formal,prints,all_season,0.45,new_with_tags,0.96,facebook_marketplace
93b3c4a9-8bea-4421-b709-419059a88195,,other,03-04-2026,3720,2200,,FALSE,,,345,32,0,0.0534,casual,darks,all_season,0.4,good,,facebook_marketplace
1f851d83-c45b-44a0-b916-313789c07006,,activewear,09-05-2026,4900,2780,,FALSE,,,175,35,3,0.0587,casual,neutrals,all_season,0.4,new_with_tags,,facebook_marketplace
deb84b08-7e38-4110-aa4d-e1c42f425d2d,,formal_shirt,21-05-2026,5820,1330,,FALSE,,,391,10,3,0.0171,"officewear,formal",pastels,all_season,0.45,like_new,,facebook_marketplace
1cd0bb34-a981-4891-b9fa-5bad42ea04b1,,blazer,06-12-2025,38190,5400,,FALSE,,,211,16,2,0.027,officewear,prints,all_season,0.45,poor,,facebook_marketplace
8aa6bc88-f79d-4ad8-91a7-b7d71627926c,f4f96a22-a624-4326-961c-5e180fd79c22,anarkali,19-09-2025,5545,3180,2730,TRUE,44,0.4923,3594,313,11,0.5387,bridal,prints,festive,0.9775,good,0.63,facebook_marketplace
fede384c-53b3-42a3-acfe-ffcef28362b9,,dupatta,21-10-2025,6070,6070,5630,TRUE,57,0.9275,201,434,9,0.7245,ethnic,metallics,festive,0.8625,good,,facebook_marketplace
377f8c2d-3e42-47eb-9c1b-0265b95164ef,978dd54e-09fe-4e31-98d3-d36513ecc8d5,jeans,01-12-2025,2140,1310,1220,TRUE,108,0.5701,1311,352,6,0.5886,streetwear,brights,all_season,0.65,like_new,0.88,facebook_marketplace
1f8db55b-3ee6-4be7-88cf-5cf0ded1dfea,e69c14c4-1a29-4b59-b719-51471ffcc196,kurta,25-06-2025,7060,6050,,FALSE,,,362,38,0,0.0635,casual,brights,festive,0.46,fair,0.48,facebook_marketplace
979f3214-b45e-4565-82bd-4fcabb7cbbd6,,tshirt,14-05-2026,2520,1340,1310,TRUE,62,0.5198,4108,263,12,0.4391,streetwear,metallics,all_season,0.65,like_new,,facebook_marketplace
110d49ee-72a8-4420-a873-e34566a895bf,728a76f5-70a1-4568-974e-67e3f4d206a9,activewear,09-04-2026,4900,1610,1390,TRUE,48,0.2837,5639,287,13,0.4815,athleisure,neutrals,all_season,0.7,good,0.72,facebook_marketplace
a1dbe19d-ecee-4db5-a1b7-afb65b504c94,,trousers,26-12-2025,5970,4910,,FALSE,,,409,12,3,0.0204,formal,neutrals,all_season,0.45,new_with_tags,,facebook_marketplace
b4045406-f309-4ee1-b85f-715fcb12c8f3,,kurta,05-04-2026,7060,2680,2470,TRUE,81,0.3499,4080,377,14,0.6304,fusion,pastels,festive,0.92,new_with_tags,,facebook_marketplace
79e9cf0d-fc35-46ae-b183-0b5ebd2b79c4,,saree,09-07-2025,14100,10100,,FALSE,,,122,7,0,0.0117,ethnic,darks,festive,0.8625,good,,facebook_marketplace
efa2e732-391f-4620-8a75-1c0a2f03e59c,260e25f0-530c-45b9-bc79-958a3e515e94,kurta,22-10-2025,7060,2520,,FALSE,,,450,35,2,0.0585,"ethnic,bridal",metallics,festive,0.92,new_with_tags,0.95,facebook_marketplace
b78ad0ca-56bb-454a-b6e0-0200cf120be2,,lehenga,25-06-2025,9470,6480,6210,TRUE,60,0.6558,5399,135,12,0.2261,"ethnic,bridal",pastels,festive,0.92,good,,facebook_marketplace
01d25d7a-509d-41d6-aee1-302bafba2eed,,formal_shirt,23-07-2025,6910,2040,,FALSE,,,311,30,2,0.0514,formal,pastels,all_season,0.45,poor,,facebook_marketplace
8cb5faa3-2bc4-461b-9382-d3876730e630,b13ddd80-7dff-4edd-a562-705b430fdb75,anarkali,09-05-2026,5545,5545,5430,TRUE,30,0.9793,5278,548,8,0.9432,ethnic,darks,festive,0.8625,like_new,0.79,facebook_marketplace
01326258-0f83-4a70-830d-bce6c7933fc9,,activewear,03-08-2025,4900,3600,,FALSE,,,136,40,2,0.0671,casual,metallics,all_season,0.4,like_new,,facebook_marketplace
72993335-be36-4f64-a769-840cd5c708e9,,activewear,19-05-2026,4900,2440,,FALSE,,,33,38,2,0.0638,casual,brights,all_season,0.4,fair,,facebook_marketplace
79280383-94c3-4570-8da4-10be81f89f7d,,shirt,17-02-2026,2670,630,,FALSE,,,402,31,1,0.0521,casual,metallics,all_season,0.4,fair,,facebook_marketplace
d2103ab7-aefb-441c-8b3a-d47d4c8edab4,13f116b1-46ee-49b4-9df6-cd8d5b4a1800,jeans,08-05-2026,2480,570,,FALSE,,,130,27,2,0.0452,casual,darks,all_season,0.4,poor,0.1,facebook_marketplace
a4e0db2a-537a-4b01-9ce7-1a05d6b4fbea,,skirt,11-04-2026,3100,2310,2030,TRUE,96,0.6548,490,215,11,0.3583,"casual,boho",prints,all_season,0.45,like_new,,facebook_marketplace
ec9709ee-b813-4bb1-8c83-852d619a1c09,,kurta,16-09-2025,7060,1940,1650,TRUE,41,0.2337,4507,589,2,0.9849,"ethnic,bridal",pastels,festive,0.92,like_new,,facebook_marketplace
f3139cb0-a7c4-4946-a54c-7d6320b5bf43,f198211c-6b53-4084-8d87-7cd3cefc1c78,blazer,20-01-2026,5765,4060,,FALSE,,,452,33,1,0.0557,officewear,neutrals,all_season,0.45,good,0.55,facebook_marketplace
ddb14b27-2018-471a-9d58-f89f6a290d5d,70f1d48e-9bad-4f15-92d0-4aa0e2620ec4,lehenga,14-09-2025,9470,1020,,FALSE,,,119,1,0,0.0017,ethnic,brights,festive,0.8625,like_new,0.86,facebook_marketplace
0f90219f-daac-49f1-b7af-1ae8c4020488,fae012ec-9d8c-445c-aae4-431c8fe64284,activewear,29-01-2026,12810,2270,2220,TRUE,97,0.1733,640,342,7,0.5738,athleisure,metallics,all_season,0.7,poor,0.29,facebook_marketplace
408aa89b-2cb2-4b06-8cf5-e2cba9a124f6,34d56853-6da9-49c3-b3bd-08a17edf4942,trousers,21-08-2025,5970,1790,,FALSE,,,445,22,3,0.0374,casual,metallics,all_season,0.4,fair,0.44,facebook_marketplace
1076132f-a96d-48d2-bf31-f94937e8b934,,formal_shirt,22-01-2026,5820,1610,1390,TRUE,112,0.2388,4524,533,1,0.9127,formal,darks,all_season,0.45,poor,,facebook_marketplace
60d77fd1-0a11-4e50-b882-f27fd2af2777,681dc888-cd66-4523-8fd7-5894c9b5544b,jeans,18-08-2025,2480,540,530,TRUE,115,0.2137,2104,293,7,0.49,streetwear,brights,all_season,0.65,poor,0.14,facebook_marketplace
cf0df3b7-6e9c-4b1a-825c-ce4093176df1,,saree,02-03-2026,14100,5240,,FALSE,,,220,24,0,0.04,"ethnic,bridal",darks,festive,0.92,poor,,facebook_marketplace
e1733d98-33af-4f9e-8d22-4f771fc29a77,8fc5db30-31c2-4c9c-b39e-0a8d8716022d,blouse,12-03-2026,7880,4650,4550,TRUE,17,0.5774,4569,226,15,0.3786,"ethnic,bridal",prints,festive,0.92,good,0.55,facebook_marketplace
792fae40-f4fe-4ec5-8471-0ecd467434a8,3dc8a52b-a4f9-44b7-ace9-1c8369b1cc8d,tshirt,08-07-2025,4690,1960,,FALSE,,,57,22,0,0.0367,minimal,prints,all_season,0.55,good,0.55,facebook_marketplace
5b061324-494c-4668-9165-813240baac66,021d3ec3-6e22-417e-86ef-ae58192ae1e6,shorts,19-03-2026,550,470,,FALSE,,,400,25,2,0.0417,"athleisure,casual",brights,summer,0.5225,new_with_tags,0.93,facebook_marketplace
f53256e5-948e-4c4b-855c-0a777c46cdeb,cb1f3a8e-89b7-4326-8bf5-7b138eeb099d,saree,11-08-2025,14100,4570,4100,TRUE,96,0.2908,1451,155,11,0.2583,ethnic,neutrals,festive,0.8625,good,0.57,facebook_marketplace
b752d373-4df5-4df0-b68d-4045d6e9135c,,skirt,29-01-2026,1440,390,380,TRUE,11,0.2639,939,574,8,0.9567,"casual,boho",pastels,all_season,0.45,poor,,facebook_marketplace
456ad3d2-4006-4097-b47e-94ebdd0b9931,6f17f019-fcff-42e4-8643-b080cf2d9940,anarkali,05-01-2026,5545,4840,,FALSE,,,108,4,3,0.0069,"ethnic,bridal",pastels,festive,0.92,like_new,0.85,facebook_marketplace
144bf023-cf65-4725-8dda-97b7c401567b,22037d71-ff09-4bfd-b62e-3a87929cf6f8,activewear,27-01-2026,4820,3520,,FALSE,,,47,42,0,0.0705,casual,darks,all_season,0.4,like_new,0.78,facebook_marketplace
407895f0-afda-4e22-b88f-62d11d2d0455,bd41afe8-7926-4bdd-8334-c1e98fd3b465,anarkali,30-04-2026,5545,5545,,FALSE,,,274,44,2,0.0757,fusion,darks,festive,0.92,good,0.62,facebook_marketplace
22038d57-1574-480c-86e9-0acefefa63fc,,trousers,09-12-2025,5970,990,970,TRUE,107,0.1625,781,368,7,0.6248,minimal,pastels,all_season,0.55,fair,,facebook_marketplace
89c6f324-a2b5-456f-88fb-27d4c72d22e7,,saree,16-01-2026,66430,37900,,FALSE,,,51,23,2,0.0383,bridal,metallics,festive,0.9775,like_new,,facebook_marketplace
dcc32759-e5ab-4777-8ffd-9be26c6ab462,,dupatta,18-03-2026,6070,6070,6060,TRUE,110,0.9984,2854,284,4,0.4741,ethnic,brights,festive,0.8625,like_new,,facebook_marketplace
71757561-1578-43e0-8a72-2cc76653fb46,,coat,29-03-2026,9620,5340,,FALSE,,,105,17,1,0.0298,casual,neutrals,winter,0.42,poor,,facebook_marketplace
fe9236bb-30b3-4be2-95ec-86dbf9c922a7,,skirt,08-11-2025,2985,1330,1220,TRUE,101,0.4087,3317,574,10,0.9567,casual,darks,all_season,0.4,fair,,facebook_marketplace
432e0ec3-3aeb-41b3-a8fc-9248461bd93e,,jeans,15-07-2025,2480,1020,,FALSE,,,159,0,0,0,casual,neutrals,all_season,0.4,new_with_tags,,facebook_marketplace
0f76fc5f-dc41-4515-8221-a5fe3f94d50a,743b64d2-f30c-4ea4-b335-dfeb83fd0eba,other,25-10-2025,3160,1830,,FALSE,,,440,16,3,0.0267,casual,pastels,all_season,0.4,like_new,0.75,facebook_marketplace
23f3d71e-26f5-433f-9da0-7a9ee6c7b275,f271bb8f-95b0-4baa-93ee-223902d278de,blouse,11-03-2026,7880,4640,,FALSE,,,489,7,1,0.0117,bridal,brights,festive,0.9775,like_new,0.8,facebook_marketplace
64c6f6a6-8227-4924-9528-f0ec5c842094,,saree,06-08-2025,14100,3410,,FALSE,,,173,11,3,0.0183,ethnic,prints,festive,0.8625,good,,facebook_marketplace
612f1e4c-cf40-483a-9778-e8e2e85cfd16,fec19c26-9379-468c-967d-43ba66b88fc7,trousers,27-06-2025,5970,3180,,FALSE,,,219,12,1,0.0204,formal,prints,all_season,0.45,like_new,0.79,facebook_marketplace
a4c29968-9a86-4bd9-9800-bcc913d56670,,trousers,02-02-2026,5970,2870,,FALSE,,,366,7,0,0.0119,officewear,brights,all_season,0.45,good,,facebook_marketplace
0383717f-33d4-4381-9cb9-51750feb4329,2dbf3a38-0721-4995-b0e9-c0f9c53856a8,jeans,25-12-2025,2480,1260,1110,TRUE,89,0.4476,7578,139,4,0.2324,casual,metallics,all_season,0.4,like_new,0.89,facebook_marketplace
f2ddd861-a7a9-4a7d-ad28-2582f0fc3927,,anarkali,26-06-2025,5545,900,,FALSE,,,216,40,2,0.0688,bridal,darks,festive,0.9775,good,,facebook_marketplace
ea5cc6fa-bd42-4e35-8e5c-0fca2b7e1fe9,c86727da-d1e5-4533-b4fa-8fecbe3e276d,other,24-03-2026,3160,430,,FALSE,,,21,19,2,0.0317,casual,darks,all_season,0.4,fair,0.47,facebook_marketplace
2a335b39-b329-4557-878b-dfefd284a650,0f2ca43a-01e1-4613-99b0-a37281b5c31a,jeans,12-01-2026,680,440,390,TRUE,14,0.5735,5303,214,5,0.3579,casual,darks,all_season,0.4,like_new,0.76,facebook_marketplace
fe16d265-5039-4fd5-9fe5-f077fa314898,5fc57589-93f6-4723-aab8-e26fed2f2b67,saree,07-05-2026,9020,5640,,FALSE,,,313,15,0,0.025,ethnic,darks,festive,0.8625,like_new,0.82,facebook_marketplace
d3746aa8-32e8-4f98-a2f3-46a8f23e0936,,other,15-07-2025,3160,1230,1110,TRUE,106,0.3513,741,507,3,0.8464,casual,neutrals,all_season,0.4,fair,,facebook_marketplace
1706ab0c-7109-4208-8b70-b226beaa502b,4a8804ba-edff-44f8-b44f-ac9412b042f7,other,30-01-2026,3160,920,,FALSE,,,43,32,1,0.0534,casual,prints,all_season,0.4,poor,0.18,facebook_marketplace
bb4f186b-0461-4451-9aff-470b8b6bdcb0,b56b4450-2413-48c1-9d27-67c5a67667d4,jeans,29-04-2026,2480,1090,,FALSE,,,205,30,1,0.0502,casual,neutrals,all_season,0.4,new_with_tags,0.96,facebook_marketplace
e94c8b54-7dc7-4813-8068-d6c510f4c324,cf8cfde2-1512-487c-8df1-4428ce3c9b8e,lehenga,04-07-2025,55400,16100,,FALSE,,,7,41,0,0.0687,bridal,neutrals,festive,0.9775,fair,0.36,facebook_marketplace
9eaeeb27-3e69-4737-9bf5-62d3c1e28060,ed3d7fc4-afd6-4974-836c-ab1bc351d7c1,jacket,30-04-2026,8050,5100,,FALSE,,,463,2,0,0.0033,casual,prints,winter,0.42,poor,0.24,facebook_marketplace
1f40b338-1569-4d0b-bef1-d4c53d6bf566,,kurta,03-07-2025,3070,1240,,FALSE,,,133,43,1,0.0719,casual,darks,all_season,0.4,fair,,facebook_marketplace
503f70d7-9299-4d15-a74b-6fcbe2a32ea1,,other,25-06-2025,3160,720,630,TRUE,99,0.1994,4547,469,3,0.783,casual,brights,all_season,0.4,like_new,,facebook_marketplace
1d6c525b-1abc-4a98-b660-40dc89ffcd72,,blazer,21-11-2025,9030,4090,,FALSE,,,212,37,1,0.0625,officewear,neutrals,all_season,0.45,good,,facebook_marketplace
f9797478-8905-4bd8-b40b-9d57d86ec48a,204a8786-aa4d-462a-8e4f-3a3c7c9ec5b7,tshirt,17-06-2025,2930,1560,,FALSE,,,441,39,1,0.0651,minimal,darks,all_season,0.55,good,0.58,facebook_marketplace
4aef8009-4ac5-47f0-900e-a7ac8862f760,e87b7099-5e16-4ae4-898a-ab0f74c99c8f,jeans,20-12-2025,2480,2480,,FALSE,,,42,33,2,0.0552,minimal,metallics,all_season,0.55,poor,0.16,facebook_marketplace
82c272f0-5943-4c9b-980e-fa19ba23f572,9c645efe-41b0-443b-84a9-153f95af329a,saree,03-06-2025,7670,3780,,FALSE,,,467,10,3,0.0167,"ethnic,bridal",pastels,festive,0.92,good,0.65,facebook_marketplace
8e4e2e75-ae75-4517-af27-298e7cec42ba,d8ea111d-5a6a-4935-80e2-3403e7908740,saree,30-01-2026,6070,4370,4110,TRUE,87,0.6771,6567,334,6,0.5567,ethnic,metallics,festive,0.8625,new_with_tags,0.93,facebook_marketplace
09955f0e-9baa-4490-b6be-76da1fa6b5b1,,jeans,21-11-2025,2480,930,,FALSE,,,416,26,2,0.0435,streetwear,brights,all_season,0.65,like_new,,facebook_marketplace
cb179a70-ad18-415c-94e4-fdb133735fe3,7f9324b4-bb26-471a-9d17-ab12f7bb9997,shorts,21-09-2025,2690,1440,1230,TRUE,55,0.4572,2153,398,2,0.6633,"athleisure,casual",darks,summer,0.5225,poor,0.24,facebook_marketplace
04938f2e-38f9-4bec-8642-dbd57338a60b,,dupatta,31-08-2025,6070,1900,,FALSE,,,385,26,1,0.0434,fusion,brights,festive,0.92,like_new,,facebook_marketplace
f98f21d4-c84d-4559-94a2-ff019b462c78,ec7e5144-68d3-4be7-ade7-a296a71acdcd,other,08-05-2026,3160,370,,FALSE,,,10,39,1,0.0651,casual,pastels,all_season,0.4,like_new,0.84,facebook_marketplace
9717362c-62e5-48b1-b34d-189067afe076,,anarkali,07-08-2025,17950,6130,5260,TRUE,84,0.293,5646,363,3,0.6248,bridal,darks,festive,0.9775,fair,,facebook_marketplace
76ebc9ef-07e7-4978-8637-bdc48cb7c0b4,,kurta,13-08-2025,7060,3490,3160,TRUE,81,0.4476,3401,371,1,0.6204,fusion,prints,festive,0.92,fair,,facebook_marketplace
eb26275d-892b-49e3-b037-b017af82d91b,5f0793f4-c7f1-4037-a766-138021c06814,lehenga,21-01-2026,9470,9470,,FALSE,,,150,35,0,0.0586,bridal,prints,festive,0.9775,like_new,0.86,facebook_marketplace
68ea8504-dcda-4450-a0fa-254a92fd958b,e972af8a-007e-434f-80c0-dbdc78bba639,trousers,04-12-2025,5700,2940,2540,TRUE,16,0.4456,6155,209,14,0.3548,casual,metallics,all_season,0.4,good,0.74,facebook_marketplace
080f7a5a-f1dd-4700-9ece-f54974f6464d,003bc07f-1454-4a5c-8a75-9bbcc073ac1a,kurta,22-11-2025,7060,5260,,FALSE,,,232,43,0,0.0719,ethnic,prints,all_season,0.75,like_new,0.83,facebook_marketplace
9ce505dc-59d1-4a3d-a538-e03cae3336cd,efbd4b3d-edde-47f3-9b9d-ae5c3fc36f73,shirt,17-12-2025,2670,850,,FALSE,,,57,3,3,0.005,"casual,minimal",pastels,all_season,0.475,new_with_tags,0.91,facebook_marketplace
7ea5abbf-c4cc-4e75-a16c-d84fab0a29ac,fd2e7bb9-f9c1-44ee-a42f-88af60ee9b73,activewear,12-11-2025,5280,2680,2390,TRUE,107,0.4527,6370,32,6,0.0537,athleisure,metallics,all_season,0.7,like_new,0.76,facebook_marketplace
ff742fcd-3532-4850-b639-af6cee84791a,e4806d57-f69b-47d0-9339-92d15b2f1fd9,jacket,26-05-2026,8050,6540,6440,TRUE,14,0.8,1029,379,13,0.6317,casual,pastels,winter,0.42,poor,0.17,facebook_marketplace
7382a4df-fcd4-43b0-a791-e1b21fab359e,51da611a-8611-4aa4-bd35-0f2900e5f8b4,saree,07-10-2025,14100,14100,,FALSE,,,385,21,3,0.035,bridal,neutrals,festive,0.9775,new_with_tags,0.98,facebook_marketplace
732293df-cfa5-45de-b3fb-8a414d51cd52,,trousers,03-08-2025,5970,4170,3830,TRUE,46,0.6415,6686,544,13,0.9236,officewear,pastels,all_season,0.45,new_with_tags,,facebook_marketplace
611f78f9-179d-44a7-8bf1-c40050ddfd7d,,jacket,05-06-2025,8050,4870,,FALSE,,,239,12,3,0.02,casual,brights,winter,0.42,new_with_tags,,facebook_marketplace
af38f3b0-5f8b-461d-be66-9777fbee4934,597cf717-cd7f-4ef8-b2fe-b039f8d269f0,lehenga,20-10-2025,9470,9470,9190,TRUE,97,0.9704,3220,499,3,0.8358,bridal,darks,festive,0.9775,fair,0.52,facebook_marketplace
7b45a4b9-1631-46b5-8f08-cde1b0840caf,2a9d6955-4c0a-4514-8dcf-0288cb9cae58,dupatta,09-06-2025,4270,1790,,FALSE,,,118,35,1,0.0584,fusion,darks,festive,0.92,fair,0.44,facebook_marketplace
d79b72b8-171b-4b53-adbd-9bc1261824d0,,lehenga,14-02-2026,9470,1690,,FALSE,,,83,32,1,0.0536,ethnic,neutrals,festive,0.8625,like_new,,facebook_marketplace
c730a380-fa19-4e64-9bff-55ce2062e4ad,b7aab15f-a16c-45e0-bd65-517738018354,skirt,02-07-2025,2985,1210,,FALSE,,,460,25,0,0.0417,boho,darks,all_season,0.5,fair,0.42,facebook_marketplace
280a7130-fb6e-4aa8-b96f-d196284d83a4,4105bbc6-33ee-472c-abb3-142f90339d7b,other,08-03-2026,3160,2270,2020,TRUE,31,0.6392,7815,140,15,0.2337,casual,darks,all_season,0.4,poor,0.31,facebook_marketplace
fd28d717-d49e-441e-836a-cf47c7679ecd,,anarkali,04-10-2025,4760,3110,,FALSE,,,282,38,0,0.0654,"ethnic,bridal",darks,festive,0.92,like_new,,facebook_marketplace
0b77caf9-f6ff-4283-91a7-ccb19881b192,,trousers,11-11-2025,5970,1690,1620,TRUE,37,0.2714,3293,175,11,0.2971,officewear,darks,all_season,0.45,like_new,,facebook_marketplace
8b134539-9eac-430b-97df-1a5af5e82139,1a0d38c5-912f-41c8-98d9-eb705ff560cb,saree,06-08-2025,14100,2200,,FALSE,,,331,1,2,0.0017,"ethnic,bridal",darks,festive,0.92,poor,0.26,facebook_marketplace
cec4473d-5e7a-45e1-8b49-0c17c634b9ba,,other,25-12-2025,3160,1420,,FALSE,,,182,10,1,0.0167,casual,neutrals,all_season,0.4,fair,,facebook_marketplace
d0ef64de-f60c-4847-9db5-07ffb59cf1ac,,sweater,17-12-2025,11165,7090,,FALSE,,,280,1,1,0.0017,casual,neutrals,winter,0.42,good,,facebook_marketplace
b92b6361-fb9a-4b31-bf9c-be9a3266bbf9,,jacket,18-07-2025,8050,4300,4160,TRUE,12,0.5168,5852,406,15,0.6767,casual,neutrals,winter,0.42,good,,facebook_marketplace
008c0141-ad22-41e2-a920-618f1d289f5f,ac0474a6-7937-404a-a338-94b3c3f8d720,trousers,21-10-2025,3940,3080,,FALSE,,,426,25,2,0.0424,formal,pastels,all_season,0.45,new_with_tags,0.99,facebook_marketplace
5aa73d6f-6cf0-434a-a78c-4719e50e4024,,jeans,17-07-2025,680,440,410,TRUE,120,0.6029,1998,436,10,0.7291,minimal,brights,all_season,0.55,like_new,,facebook_marketplace
3300f687-0276-4d49-be87-61389b206217,d04c80a1-3f83-4138-ab0f-250986db53e4,kurta,28-02-2026,7060,4790,,FALSE,,,246,17,1,0.0284,fusion,neutrals,festive,0.92,good,0.62,facebook_marketplace
c9f3eab1-9cf8-4be1-83ff-5539b998b210,,trousers,19-06-2025,7930,3240,,FALSE,,,377,19,1,0.0323,minimal,metallics,all_season,0.55,good,,facebook_marketplace
966118dc-482d-4176-be65-fe3d5d9c1f95,c0894433-7969-40ca-a2d4-e8461e9cece3,kurta,15-02-2026,7060,5740,,FALSE,,,100,10,1,0.0167,casual,pastels,all_season,0.4,good,0.68,facebook_marketplace
3753631a-d576-46c2-8d02-5859c9ffd1c3,,tshirt,13-11-2025,1100,890,830,TRUE,62,0.7545,739,598,9,0.9983,minimal,pastels,all_season,0.55,new_with_tags,,facebook_marketplace
72789e01-6773-410f-a212-7d0f2b5f82ea,,trousers,09-06-2025,4940,2590,,FALSE,,,380,4,0,0.0068,formal,brights,all_season,0.45,like_new,,facebook_marketplace
90a9d066-2ba6-4d5a-bc91-1f8ef1f64b41,cd6cb094-954b-45b7-83df-7e75cf6e248d,lehenga,17-10-2025,8150,5640,5270,TRUE,120,0.6466,4420,510,4,0.8543,ethnic,darks,festive,0.8625,like_new,0.77,facebook_marketplace
a769db2f-4da3-4457-aa24-b7235e20cefe,,tshirt,24-01-2026,2870,2530,,FALSE,,,319,35,3,0.0584,casual,neutrals,all_season,0.4,new_with_tags,,facebook_marketplace
4dd9dc4f-b246-4fb1-be65-02a91e5276d6,,tshirt,10-09-2025,2520,1540,1420,TRUE,37,0.5635,3615,521,11,0.8698,minimal,brights,all_season,0.55,good,,facebook_marketplace
7f0623eb-6ee0-4cfc-9617-a638e9c87cbf,07168b35-f469-45ae-9990-0ec940eb046e,dupatta,08-07-2025,6070,2240,2190,TRUE,108,0.3608,4298,557,8,0.9299,"ethnic,bridal",metallics,festive,0.92,good,0.57,facebook_marketplace
d4177f89-1d39-4f14-ae3d-a13ff7b19cce,,activewear,24-06-2025,4900,1770,,FALSE,,,458,39,3,0.0654,casual,neutrals,all_season,0.4,new_with_tags,,facebook_marketplace
61523543-8ffb-41f2-9862-e15c6c2c5eb3,73cf3c74-0c96-48b2-912b-754fc4e29039,tshirt,08-01-2026,2520,1610,,FALSE,,,79,37,1,0.0618,casual,prints,all_season,0.4,new_with_tags,0.97,facebook_marketplace
a0eed434-2696-4713-8a81-70b4bffad6af,f0a5a128-7068-4437-94f1-6bba9396e4db,tshirt,19-06-2025,3010,2110,1840,TRUE,86,0.6113,884,303,14,0.5058,casual,neutrals,all_season,0.4,like_new,0.85,facebook_marketplace
6658f0c2-2da3-405c-af26-e42f9e0cc2e8,d45ba081-bfd0-41a1-8cee-dc813503ecef,tshirt,20-01-2026,2130,1680,1560,TRUE,41,0.7324,707,418,2,0.6978,casual,metallics,all_season,0.4,new_with_tags,0.94,facebook_marketplace
3ebd6fd2-11ae-4945-bb80-97e77928b2b9,5846280f-32c1-4711-a0f4-4bce76be8bab,tshirt,19-11-2025,2520,920,830,TRUE,74,0.3294,3452,383,3,0.6394,casual,neutrals,all_season,0.4,poor,0.3,facebook_marketplace
f53aa3cd-514d-4f66-b2bd-2f8216609b91,,trousers,25-09-2025,5970,3140,,FALSE,,,491,2,3,0.0034,minimal,pastels,all_season,0.55,like_new,,facebook_marketplace
4e89dfed-ee66-4183-95b1-1025af6333e7,c9941879-b72d-4038-a2c3-9d47b7c82e99,activewear,13-02-2026,4660,2540,2260,TRUE,72,0.485,2896,505,8,0.8473,casual,darks,all_season,0.4,good,0.59,facebook_marketplace
bfa20256-209c-468d-8f7b-2c51bfbc3e9e,2a95e627-45da-4276-a335-0db0b46ce763,saree,01-11-2025,14100,1060,,FALSE,,,309,32,3,0.0533,ethnic,prints,festive,0.8625,new_with_tags,0.95,facebook_marketplace
8d808ef9-e363-42d3-98b8-e6c2ed50362c,,saree,19-02-2026,14100,14100,,FALSE,,,175,38,1,0.0633,"ethnic,bridal",darks,festive,0.92,good,,facebook_marketplace
949a8e54-2569-4e77-a808-425dd7e5a20e,,saree,09-07-2025,14100,6110,,FALSE,,,430,36,1,0.06,ethnic,metallics,festive,0.8625,like_new,,facebook_marketplace
7c7b6f4a-19ae-481c-9878-ba4a923f96cf,0b6a1848-7249-4a75-9465-0921123a062d,kurta,15-02-2026,7060,4550,,FALSE,,,113,27,3,0.0452,"ethnic,bridal",prints,festive,0.92,poor,0.2,facebook_marketplace
2c1eeea7-880c-4726-bfc8-8937ad3a3903,,saree,28-08-2025,37810,21800,,FALSE,,,407,40,0,0.0667,bridal,neutrals,festive,0.9775,good,,facebook_marketplace
6e1038e8-81ea-470d-8182-578ecbff047d,,tshirt,26-04-2026,2520,540,,FALSE,,,404,12,2,0.02,casual,brights,all_season,0.4,like_new,,facebook_marketplace
b4af98c4-0d27-4f20-9ed9-67e18df73185,,jeans,04-09-2025,2480,750,,FALSE,,,413,1,3,0.0017,streetwear,pastels,all_season,0.65,good,,facebook_marketplace
530e11cd-33b4-4459-a3f6-5dbef3c059a0,,other,09-06-2025,3160,610,530,TRUE,33,0.1677,1176,256,15,0.4274,casual,prints,all_season,0.4,like_new,,facebook_marketplace
9fbc1dc2-c192-4f67-a041-c17479e9ea61,,trousers,12-04-2026,8210,5000,,FALSE,,,66,27,2,0.0458,minimal,brights,all_season,0.55,like_new,,facebook_marketplace
ab7736d9-ae24-4514-836c-680837db59af,10dc8fe5-4f17-4b31-8517-53360e5d7842,dress,04-04-2026,5980,2190,,FALSE,,,351,33,3,0.0601,casual,prints,all_season,0.4,like_new,0.75,facebook_marketplace
74ef6a7c-24c7-413e-b7cd-b8712a6e0748,d96e67e2-715e-4d1c-832c-75ffc43f82fe,kurta,08-06-2025,7060,6390,5840,TRUE,38,0.8272,3289,504,3,0.8428,casual,metallics,all_season,0.4,poor,0.27,facebook_marketplace
629c0fb1-c62a-4b66-94df-69974086591f,,trousers,23-05-2026,5970,1880,1820,TRUE,16,0.3049,7243,15,2,0.0255,formal,brights,all_season,0.45,like_new,,facebook_marketplace
d0b3022f-1fc8-427a-bf0d-85988179dc17,,dupatta,06-10-2025,6070,1110,,FALSE,,,67,42,3,0.0701,fusion,metallics,festive,0.92,like_new,,facebook_marketplace
f0c71bf3-560f-4883-a6ef-6f8a18667f80,e72a3c27-c59c-4d00-b9cc-a58ffd99ea48,kurta,21-11-2025,7060,1710,1690,TRUE,19,0.2394,1168,573,9,0.9582,ethnic,brights,all_season,0.75,poor,0.28,facebook_marketplace
2836211f-3321-4fbd-948a-d7dbed0e9b9b,,shirt,28-09-2025,2670,2420,,FALSE,,,256,22,1,0.037,casual,metallics,all_season,0.4,good,,facebook_marketplace
bd7fe2f3-5841-4e8f-b1bf-f67308935557,2cbb4338-9a9e-4f03-8245-3e899b8f334d,kurta,25-05-2026,12170,5540,5300,TRUE,17,0.4355,4106,565,12,0.9448,fusion,pastels,all_season,0.8,good,0.73,facebook_marketplace
fba640c0-fe9f-4b0e-8ad2-78df3e41efc7,e63ddcb2-99b8-4f7e-930e-52740dceef2e,kurta,31-12-2025,7060,1200,1190,TRUE,30,0.1686,1199,34,11,0.0569,ethnic,prints,all_season,0.75,good,0.74,facebook_marketplace
1478559b-fb52-4025-8fa0-009ed409b9f3,0832bd66-4498-4db4-b5d2-a85aef75af4c,shorts,14-06-2025,2690,2450,2320,TRUE,31,0.8625,6985,205,15,0.3417,casual,darks,summer,0.38,poor,0.29,facebook_marketplace
912f586b-1b36-4540-bdd8-19ab416aa74e,18a7369d-2149-4212-9298-de98753474ee,skirt,19-08-2025,2985,2110,2110,TRUE,43,0.7069,1303,248,1,0.4133,casual,metallics,all_season,0.4,poor,0.11,facebook_marketplace
560fe1d3-dc22-4c4c-9b40-d4a7e2c92a97,2117e624-e002-4f04-88d5-ea2e1f258ed0,kurta,20-06-2025,7060,2340,2320,TRUE,89,0.3286,5566,233,11,0.3896,"ethnic,bridal",neutrals,festive,0.92,good,0.6,facebook_marketplace
53a50205-0774-41ef-995b-fb35cc1d9da8,,coat,29-11-2025,9620,5770,5400,TRUE,14,0.5613,6451,260,3,0.4553,casual,metallics,winter,0.42,new_with_tags,,facebook_marketplace
8d7cd38b-fc89-46d8-880f-da873f3f4721,,tshirt,05-06-2025,1440,1270,,FALSE,,,299,5,1,0.0083,athleisure,prints,all_season,0.7,new_with_tags,,facebook_marketplace
31ff6da3-619d-4da6-b80d-26b2c6389871,57238045-87ee-4e9d-b504-299dd3bec043,formal_shirt,16-08-2025,5820,2440,,FALSE,,,375,15,3,0.0257,formal,neutrals,all_season,0.45,poor,0.11,facebook_marketplace
21608906-a33a-4cab-badb-5e95b7bd3cbd,,shorts,22-10-2025,730,430,,FALSE,,,239,13,2,0.0217,casual,metallics,summer,0.38,good,,facebook_marketplace
6dbb94ee-6e8f-4ba2-8157-a57678d6f6db,,skirt,16-08-2025,2985,2760,,FALSE,,,72,35,1,0.0583,boho,neutrals,all_season,0.5,fair,,facebook_marketplace
8d37085b-9fc0-40c8-820f-7f56abf85cc0,e8f28481-db8b-4838-bdf4-f817cda90c1c,jacket,30-11-2025,8050,7790,6690,TRUE,91,0.8311,3249,297,13,0.495,casual,brights,winter,0.42,new_with_tags,0.92,facebook_marketplace
7d813f1a-b68b-4aa2-a25c-6b884f5f7b9a,,activewear,12-03-2026,4900,1690,1560,TRUE,29,0.3184,6447,316,10,0.5302,athleisure,pastels,all_season,0.7,like_new,,facebook_marketplace
037de026-1412-4d16-945e-92218afa93e3,,dupatta,18-07-2025,6070,5880,5060,TRUE,79,0.8336,1913,243,1,0.4057,ethnic,pastels,festive,0.8625,fair,,facebook_marketplace
70930130-f470-4851-a3e6-95b0cf83e35c,8df75cef-e9b0-44f0-889f-caa8a63c933b,coat,26-12-2025,17480,7570,6700,TRUE,89,0.3833,3052,519,9,0.9089,officewear,prints,winter,0.4725,good,0.69,facebook_marketplace
c2970fb3-9117-4299-82f3-31a616ed4a97,7743ef4b-300f-4082-acfd-8365f45f1a86,trousers,04-03-2026,5970,3090,,FALSE,,,178,32,1,0.0543,officewear,prints,all_season,0.45,good,0.66,facebook_marketplace
5e09798c-cef6-4cca-b072-fa1edc3193ca,,anarkali,27-04-2026,8620,6410,,FALSE,,,32,11,0,0.0189,"ethnic,bridal",neutrals,festive,0.92,like_new,,facebook_marketplace
d13ab266-9025-4e65-8574-8d7edfff4624,,saree,12-03-2026,14100,1030,890,TRUE,68,0.0631,7978,570,12,0.95,"ethnic,bridal",darks,festive,0.92,like_new,,facebook_marketplace
ae743a17-685b-4c2c-be5d-b55b6eb30247,849397b7-3025-4bad-ade3-928674f992fb,formal_shirt,27-02-2026,5820,5020,4430,TRUE,79,0.7612,5514,315,9,0.5394,formal,brights,all_season,0.45,good,0.63,facebook_marketplace
0bb4aab1-b079-4e25-bacd-74804a5a8852,b994c63d-453d-4d94-8bf4-97fe6c0b5df2,blazer,01-06-2025,2780,2450,,FALSE,,,94,34,3,0.0574,formal,neutrals,all_season,0.45,new_with_tags,0.95,facebook_marketplace
839a2730-dc4e-4245-8f69-b0cb0af256cf,,coat,06-06-2025,9620,4570,3920,TRUE,18,0.4075,1126,470,6,0.8231,casual,metallics,winter,0.42,fair,,facebook_marketplace
64463864-46b8-4b63-b35f-11222794dd61,7132b7e5-2a7d-4098-a508-2502132b4e83,formal_shirt,24-03-2026,5820,4010,3780,TRUE,10,0.6495,7025,330,9,0.5651,formal,neutrals,all_season,0.45,fair,0.36,facebook_marketplace
317c2c0b-b0fa-48ab-b5b9-1aafaa10ec40,,jeans,17-12-2025,2480,600,600,TRUE,36,0.2419,5306,236,12,0.3946,"casual,streetwear",pastels,all_season,0.525,like_new,,facebook_marketplace
21267669-5d6a-49e2-a32c-1cc14ad34e07,f618d6dc-5a22-4844-bd1d-329527e2e44a,blazer,13-09-2025,9780,4490,,FALSE,,,325,1,0,0.0017,officewear,darks,all_season,0.45,good,0.61,facebook_marketplace
83f74bf3-428c-4ad3-94a9-e8e3dcda694a,,jacket,22-12-2025,8050,2440,2330,TRUE,37,0.2894,394,441,11,0.735,streetwear,brights,all_season,0.65,like_new,,facebook_marketplace
d4022cf4-b1ea-4694-8156-7feb3d936952,,jacket,10-01-2026,8050,1290,,FALSE,,,474,9,1,0.015,casual,prints,winter,0.42,good,,facebook_marketplace
7644cfbd-a195-45f0-8646-932e4a7a5fdd,,tshirt,08-05-2026,2120,1820,,FALSE,,,292,22,3,0.0367,casual,darks,all_season,0.4,new_with_tags,,facebook_marketplace
2ddcb2c1-547d-4366-9197-06ae459d8837,,blouse,27-04-2026,7880,4190,,FALSE,,,97,41,1,0.0687,ethnic,metallics,festive,0.8625,good,,facebook_marketplace
0dd2f409-8c96-4d31-9b9e-5d65cf48d28e,a6fb1431-c4b2-4d42-97ef-c383d9516729,activewear,05-12-2025,3410,2530,2490,TRUE,87,0.7302,615,538,15,0.9027,casual,metallics,all_season,0.4,like_new,0.81,facebook_marketplace
ed01e0a6-55df-4faf-9084-314c017b9e44,0e733f30-3692-4a21-92df-d4b21cca41bb,kurta,10-05-2026,7060,6240,,FALSE,,,352,45,3,0.0753,fusion,brights,all_season,0.8,new_with_tags,0.96,facebook_marketplace
1c682eb7-b10a-47ad-a7a3-0fb1fdd33101,0d157f4e-db0e-419d-b5db-35a5aa0da466,kurta,25-12-2025,7060,1410,1240,TRUE,116,0.1756,578,595,14,0.995,fusion,pastels,all_season,0.8,like_new,0.81,facebook_marketplace
3d17e624-4fe1-4821-ab79-f01444e95fce,,lehenga,11-02-2026,9470,1030,,FALSE,,,294,24,3,0.0402,ethnic,neutrals,festive,0.8625,like_new,,facebook_marketplace
d0870503-ebb6-42f7-8ea0-715a8aa18770,8afe88fc-c2fc-4762-acde-a4b73611c775,lehenga,21-10-2025,9470,9470,8820,TRUE,50,0.9314,2136,376,7,0.6298,"ethnic,bridal",prints,festive,0.92,good,0.69,facebook_marketplace
5b22f2c0-0822-4d67-b5a5-30776282d76c,9407c54c-bf22-4765-a59d-326b99d8dbb5,skirt,27-06-2025,2985,730,,FALSE,,,35,42,3,0.07,casual,darks,all_season,0.4,good,0.68,facebook_marketplace
2d2fe606-5410-4c29-a629-54d440ebb3ef,6ec01c53-23fa-404f-8c63-a9d4fa6be26a,lehenga,06-10-2025,6760,4940,,FALSE,,,316,42,0,0.0704,"ethnic,bridal",metallics,festive,0.92,like_new,0.77,facebook_marketplace
5b086cad-2bd0-4022-bb54-147cbc701c5e,,activewear,11-09-2025,4900,1910,,FALSE,,,195,21,1,0.0352,athleisure,metallics,all_season,0.7,like_new,,facebook_marketplace
f5f0ecab-6a01-4097-8ccd-eb4afc40dd45,,shorts,23-03-2026,2690,2500,2160,TRUE,77,0.803,2207,229,6,0.3817,casual,pastels,summer,0.38,poor,,facebook_marketplace
4ce290a5-ea96-4430-af1d-3970bed8a256,,activewear,09-12-2025,4900,770,,FALSE,,,395,6,3,0.0101,athleisure,metallics,all_season,0.7,like_new,,facebook_marketplace
e616ad1f-8559-4f8d-8733-24893c738da4,,coat,08-03-2026,9620,2740,2580,TRUE,43,0.2682,6803,537,9,0.9405,casual,prints,winter,0.42,like_new,,facebook_marketplace
8c104834-4c89-4aca-8423-c5a23b7c0740,,skirt,07-01-2026,2260,1670,,FALSE,,,51,24,0,0.04,boho,pastels,all_season,0.5,like_new,,facebook_marketplace
d09f5c75-f338-4c73-9d13-e1e702d789f5,,anarkali,19-12-2025,3880,2410,2270,TRUE,116,0.5851,6085,481,15,0.8279,ethnic,brights,festive,0.8625,like_new,,facebook_marketplace
5795b4a3-901c-44f6-a6cc-97fcb986680d,34a37090-d36c-4329-b04a-b4d3b840d874,anarkali,03-03-2026,5545,1420,,FALSE,,,252,33,1,0.0568,fusion,pastels,festive,0.92,poor,0.32,facebook_marketplace
ee106493-e2b5-4b3d-bf0b-9da4719e7343,,lehenga,17-04-2026,62120,47300,,FALSE,,,413,17,0,0.0285,bridal,pastels,festive,0.9775,new_with_tags,,facebook_marketplace
12adc647-27fe-4596-816e-5ab5ca792cbf,175207a8-5a9d-4caf-bceb-efcfc74b2eb8,blazer,14-09-2025,5765,4330,,FALSE,,,436,10,3,0.0169,casual,brights,all_season,0.4,poor,0.1,facebook_marketplace
8a6fb30c-2149-458b-9094-3d7af3bdffb0,25424c15-c3da-41d1-892b-1432d05b979e,lehenga,28-07-2025,9470,9470,8590,TRUE,64,0.9071,4510,184,4,0.3082,"ethnic,bridal",metallics,festive,0.92,poor,0.28,facebook_marketplace
bbb74d63-501f-4850-a91c-01e83d817f53,465018a7-7442-4359-aecb-965b0d88b8d3,coat,28-12-2025,9620,2110,,FALSE,,,382,18,0,0.0315,minimal,neutrals,winter,0.5775,fair,0.51,facebook_marketplace
50395556-bffd-4287-949e-1d35932a5e85,,saree,09-02-2026,14100,2670,,FALSE,,,424,27,0,0.045,"ethnic,bridal",pastels,festive,0.92,new_with_tags,,facebook_marketplace
2a5850a8-8fdc-444b-9964-b3082629d972,5eb359a8-e7ee-47ca-bbb3-39f7457c7c55,saree,03-08-2025,14100,4240,4010,TRUE,104,0.2844,6346,519,2,0.865,ethnic,brights,festive,0.8625,good,0.62,facebook_marketplace
396c59b5-1dd9-4dd5-b784-a0850769ddbc,,anarkali,30-12-2025,5545,1720,,FALSE,,,347,14,1,0.0241,ethnic,pastels,festive,0.8625,good,,facebook_marketplace
6f4954e2-3e67-4b0a-b29e-d4dd31b134c5,,formal_shirt,16-04-2026,5820,5360,,FALSE,,,296,17,0,0.0291,"officewear,formal",prints,all_season,0.45,fair,,facebook_marketplace
27c483f0-fe09-41d2-9390-5c50457983c7,,formal_shirt,03-07-2025,5820,5440,,FALSE,,,215,13,2,0.0223,"officewear,formal",pastels,all_season,0.45,poor,,facebook_marketplace
028b29f4-678e-4d8e-9d0c-8134561eeda1,8d7e8231-031f-4bcd-a44b-31bfcadde47e,blouse,14-02-2026,13430,5020,,FALSE,,,141,32,1,0.0536,"ethnic,bridal",metallics,festive,0.92,fair,0.47,facebook_marketplace
6fe553d0-de03-496a-a9ce-b11983096f56,da01a3f1-5197-4676-95b5-1586fa772aa0,saree,02-06-2025,14100,14100,,FALSE,,,352,6,1,0.01,"ethnic,bridal",brights,festive,0.92,like_new,0.75,facebook_marketplace
85933017-2e62-4578-9811-4d1da92d646b,3252252a-dc80-4136-80af-6fbdb66f7c9c,other,28-02-2026,910,510,510,TRUE,74,0.5604,2023,275,5,0.4591,casual,prints,all_season,0.4,good,0.6,facebook_marketplace
d590616b-4365-4263-9ee6-b39a13fea844,,sweater,07-04-2026,11165,5000,4730,TRUE,63,0.4236,7315,279,6,0.4673,minimal,prints,winter,0.5775,poor,,facebook_marketplace
7e076d40-063e-4f56-a24d-d83d3eb9d0ad,39ba167e-8ea0-4bff-8bff-2fcdc49544b5,jeans,08-12-2025,2480,2420,2300,TRUE,3,0.9274,1696,130,14,0.2174,"casual,minimal",brights,all_season,0.475,good,0.69,facebook_marketplace
42c68bd4-10ee-4a33-8942-0ffb02e92ebb,1ab8f947-56a4-4d6e-8778-0565bc594d33,other,22-07-2025,2140,1580,1410,TRUE,5,0.6589,3416,366,11,0.611,casual,prints,all_season,0.4,new_with_tags,0.92,facebook_marketplace
6f49e149-4abe-44fe-89df-c0fa5a27ed26,dc62a0f7-2177-4377-80df-1ae81ba9f462,jeans,27-11-2025,2480,2480,,FALSE,,,19,5,1,0.0084,streetwear,prints,all_season,0.65,good,0.7,facebook_marketplace
7b8a58fb-37f9-422c-b0ef-5d758d91266a,,anarkali,08-10-2025,3390,1480,,FALSE,,,276,8,2,0.0138,ethnic,metallics,festive,0.8625,fair,,facebook_marketplace
b1a7e674-d362-4f21-b7e9-ae393d902da3,b20d9d48-0eb7-4e81-a5fb-36917ebff08e,other,11-12-2025,9350,1980,,FALSE,,,90,41,0,0.0684,casual,neutrals,all_season,0.4,poor,0.16,facebook_marketplace
dd84bbc4-9986-43f4-9ce4-f1774619b745,f263af9b-cf30-419e-b18b-b28002f72635,activewear,26-12-2025,4800,2710,,FALSE,,,478,24,3,0.0403,athleisure,brights,all_season,0.7,like_new,0.76,facebook_marketplace
1148d6c1-4f7e-406e-b77d-45e6f2d00ae4,791c0532-2216-4a92-be48-902b50e0e430,saree,21-04-2026,14100,6500,5960,TRUE,102,0.4227,3581,564,2,0.94,"ethnic,bridal",pastels,festive,0.92,good,0.55,facebook_marketplace
4f35b70c-bb40-47ac-8c2f-c04393dcecfc,1ece4d7e-7de3-48dd-af38-a0de94e6b668,other,19-09-2025,3160,2190,,FALSE,,,351,25,3,0.0417,casual,pastels,all_season,0.4,new_with_tags,0.95,facebook_marketplace
6ef80018-c48a-4bff-aecb-70fc10fe400a,e8ef1242-c836-4cfd-b3d0-505c173ceb01,kurta,16-09-2025,7060,5360,5130,TRUE,76,0.7266,669,581,15,0.9716,fusion,neutrals,all_season,0.8,good,0.66,facebook_marketplace
08a12862-5bd3-4a65-8abe-d5f41decabfc,fd6b5102-5a5f-4b56-8535-3861d6966c96,lehenga,28-09-2025,9470,9470,9090,TRUE,88,0.9599,2313,140,14,0.2345,"ethnic,bridal",metallics,festive,0.92,like_new,0.77,facebook_marketplace
2fa49806-084d-47d0-84fc-dc887ed3917b,be7b5168-395f-43da-8fa3-e70a658dbc8e,lehenga,09-07-2025,9470,1340,,FALSE,,,17,33,1,0.0553,ethnic,metallics,festive,0.8625,good,0.71,facebook_marketplace
4a837f03-45fb-4891-9e49-4f63f3760133,,kurta,05-04-2026,7700,5470,,FALSE,,,247,19,1,0.0318,ethnic,neutrals,all_season,0.75,like_new,,facebook_marketplace
908256f3-7823-40f3-a04d-54c8217a0c66,,shirt,11-07-2025,2670,2180,1950,TRUE,108,0.7303,3818,525,5,0.8824,casual,brights,all_season,0.4,good,,facebook_marketplace
f2ddcabb-7f04-4b5e-8ebf-8effd9a46326,,formal_shirt,07-03-2026,5820,3770,3340,TRUE,15,0.5739,2203,376,4,0.6438,"officewear,formal",neutrals,all_season,0.45,new_with_tags,,facebook_marketplace
a2b77b33-04e2-4fed-b83d-791f9ca0e3e1,409e4b7b-791a-4d36-855e-445b55b4cc7f,tshirt,07-12-2025,2520,1290,1160,TRUE,81,0.4603,5976,577,9,0.9633,casual,darks,all_season,0.4,poor,0.3,facebook_marketplace
07b000c4-7756-4733-8d38-f8f10ba8fa92,,lehenga,12-03-2026,9470,9470,,FALSE,,,216,14,1,0.0235,bridal,metallics,festive,0.9775,poor,,facebook_marketplace
20bec6b0-43e4-46d0-a3f3-595863522c6c,7148abb4-0051-4f86-a22b-e31e79a9478d,tshirt,07-07-2025,3690,1620,1430,TRUE,48,0.3875,5240,167,8,0.2788,athleisure,prints,all_season,0.7,good,0.6,facebook_marketplace
a8777124-c47b-4d21-979d-7e52f3ef1dec,6dde6af6-60f9-48c5-b3c2-15b50337bac4,jeans,20-08-2025,2910,2190,,FALSE,,,222,18,1,0.0301,casual,neutrals,all_season,0.4,new_with_tags,0.92,facebook_marketplace
2ff12afc-78b3-483c-8555-c76617c79c8a,593b239b-eac0-4397-bb50-958bf1efd9ba,shirt,23-10-2025,7560,2020,,FALSE,,,78,37,1,0.0622,"casual,officewear",darks,all_season,0.425,fair,0.43,facebook_marketplace
620d8063-16a4-4ee2-8fd9-81a4ec84b94c,ec175003-1ed2-4274-9af3-bf97c83e2edd,trousers,27-06-2025,1420,1260,,FALSE,,,99,34,2,0.0577,officewear,prints,all_season,0.45,new_with_tags,0.93,facebook_marketplace
1bfc9500-4418-46d4-98f8-b22b24603ec2,,dress,30-11-2025,5980,1720,1530,TRUE,112,0.2559,4534,280,10,0.51,officewear,pastels,all_season,0.45,fair,,facebook_marketplace
c77d576c-77f7-45c9-a792-53c8ec7b1d12,ecac499d-09f0-499d-ac18-c68cffe750a6,tshirt,19-08-2025,2520,1960,,FALSE,,,126,37,3,0.0618,streetwear,neutrals,all_season,0.65,good,0.64,facebook_marketplace
280cc304-31a6-412c-aaa2-352087410fb8,97ec1a05-af74-416d-bcc5-28d8e0ec33d7,formal_shirt,09-03-2026,5820,1110,,FALSE,,,257,3,1,0.0051,formal,darks,all_season,0.45,good,0.59,facebook_marketplace
b61c3d99-6beb-4253-aeed-f1133df054f6,5ee3c2d2-21be-4723-a9fb-f746a25f3de0,jeans,01-07-2025,2480,890,,FALSE,,,116,40,0,0.0669,streetwear,pastels,all_season,0.65,good,0.73,facebook_marketplace
7906ea06-7650-4a96-bc7c-57ac25911070,,activewear,03-05-2026,4900,1490,1450,TRUE,38,0.2959,7740,237,14,0.3977,casual,prints,all_season,0.4,good,,facebook_marketplace
53aca3ee-2915-45e5-96cd-2d4969f4b19d,,anarkali,02-07-2025,2370,2040,,FALSE,,,298,7,1,0.012,ethnic,neutrals,festive,0.8625,new_with_tags,,facebook_marketplace
914d6b77-5393-47ee-b76f-545b1d919e45,,dress,05-01-2026,2780,1420,,FALSE,,,426,15,0,0.0273,casual,prints,all_season,0.4,good,,facebook_marketplace
aad24a85-31df-4aa6-af08-af8236907231,023f9aa3-77a3-46df-865e-885691431ac0,lehenga,25-02-2026,9470,9470,,FALSE,,,68,3,1,0.005,bridal,darks,festive,0.9775,like_new,0.77,facebook_marketplace
73086992-4b46-4455-8ae0-7a19aede88e0,,shorts,18-06-2025,2690,2050,1830,TRUE,19,0.6803,6371,78,11,0.13,athleisure,brights,summer,0.665,like_new,,facebook_marketplace
91ad35cb-4231-4c35-8def-3eac9816cd0f,,activewear,13-11-2025,4900,790,,FALSE,,,142,36,0,0.0604,casual,neutrals,all_season,0.4,like_new,,facebook_marketplace
063a6abd-f19b-423f-a6e8-b0161910084f,f46ef789-a868-42fa-885e-0cab436fec89,other,17-09-2025,3160,1170,1150,TRUE,11,0.3639,5506,188,11,0.3139,casual,pastels,all_season,0.4,fair,0.46,facebook_marketplace
a2c61ba2-a601-42f9-8fb7-89111cbc4284,,dress,02-12-2025,5980,2800,,FALSE,,,216,2,1,0.0036,casual,darks,all_season,0.4,good,,facebook_marketplace
aa824eee-4794-4087-9851-9c40eba9a6f5,,lehenga,04-05-2026,9470,9470,,FALSE,,,150,10,1,0.0168,"ethnic,bridal",neutrals,festive,0.92,new_with_tags,,facebook_marketplace
3dd08205-1cad-4849-b16e-3aeaca0cf0da,301874e0-22c6-462d-ab10-ec873683f136,tshirt,07-12-2025,2520,840,,FALSE,,,490,36,2,0.0601,"athleisure,casual",darks,all_season,0.55,like_new,0.79,facebook_marketplace
629949e4-1ab6-48f1-a69a-9dcb0dfdfd1c,d6794c59-69c1-4a37-9634-b6a4eb3f37cb,coat,02-08-2025,9620,5640,,FALSE,,,327,43,1,0.0753,casual,prints,winter,0.42,fair,0.41,facebook_marketplace
c0c80255-1667-4006-b0ac-65cc88a2f105,2496b5f7-4206-4ae7-bf26-ee9bbcdd77d3,jeans,10-07-2025,2480,1050,980,TRUE,107,0.3952,2397,54,7,0.0903,streetwear,brights,all_season,0.65,like_new,0.78,facebook_marketplace
32800417-cbc2-4f09-a74d-bc420173a8b3,,shorts,03-10-2025,2370,1710,,FALSE,,,278,30,0,0.05,athleisure,neutrals,summer,0.665,new_with_tags,,facebook_marketplace
b6c513c4-a89d-4b5d-aa9f-d81cbde39646,1af6caf2-df13-4970-a787-f50b5ef49f37,trousers,25-01-2026,5970,4560,,FALSE,,,223,8,2,0.0136,formal,metallics,all_season,0.45,poor,0.31,facebook_marketplace
a09c8597-67f3-44c3-8108-1e76364f2bb0,,trousers,27-12-2025,5970,4680,,FALSE,,,213,42,0,0.0713,officewear,neutrals,all_season,0.45,fair,,facebook_marketplace
8b14b4b7-6bc6-40ea-b60d-189822bc6c1b,2bf860e5-33d7-4cee-b1c5-f2a4a89206dc,blouse,15-02-2026,34540,5270,,FALSE,,,445,17,0,0.0285,ethnic,neutrals,festive,0.8625,poor,0.23,facebook_marketplace
fea7150f-41ff-431e-8d65-b11f51eaeb96,b4873dfc-24fd-4d07-b665-cb702a497dc7,shirt,14-01-2026,2670,1570,1490,TRUE,1,0.5581,6192,263,4,0.442,casual,brights,all_season,0.4,good,0.72,facebook_marketplace
abb4ca2f-961c-4adf-9f8f-93125d44da44,bf3ce7c2-8e71-411a-b45b-948be84ff939,lehenga,17-10-2025,5370,2650,,FALSE,,,23,23,3,0.0385,ethnic,prints,festive,0.8625,good,0.62,facebook_marketplace
c0556d30-8d11-4433-b060-99841e3cc7ea,7ad556a1-435f-4571-9600-158bb794cb9c,blouse,08-05-2026,7880,4660,,FALSE,,,478,28,2,0.0469,bridal,darks,festive,0.9775,like_new,0.84,facebook_marketplace
a2e1db07-4054-41e4-bf0f-f8c37f9af833,,lehenga,31-03-2026,9470,9470,,FALSE,,,345,15,2,0.0251,bridal,darks,festive,0.9775,good,,facebook_marketplace
5f47596e-d994-4a1d-902c-bab36291662d,,blazer,02-07-2025,5765,3320,3010,TRUE,32,0.5221,1928,59,15,0.0997,officewear,neutrals,all_season,0.45,good,,facebook_marketplace
4854fff3-a79a-4d7e-ab2b-9a30b0143a64,684f977a-64d9-480d-ac73-1f579feee2e1,kurta,04-03-2026,7060,2700,,FALSE,,,386,26,3,0.0435,ethnic,prints,all_season,0.75,new_with_tags,0.91,facebook_marketplace
201dc6e3-0eef-46ac-9a50-9b1e1c416db9,,tshirt,09-03-2026,730,650,,FALSE,,,79,28,0,0.0467,minimal,metallics,all_season,0.55,new_with_tags,,facebook_marketplace
b784b0a4-2c22-48b8-99b4-42635769c2da,,shirt,30-03-2026,2670,800,,FALSE,,,25,18,3,0.0303,officewear,darks,all_season,0.45,like_new,,facebook_marketplace
393a2e28-c015-4439-ab59-46342519ffb3,809ab980-f3d7-4617-9512-43e8e2639a67,jeans,14-08-2025,2210,1960,,FALSE,,,456,10,0,0.0167,"casual,streetwear",metallics,all_season,0.525,new_with_tags,0.96,facebook_marketplace
c2877854-1120-4e4f-9956-a70da97692c5,5039c5ee-157c-4814-a974-af13b2cc5a32,trousers,12-11-2025,5970,3680,,FALSE,,,207,28,1,0.0475,formal,darks,all_season,0.45,good,0.64,facebook_marketplace
baa3d4c1-1ba3-4834-9390-7d35bcb1800c,4f529ac2-61a0-4b12-aca9-bf347683012b,anarkali,06-03-2026,5545,5545,,FALSE,,,470,39,2,0.0671,bridal,darks,festive,0.9775,good,0.72,facebook_marketplace
dfcf6b58-0c57-4d95-a2d0-2945753cbd66,1c64b9e0-b068-47b7-8410-fa3aeafd4f48,shirt,10-01-2026,2670,710,,FALSE,,,500,16,3,0.0269,"casual,minimal",metallics,all_season,0.475,like_new,0.84,facebook_marketplace
06998a90-757c-4fdf-9e0d-7d09cbc490ba,f7bb48cd-bf4e-41c5-969f-30b04d6da82e,jacket,08-11-2025,30940,3960,,FALSE,,,446,44,3,0.0733,streetwear,metallics,all_season,0.65,poor,0.22,facebook_marketplace
e3840b4e-5a3f-47cc-8482-93fda8338846,,tshirt,15-01-2026,2520,2090,1970,TRUE,106,0.7817,4917,527,6,0.8798,casual,prints,all_season,0.4,new_with_tags,,facebook_marketplace
2f726ad1-a6c3-4b20-a79f-71d5b3bca160,18d87649-266f-42e2-ad08-61bb9e0a6120,activewear,09-04-2026,4900,2020,,FALSE,,,269,37,3,0.0621,casual,neutrals,all_season,0.4,new_with_tags,0.98,facebook_marketplace
dbd360e8-4702-4496-b41a-63c051c31f4d,8a2f844d-8c35-4072-b656-31cc8b726493,trousers,30-06-2025,5970,4320,,FALSE,,,343,40,1,0.0679,minimal,neutrals,all_season,0.55,like_new,0.8,facebook_marketplace
09c4b7e0-c620-4d35-b1f8-a250208274ac,,jeans,13-11-2025,2480,1060,,FALSE,,,264,9,3,0.0151,casual,prints,all_season,0.4,like_new,,facebook_marketplace
ef9fd415-6446-4f70-a677-8ed6a681c471,18864a06-43fe-47c9-a809-b852cd801a7d,saree,21-12-2025,5010,2530,2160,TRUE,81,0.4311,6761,32,2,0.0533,ethnic,brights,festive,0.8625,good,0.65,facebook_marketplace
ded43bd9-34f0-4853-9de4-393e22b4e8e4,f4f760df-65b0-4b74-83de-15c8d400184c,shorts,21-03-2026,2690,2400,,FALSE,,,396,24,3,0.04,casual,brights,summer,0.38,good,0.72,facebook_marketplace
3924ad67-cdac-4e50-ba3d-318de5be0a47,,tshirt,29-11-2025,3300,1900,,FALSE,,,437,35,0,0.0584,minimal,pastels,all_season,0.55,good,,facebook_marketplace
7fad3894-22ac-4627-ba75-b8d253d9666f,,tshirt,06-03-2026,2520,2120,1960,TRUE,101,0.7778,7645,563,5,0.9399,casual,brights,all_season,0.4,good,,facebook_marketplace
f33550bd-a5a6-4a1b-b86f-738bd21dfc0f,,trousers,01-03-2026,5970,3490,3160,TRUE,116,0.5293,3848,313,11,0.5314,formal,brights,all_season,0.45,good,,facebook_marketplace
d829bf1d-c81a-465a-935f-b344b0cc345e,493f5dda-6a20-4c2b-98bc-46d618079ca7,blazer,12-08-2025,2890,1170,1080,TRUE,56,0.3737,2570,50,8,0.0845,officewear,pastels,all_season,0.45,good,0.66,facebook_marketplace
ca8cff74-5e1a-4a4b-9f2a-a15c55b9697c,,activewear,17-01-2026,4900,950,,FALSE,,,77,37,2,0.0621,casual,prints,all_season,0.4,poor,,facebook_marketplace
a98aa699-ad60-43ff-a43f-a1fc52756f58,,blouse,31-08-2025,7880,3070,2860,TRUE,78,0.3629,4848,317,12,0.531,bridal,prints,festive,0.9775,fair,,facebook_marketplace
fd5039bc-e5d0-411a-92e9-c77021f60b27,,blazer,04-11-2025,6120,4440,,FALSE,,,140,6,3,0.0101,officewear,metallics,all_season,0.45,like_new,,facebook_marketplace
3cc3c3a0-f10e-4be1-96dd-6492eff002d8,13b77cf3-fd93-48ae-8d6d-ebe24c777cd8,tshirt,12-03-2026,2150,1890,,FALSE,,,33,10,0,0.0167,"casual,minimal",neutrals,all_season,0.475,new_with_tags,0.94,facebook_marketplace
b4185819-4982-4e53-8cd2-c06321d521d4,ecc8ad8c-265a-4cf9-bb65-52f3683e90b1,saree,12-11-2025,14100,5200,,FALSE,,,48,33,2,0.055,ethnic,pastels,festive,0.8625,good,0.7,facebook_marketplace
76b03ca3-78bc-455d-9c44-410d4e15d759,dda91311-43a3-4bfe-9fc3-602c13998924,other,12-12-2025,3160,780,690,TRUE,87,0.2184,2063,451,3,0.7529,casual,pastels,all_season,0.4,poor,0.1,facebook_marketplace
604f755d-2067-446f-a576-4c347ddf153f,4e92de3c-ea55-46f4-9d6d-d0289864f54b,kurta,05-10-2025,7060,4970,,FALSE,,,108,42,2,0.0702,"ethnic,bridal",pastels,festive,0.92,new_with_tags,0.91,facebook_marketplace
8dc96931-bd8a-47e9-9b6e-246debea1407,,blouse,22-09-2025,7880,2400,2160,TRUE,70,0.2741,7683,399,8,0.6683,"ethnic,bridal",pastels,festive,0.92,like_new,,facebook_marketplace
93376668-b2b9-4c8c-94cd-eef317d830cb,,tshirt,12-04-2026,2520,790,,FALSE,,,234,27,3,0.0451,casual,brights,all_season,0.4,new_with_tags,,facebook_marketplace
495f33e9-5a3d-452d-953c-f5afd979a50c,e193f76d-e48e-4fb6-8764-c33ae56d8600,shorts,21-12-2025,2690,1940,,FALSE,,,390,16,1,0.0267,casual,neutrals,summer,0.38,poor,0.25,facebook_marketplace
9c1aebee-e5f4-4184-851e-ea4974c113a6,0a3a7e95-6fe1-4285-90e1-27767a703dc0,anarkali,25-02-2026,5545,2730,2370,TRUE,16,0.4274,3178,443,8,0.7625,bridal,brights,festive,0.9775,new_with_tags,0.96,facebook_marketplace
7eb31e1c-784a-4dce-a495-deecc7d12df9,,activewear,07-04-2026,4900,1970,,FALSE,,,34,0,2,0,athleisure,pastels,all_season,0.7,good,,facebook_marketplace
32c288a8-03e0-4af3-955c-474df30a281a,,other,15-02-2026,3160,2660,2430,TRUE,100,0.769,6209,10,11,0.0167,casual,pastels,all_season,0.4,like_new,,facebook_marketplace
5d685421-6f1d-4535-aee3-05e7a1950b2a,c47c3b84-0e5c-40f4-a367-4a1424aee694,dress,18-05-2026,5980,1690,,FALSE,,,128,0,3,0,officewear,brights,all_season,0.45,like_new,0.86,facebook_marketplace
cff5dd8e-55b8-415f-9126-ead6774ed24b,70fa18e5-2a4a-47a3-a30c-14c82d0d19cd,trousers,05-08-2025,5970,1760,,FALSE,,,340,38,1,0.0645,officewear,pastels,all_season,0.45,fair,0.42,facebook_marketplace
56ad89ba-8b40-4a4f-af65-4a7ec98c5204,,kurta,22-08-2025,7060,2280,,FALSE,,,386,31,2,0.0518,"ethnic,bridal",metallics,festive,0.92,new_with_tags,,facebook_marketplace
a8a676ca-0ef5-46e6-9951-6fcf4869a906,,saree,18-02-2026,14100,1880,,FALSE,,,138,24,0,0.04,"ethnic,bridal",pastels,festive,0.92,like_new,,facebook_marketplace
0a0bb549-eebe-446b-90fd-259d77712bfe,,dupatta,30-12-2025,6070,2750,,FALSE,,,222,20,2,0.0334,ethnic,prints,festive,0.8625,fair,,facebook_marketplace
70d492db-f89c-4667-a6b9-20c4d4a549f7,,saree,02-05-2026,14100,2430,,FALSE,,,54,0,0,0,ethnic,brights,festive,0.8625,new_with_tags,,facebook_marketplace
e4ef38e6-0bb5-4163-8c2c-84eb47311e2f,e714d7e5-c7c2-4bd4-89c4-8dd096dfd2cd,jacket,28-01-2026,9320,5380,,FALSE,,,100,9,2,0.015,casual,neutrals,winter,0.42,good,0.59,facebook_marketplace
6ba25ed9-7652-46e6-bfdb-6869b4c7f21e,,other,29-04-2026,2650,1420,1370,TRUE,40,0.517,1240,245,6,0.409,casual,brights,all_season,0.4,like_new,,facebook_marketplace
3b1c2610-663f-4f45-abca-46e9ce69c410,,tshirt,30-01-2026,1600,1270,1230,TRUE,64,0.7688,5844,363,10,0.606,casual,darks,all_season,0.4,new_with_tags,,facebook_marketplace
fcb6788f-2d2d-4484-8f8a-2585d04d30f7,,trousers,24-10-2025,4920,3920,,FALSE,,,152,11,3,0.0187,casual,pastels,all_season,0.4,new_with_tags,,facebook_marketplace
56eb1d4c-8aba-4b06-90b8-c81245595803,,kurta,15-08-2025,7060,6070,5790,TRUE,52,0.8201,1763,515,8,0.8612,ethnic,pastels,festive,0.8625,new_with_tags,,facebook_marketplace
4db48be6-af69-4161-a8ea-abbcdbf94818,,formal_shirt,10-04-2026,5820,4430,,FALSE,,,386,1,1,0.0017,formal,neutrals,all_season,0.45,like_new,,facebook_marketplace
6eae5734-992c-402f-98b5-52c2e208c27e,,tshirt,09-04-2026,2520,2520,,FALSE,,,403,11,1,0.0184,casual,pastels,all_season,0.4,good,,facebook_marketplace
aca20584-3ba6-4b0f-b4e2-7d525f97913e,4620c75d-5821-486e-b5cd-02a92df7c7e9,jacket,15-05-2026,8040,4200,,FALSE,,,427,11,0,0.0183,casual,brights,winter,0.42,good,0.58,facebook_marketplace
9771cfcb-9308-41bd-aeb1-c1a39d9a44b0,,formal_shirt,07-09-2025,5820,3980,,FALSE,,,357,28,2,0.0479,formal,darks,all_season,0.45,like_new,,facebook_marketplace
362741e0-3435-454f-8fba-6a668708cf9e,152f4700-d354-4589-b005-77a274c3c1c1,tshirt,20-12-2025,2520,2470,2240,TRUE,111,0.8889,6190,507,4,0.8464,casual,metallics,all_season,0.4,good,0.67,facebook_marketplace
d6c8b8fe-6ce9-4667-ae04-6c98d5398adf,bc96456d-314c-4a68-acf6-33c821fa3a09,saree,01-04-2026,14100,1450,,FALSE,,,281,39,3,0.065,"ethnic,bridal",darks,festive,0.92,like_new,0.77,facebook_marketplace
8d279f7e-93cb-43d1-88a1-8c4a06d74e51,677d22a5-c2d3-4ad8-99a8-d804d2925bf5,shirt,15-11-2025,2670,890,,FALSE,,,84,15,0,0.0252,casual,darks,all_season,0.4,fair,0.4,facebook_marketplace
aa0fe53b-14ed-454c-8313-922f9ee2dff3,,lehenga,04-01-2026,7570,6230,5810,TRUE,89,0.7675,5243,408,2,0.6834,ethnic,prints,festive,0.8625,new_with_tags,,facebook_marketplace
458e0dc1-3ce9-4a79-86dc-385996e49f85,bebeb262-5f1e-4f81-89b4-ad1ad998c380,trousers,14-08-2025,5730,2780,,FALSE,,,494,11,3,0.0187,minimal,brights,all_season,0.55,good,0.71,facebook_marketplace
f825959b-bcea-45db-9104-3fdad5861c6f,506e4222-d64c-424f-972e-e6e4e8624d3f,activewear,24-05-2026,4900,2120,,FALSE,,,437,28,0,0.047,athleisure,prints,all_season,0.7,good,0.7,facebook_marketplace
aa97ee03-b223-465e-a5af-dd58d774d74e,f3f32ce2-b301-4b76-9612-593621a30163,shorts,12-10-2025,2690,2370,,FALSE,,,139,24,2,0.04,casual,prints,summer,0.38,new_with_tags,0.97,facebook_marketplace
6fca70fe-4e3d-4114-a331-797b9c0cd0e3,2bc2cb4e-130b-4b72-b17e-1c78e6304af5,other,21-03-2026,3160,1960,1760,TRUE,84,0.557,1501,11,8,0.0184,casual,prints,all_season,0.4,fair,0.46,facebook_marketplace
e6ff5617-8e47-4184-ae21-f537a63a7b5f,,sweater,14-11-2025,7840,5710,,FALSE,,,103,9,1,0.0151,minimal,prints,winter,0.5775,new_with_tags,,facebook_marketplace
f5fe717f-c36e-4954-826b-41bb21bfdba8,,trousers,12-02-2026,5970,1800,,FALSE,,,174,37,0,0.0628,officewear,brights,all_season,0.45,poor,,facebook_marketplace
f5a8ad44-3536-46c0-a029-6f1cdfd89ee5,90cf6e3d-e2c8-43fa-bc2e-335ae5bace75,sweater,12-05-2026,5900,2590,,FALSE,,,496,37,1,0.062,casual,metallics,winter,0.42,good,0.67,facebook_marketplace
e11936cc-1fa0-40b1-a926-e679d8f13691,,kurta,02-12-2025,7060,2320,2110,TRUE,120,0.2989,357,533,5,0.8913,ethnic,prints,all_season,0.75,poor,,facebook_marketplace
5e6d2741-496a-4e07-9ada-fcf158b0174e,,coat,25-01-2026,9620,6920,,FALSE,,,383,11,3,0.0193,casual,pastels,winter,0.42,new_with_tags,,facebook_marketplace
3298ef06-f44a-4fed-ba52-890a38a0f2f7,59f52395-dfba-49dc-aa9b-c410bfba0ec1,blazer,04-05-2026,5765,1390,1310,TRUE,41,0.2272,2773,592,3,1,formal,pastels,all_season,0.45,good,0.56,facebook_marketplace
57242a74-8306-4b62-926a-67bba73252ae,8ed18d54-2ef6-4812-a3b8-37d27df1176c,shirt,22-05-2026,2670,1240,1110,TRUE,114,0.4157,7437,356,15,0.5983,casual,neutrals,all_season,0.4,good,0.62,facebook_marketplace
c82a2d0c-81bd-468c-8c53-a6783656b9de,fcf91518-9796-4fd7-931f-559951fa501b,blazer,09-04-2026,5765,3490,3020,TRUE,14,0.5239,5241,15,12,0.0253,formal,neutrals,all_season,0.45,like_new,0.86,facebook_marketplace
a384c83f-855c-4d72-924a-6bf8581be7c2,,coat,18-05-2026,9620,3490,3430,TRUE,69,0.3565,2488,33,2,0.0578,casual,neutrals,winter,0.42,poor,,facebook_marketplace
19874983-af70-4f16-8767-28dda8f8f840,,jacket,20-01-2026,8050,4820,,FALSE,,,225,6,0,0.01,casual,metallics,winter,0.42,good,,facebook_marketplace
f0c4dd2b-e155-420b-b09e-fa228db29d06,9226c338-9aea-4eaf-969a-5b353112b962,activewear,30-07-2025,4900,3360,,FALSE,,,141,0,2,0,casual,pastels,all_season,0.4,good,0.61,facebook_marketplace
06e8a537-a30d-4a5e-9056-29fc4929126c,,activewear,04-05-2026,4900,1910,,FALSE,,,135,30,0,0.0503,casual,prints,all_season,0.4,poor,,facebook_marketplace
bfea7d8b-46ba-4206-909d-f28082fabf9d,,lehenga,11-08-2025,9470,9470,8600,TRUE,62,0.9081,6435,257,4,0.4305,bridal,metallics,festive,0.9775,new_with_tags,,facebook_marketplace
80b94264-1c6f-4429-88b4-6e9ad0b94ee5,1cc1f95b-9551-4e90-9b51-7d262981ed76,formal_shirt,01-12-2025,5820,5170,,FALSE,,,322,5,1,0.0086,formal,pastels,all_season,0.45,good,0.65,facebook_marketplace
084b32ba-6751-4063-8c27-1a04d5cbc2ef,30b84287-50cc-40d2-abdd-18095e3dc3c7,jeans,19-07-2025,16820,2670,2550,TRUE,94,0.1516,4398,62,1,0.1037,"casual,minimal",brights,all_season,0.475,poor,0.22,facebook_marketplace
98160f68-a22d-40cd-8d40-7cb04a2936b4,,lehenga,04-09-2025,9470,9300,,FALSE,,,238,43,3,0.072,bridal,neutrals,festive,0.9775,new_with_tags,,facebook_marketplace
f1412614-b34a-4f43-acc7-13ee6e1450a4,,saree,18-08-2025,14100,10000,,FALSE,,,298,3,2,0.005,ethnic,prints,festive,0.8625,new_with_tags,,facebook_marketplace
b1f3616a-7275-4984-88ac-3c1197c3269e,ac91c80c-e6bc-4881-9f3b-92e6f0232668,saree,28-10-2025,14100,14100,,FALSE,,,146,15,0,0.025,bridal,metallics,festive,0.9775,like_new,0.82,facebook_marketplace
b6b79141-a638-432b-aa6e-2bca18baf5ef,,kurta,05-03-2026,2430,2060,,FALSE,,,113,34,0,0.0569,fusion,metallics,all_season,0.8,new_with_tags,,facebook_marketplace
b012eae2-f737-402b-b2a5-1566c7ebc9b3,,activewear,29-11-2025,4900,3760,3620,TRUE,80,0.7388,7092,96,10,0.1611,athleisure,prints,all_season,0.7,like_new,,facebook_marketplace
660e4fa1-5f7d-4639-92b6-acf9f356a92b,8571900f-5550-4f93-b83e-371ee0811d1b,formal_shirt,04-04-2026,5820,5210,,FALSE,,,105,41,0,0.0702,"officewear,formal",pastels,all_season,0.45,good,0.66,facebook_marketplace
dfb8c4f1-bd85-4636-9546-9b09feef937c,2316bfd2-788a-4418-8c21-db7d8e539219,trousers,01-06-2025,5970,1840,,FALSE,,,82,28,1,0.0475,formal,neutrals,all_season,0.45,new_with_tags,0.9,facebook_marketplace
ba89f519-3ad2-45b9-9b03-aedf9b976e51,36040f91-f9a1-47d0-8eba-7eb529254bc8,blazer,02-08-2025,5765,2150,,FALSE,,,390,16,3,0.027,formal,metallics,all_season,0.45,new_with_tags,0.96,facebook_marketplace
496f2662-e3bc-484e-9712-ae39939a6a40,656e9c49-9f3c-401f-bb0a-0a2d095d5c70,kurta,18-10-2025,7060,3410,3040,TRUE,13,0.4306,1937,512,11,0.8562,ethnic,neutrals,all_season,0.75,good,0.56,facebook_marketplace
1068d7a4-1867-4ac7-ad0d-c09c9b7c5664,,shorts,14-08-2025,2330,1380,1300,TRUE,48,0.5579,5560,382,9,0.6367,casual,metallics,summer,0.38,like_new,,facebook_marketplace
f7b2e78c-385d-481d-8478-5ed4471c9249,3493513a-622d-4976-9478-eb80d7ba3287,blouse,27-05-2026,5590,2940,,FALSE,,,335,22,3,0.0369,bridal,brights,festive,0.9775,good,0.58,facebook_marketplace
b2aa670c-4f8a-480c-b7fd-0ea13215c529,,lehenga,06-09-2025,151770,44800,,FALSE,,,8,26,3,0.0436,bridal,metallics,festive,0.9775,poor,,facebook_marketplace
be76e016-8a09-4c44-b960-51f3ccd14a12,af049a27-d476-40ed-b15e-e39edd629129,other,17-09-2025,3160,1210,,FALSE,,,33,27,0,0.0451,casual,brights,all_season,0.4,new_with_tags,0.92,facebook_marketplace
b9fbc4bd-9a68-410f-9880-6b44949b9f2c,,lehenga,12-05-2026,9470,1580,,FALSE,,,180,5,0,0.0084,ethnic,pastels,festive,0.8625,good,,facebook_marketplace
0dcd8e27-59e4-43d4-a31a-81f80a490ea0,3d6076f2-1e47-4c71-a9df-6ee802cdd3c9,activewear,15-06-2025,4900,3790,3400,TRUE,113,0.6939,1254,148,7,0.2483,casual,pastels,all_season,0.4,like_new,0.82,facebook_marketplace
bfca4714-db15-4c61-9a86-721336c95c5f,adf11656-0e60-4c2f-a652-8c74af891688,other,21-08-2025,3160,1570,1340,TRUE,44,0.4241,4506,469,4,0.783,casual,metallics,all_season,0.4,good,0.6,facebook_marketplace
f71d0589-5267-42b9-9d3b-73d694e2544e,,coat,06-10-2025,9620,7330,6580,TRUE,55,0.684,5441,39,2,0.0683,casual,neutrals,winter,0.42,poor,,facebook_marketplace
0fb421c9-76ee-43cb-9f82-116fc190252a,,other,09-07-2025,3160,1120,,FALSE,,,407,22,2,0.0367,casual,pastels,all_season,0.4,good,,facebook_marketplace
917911f0-9caf-40af-bd6d-62a70b36de43,,saree,06-01-2026,14100,2040,,FALSE,,,191,42,3,0.07,ethnic,neutrals,festive,0.8625,new_with_tags,,facebook_marketplace
77a98f11-a5cd-4e87-9014-517f3057b405,,other,03-09-2025,3240,890,820,TRUE,58,0.2531,4190,429,3,0.7162,casual,neutrals,all_season,0.4,poor,,facebook_marketplace
63cf986d-70ea-4068-bb9f-bbf5ef0fc8f8,c9a9f2d6-1028-43e0-8786-02b77990c057,shorts,07-11-2025,2690,1760,1750,TRUE,90,0.6506,2920,233,1,0.3883,casual,brights,summer,0.38,good,0.66,facebook_marketplace
c71762f5-4ee9-4f9a-9f3f-004bd9d468f9,faa8573e-6afc-44f0-9d74-bd7fcc92e988,saree,07-12-2025,14100,14100,,FALSE,,,485,12,1,0.02,bridal,prints,festive,0.9775,good,0.62,facebook_marketplace
4b14ef23-6cd6-4c1d-96aa-f6ea705607c3,,tshirt,30-12-2025,2520,970,,FALSE,,,410,3,2,0.005,casual,brights,all_season,0.4,like_new,,facebook_marketplace
122d4bd8-0b36-4f6c-849a-d38ea5061525,9e79b63b-d5f4-4fc3-80f5-befc81724642,shirt,04-10-2025,2670,1510,1370,TRUE,68,0.5131,5298,522,15,0.8773,casual,darks,all_season,0.4,like_new,0.75,facebook_marketplace
8eb82de6-5fa5-40f8-89cb-6eef7a5a0f58,,formal_shirt,04-02-2026,5820,3120,,FALSE,,,90,43,3,0.0736,formal,darks,all_season,0.45,like_new,,facebook_marketplace
dade2a96-c165-4b1d-9217-632758c33128,c83acc27-3fe0-4225-9964-96080ddff24c,jacket,29-06-2025,8050,8050,7700,TRUE,72,0.9565,4500,550,15,0.9167,casual,brights,winter,0.42,poor,0.19,facebook_marketplace
ac6bfa65-f618-4f7c-8dbe-b1ecfa2a216f,,anarkali,27-11-2025,5545,2440,2220,TRUE,91,0.4004,2533,545,5,0.938,fusion,prints,festive,0.92,like_new,,facebook_marketplace
0320b55b-7fe4-4d77-a993-7fbce9d6139f,ba896638-a344-4104-9590-170d86d69941,saree,26-01-2026,14100,2840,,FALSE,,,321,6,1,0.01,ethnic,metallics,festive,0.8625,good,0.62,facebook_marketplace
b013035e-3ddc-4c53-9dfe-53831f659b2b,7d49ab82-57f3-4eb5-add9-3950d54e3362,formal_shirt,24-08-2025,10070,1690,,FALSE,,,102,2,3,0.0034,"officewear,formal",brights,all_season,0.45,poor,0.32,facebook_marketplace
891f4b03-136b-414b-a011-57142b134637,,blazer,13-06-2025,5765,3790,3750,TRUE,13,0.6505,7551,296,11,0.5,casual,pastels,all_season,0.4,new_with_tags,,facebook_marketplace
a4cdbddb-f793-441f-8a50-d4936e38bb76,c2bae097-92d1-4aa1-9d23-952829e70835,jeans,28-07-2025,2480,2250,,FALSE,,,464,18,0,0.0301,casual,darks,all_season,0.4,like_new,0.79,facebook_marketplace
2243c226-683b-405c-a77d-1a1f16a06f7c,41eb6bd3-050a-4ae3-8b35-f13e237a6bcf,shirt,11-03-2026,2670,760,660,TRUE,84,0.2472,5833,67,1,0.1126,casual,brights,all_season,0.4,poor,0.34,facebook_marketplace
cc208ae5-7532-4f46-901d-76c15ddce033,,jacket,02-06-2025,8050,7410,,FALSE,,,108,41,1,0.0683,casual,prints,winter,0.42,new_with_tags,,facebook_marketplace
7b9da479-ca91-4d8a-8c25-71daacb81d0d,,jeans,30-04-2026,2480,1190,,FALSE,,,442,27,3,0.0452,casual,darks,all_season,0.4,like_new,,facebook_marketplace
e1924e5a-2e20-44c5-aebf-132ddf9f1851,,jeans,08-12-2025,2480,2480,,FALSE,,,211,13,3,0.0217,streetwear,neutrals,all_season,0.65,fair,,facebook_marketplace
38e1a3f1-a45f-43a5-864d-b7f11c4b5cc9,,formal_shirt,15-08-2025,5820,1810,,FALSE,,,18,15,3,0.0257,formal,neutrals,all_season,0.45,like_new,,facebook_marketplace
303d4070-fefd-480e-a60f-ca2b6c44f7f2,,blazer,24-04-2026,5765,4390,,FALSE,,,185,8,2,0.0135,formal,pastels,all_season,0.45,like_new,,facebook_marketplace
6d0ccdb2-65fd-4dd0-936c-29a10d20e377,,blouse,22-07-2025,5470,4460,4170,TRUE,47,0.7623,2060,441,13,0.7387,ethnic,metallics,festive,0.8625,new_with_tags,,facebook_marketplace
a02c341d-5c14-4fef-a584-b9ab7be86ce8,3e53b05a-5583-42c1-9ddf-e8b80d99aac9,activewear,17-01-2026,4900,1130,,FALSE,,,445,33,3,0.0554,casual,pastels,all_season,0.4,good,0.63,facebook_marketplace
98c0ae78-f539-4c88-8464-00f9d652d9c3,e41ddce3-6ab8-4b18-af81-d0f814aec33d,other,05-03-2026,2280,1710,,FALSE,,,199,16,1,0.0267,casual,brights,all_season,0.4,like_new,0.81,facebook_marketplace
f007fe1e-3c3b-4bc9-bdf2-a60cffbbc771,,saree,14-09-2025,209430,42200,36540,TRUE,106,0.1745,6625,469,12,0.7817,bridal,metallics,festive,0.9775,poor,,facebook_marketplace
a35a9593-2941-4cf8-84a9-76e8e02fcc44,9671aed7-56b2-4db6-9989-07f7749559d3,blazer,29-04-2026,10430,2860,2820,TRUE,91,0.2704,4512,391,6,0.6605,officewear,prints,all_season,0.45,poor,0.26,facebook_marketplace
7ff9eaa7-7343-42b3-b550-63d5436d52cc,,anarkali,14-11-2025,5545,2880,,FALSE,,,15,29,1,0.0499,bridal,prints,festive,0.9775,good,,facebook_marketplace
79603bc8-e662-4217-b25f-f4c193983c70,ee94aad2-50a7-42b7-a7a2-42c757c5a4fa,shorts,23-03-2026,2690,2230,2180,TRUE,110,0.8104,1131,353,13,0.5883,casual,darks,summer,0.38,good,0.57,facebook_marketplace
912e36b9-3c54-4e62-a930-3a567e1dad0f,3659eea5-5370-4385-9bd7-2a5908d3601f,blazer,09-07-2025,5765,4680,4630,TRUE,26,0.8031,4839,538,1,0.9088,formal,prints,all_season,0.45,like_new,0.82,facebook_marketplace
2d4293d8-7650-4269-b0dd-79fc050e78a6,744c53fe-f49c-4b69-81db-9bfdc1b0b0ea,tshirt,08-03-2026,3090,2290,,FALSE,,,398,23,0,0.0384,"casual,minimal",darks,all_season,0.475,new_with_tags,0.98,facebook_marketplace
c3f6a91f-39fa-406e-9927-586735783d06,bd19aeef-046f-430b-8311-204e4c00000b,saree,06-02-2026,14100,14100,14030,TRUE,41,0.995,6156,493,13,0.8217,"ethnic,bridal",metallics,festive,0.92,poor,0.13,facebook_marketplace
a9a54f75-995e-4f36-9f3d-3f04cd5385d7,,saree,01-02-2026,14100,14100,14090,TRUE,77,0.9993,5796,242,7,0.4033,bridal,neutrals,festive,0.9775,good,,facebook_marketplace
2bddc41b-56d9-41e8-a066-c398b3b7ecec,64b4cf5a-956e-4200-bd2d-b6c6d0b2fb6c,shirt,09-11-2025,2670,790,,FALSE,,,431,7,3,0.0118,casual,brights,all_season,0.4,good,0.57,facebook_marketplace
233f1602-16b1-4f19-9511-87923bd762e1,d77cce5f-9f37-4e8c-99e7-0400eb8d77f4,anarkali,16-02-2026,4540,2190,,FALSE,,,142,20,1,0.0344,ethnic,pastels,festive,0.8625,good,0.65,facebook_marketplace
e296029a-6aa0-42f0-acc7-2f22088e9b0e,9fd297cc-4164-4f14-8cd3-144bbf33ffd8,saree,04-02-2026,14100,3870,,FALSE,,,207,26,1,0.0433,ethnic,prints,festive,0.8625,like_new,0.88,facebook_marketplace
113a8aec-5806-4ce7-8fe3-c78c14493ba9,,kurta,07-06-2025,7060,960,,FALSE,,,90,33,0,0.0552,fusion,neutrals,all_season,0.8,poor,,facebook_marketplace
3c9dc41e-1f55-4fc9-ab5f-8a36180b5734,0e39dadd-d936-400e-9c88-b79b71521eb6,jeans,15-02-2026,2480,2010,,FALSE,,,95,32,2,0.0535,casual,metallics,all_season,0.4,new_with_tags,0.94,facebook_marketplace
e7d738ab-4b92-456f-bf1e-9e99fe41a696,2beaffd2-9021-49f0-9ee3-d0ae5cc85d65,shirt,26-01-2026,2670,470,450,TRUE,69,0.1685,3074,497,7,0.8353,casual,darks,all_season,0.4,like_new,0.86,facebook_marketplace
9b3daa45-b9ff-48b1-8e51-fabc446c98f2,,kurta,27-06-2025,6830,4850,4830,TRUE,92,0.7072,4329,238,9,0.398,fusion,darks,all_season,0.8,new_with_tags,,facebook_marketplace
d7224fe4-da51-4515-84fd-779d0f16bfc3,3837a7ed-ec09-4335-b31d-5e5a06862d59,tshirt,15-03-2026,26330,2680,,FALSE,,,461,14,3,0.0234,casual,darks,all_season,0.4,poor,0.31,facebook_marketplace
b684c757-4dfb-4789-941d-d3e3d723982f,14436102-8b59-4275-a005-7dee26af346e,blouse,04-07-2025,7880,3550,,FALSE,,,60,9,0,0.0151,bridal,darks,festive,0.9775,good,0.6,facebook_marketplace
6f9ad63c-7469-4b89-99ee-5e96b83065da,fd977bf5-8826-4fa7-aea1-cd6e605d8135,jeans,26-07-2025,2050,1010,,FALSE,,,189,34,3,0.0569,casual,darks,all_season,0.4,good,0.73,facebook_marketplace
67427976-77d0-4963-b0b5-f03eb74638a7,ee6bd8e7-3f23-4ed4-941c-d5e5402209cc,shirt,04-02-2026,1780,1110,,FALSE,,,456,22,1,0.037,casual,neutrals,all_season,0.4,like_new,0.76,facebook_marketplace
b5719a45-6234-422e-bd69-3b1188f8a4ca,,blouse,31-10-2025,7880,1350,,FALSE,,,94,0,2,0,"ethnic,bridal",metallics,festive,0.92,like_new,,facebook_marketplace
f58892e1-b876-4229-8435-79ec2f2a0e77,fc55645a-3cdf-4182-a601-0d98a88c0b59,shirt,04-04-2026,2350,1990,,FALSE,,,187,31,1,0.0521,casual,darks,all_season,0.4,new_with_tags,0.98,facebook_marketplace
a9a970bb-a755-480a-a4c0-23a6cbfaba3b,,formal_shirt,22-09-2025,27140,3630,,FALSE,,,48,39,0,0.0668,formal,pastels,all_season,0.45,poor,,facebook_marketplace
f8220915-d0d2-4445-bb46-e0ff362659b5,,jeans,06-03-2026,1400,660,570,TRUE,103,0.4071,6476,239,7,0.3997,streetwear,prints,all_season,0.65,good,,facebook_marketplace
bd24ff32-4b72-433b-b49f-d5c3b5d8a38e,b792f942-7806-4ec1-972e-b8a5c11897bc,lehenga,07-04-2026,9470,9470,8640,TRUE,7,0.9124,1880,474,15,0.794,bridal,pastels,festive,0.9775,poor,0.11,facebook_marketplace
3f1f2754-0775-41f1-890b-c2422174b08f,9ff6b090-80ab-44ba-9662-53e2347921f6,jeans,07-07-2025,2480,470,410,TRUE,95,0.1653,4705,505,8,0.8445,streetwear,brights,all_season,0.65,fair,0.52,facebook_marketplace
bea0bf0b-ac9a-48c7-8076-a7444856eb81,,tshirt,09-11-2025,2520,700,620,TRUE,77,0.246,811,531,7,0.8865,casual,metallics,all_season,0.4,good,,facebook_marketplace
5dfd5aeb-7214-4593-8eef-ce98f2cdd96c,,anarkali,13-10-2025,5545,4450,,FALSE,,,437,33,2,0.0568,bridal,metallics,festive,0.9775,poor,,facebook_marketplace
475dd873-32cb-46f5-9ac7-fefa9e745c4f,,saree,03-08-2025,14100,14100,12290,TRUE,17,0.8716,7432,193,8,0.3217,"ethnic,bridal",pastels,festive,0.92,fair,,facebook_marketplace
0dd6e517-a7b8-459d-91fe-c6ee1184072f,5edab931-c92c-416f-ae93-91c29db28b24,kurta,04-12-2025,7400,4030,3980,TRUE,88,0.5378,1248,245,4,0.4097,"ethnic,bridal",darks,festive,0.92,good,0.67,facebook_marketplace
545b001b-c956-4a07-8760-9c692059c61e,,dupatta,29-10-2025,6070,3650,,FALSE,,,231,3,3,0.005,"ethnic,bridal",darks,festive,0.92,good,,facebook_marketplace
26ba2d6d-6b5f-499e-9e84-0864fd9ba90e,42b49a37-8e01-4521-9aac-52236046f69a,jeans,16-06-2025,2480,2240,2100,TRUE,7,0.8468,2694,520,2,0.8696,casual,brights,all_season,0.4,fair,0.48,facebook_marketplace
6ae91943-cd0d-473a-9bb4-b0c3d9fb8e86,,saree,24-02-2026,14100,4030,,FALSE,,,239,6,0,0.01,ethnic,neutrals,festive,0.8625,like_new,,facebook_marketplace
a74ac670-0be0-47f3-8c69-73c215193393,4ed793ac-b10e-4184-852e-ec41be9da1fc,saree,14-03-2026,51280,30400,,FALSE,,,422,37,0,0.0617,ethnic,prints,festive,0.8625,good,0.7,facebook_marketplace
1d5391ef-f985-4bb6-8da6-fbb34748ac6c,,tshirt,13-03-2026,2520,2000,1830,TRUE,55,0.7262,2659,352,12,0.5876,casual,pastels,all_season,0.4,like_new,,facebook_marketplace
6be6b8cb-6dea-4da7-9245-cac1b470d9be,7a9af167-be41-4183-b24b-5eb141625b81,shorts,20-10-2025,820,620,600,TRUE,62,0.7317,6508,164,12,0.2733,casual,darks,summer,0.38,new_with_tags,0.91,facebook_marketplace
7c793c6f-0b35-46a7-9081-2f8b81e3e39a,,tshirt,30-09-2025,2520,370,,FALSE,,,234,22,3,0.0367,athleisure,darks,all_season,0.7,good,,facebook_marketplace
52422060-e3d6-4a87-92f6-8709e0e75567,67304c2f-057c-423b-a950-06871cc984b3,saree,28-04-2026,14100,14100,,FALSE,,,232,16,1,0.0267,bridal,prints,festive,0.9775,good,0.7,facebook_marketplace
cc16fbbf-49fe-4b66-9702-1eb7974dfa77,410b7631-0176-41c5-a837-f40738b3aec9,skirt,25-10-2025,2985,1780,1520,TRUE,8,0.5092,5516,199,6,0.3317,fusion,prints,all_season,0.8,good,0.6,facebook_marketplace
17ef1ba4-45a4-4f18-841d-038177fefd73,,tshirt,30-06-2025,2520,1510,,FALSE,,,154,18,0,0.0301,athleisure,metallics,all_season,0.7,poor,,facebook_marketplace
e88c75bf-51de-46be-a5a9-62877222a029,2a307e19-1c8d-4600-827c-fbe354694caa,tshirt,22-03-2026,2520,1420,1250,TRUE,26,0.496,7357,27,14,0.0451,athleisure,metallics,all_season,0.7,new_with_tags,0.91,facebook_marketplace
637b0d20-c12a-42cc-9ef9-17816c4fe59e,,activewear,27-10-2025,4900,1110,1050,TRUE,53,0.2143,2312,428,5,0.7181,casual,prints,all_season,0.4,fair,,facebook_marketplace
5ca97815-858f-4f7e-987f-ace07bbabdbe,dfbaab72-a313-4f28-81d1-e1bd8f32f9b8,jacket,13-02-2026,22390,6310,6030,TRUE,78,0.2693,7673,311,1,0.5183,casual,neutrals,winter,0.42,fair,0.39,facebook_marketplace
391fa36a-be90-4ce3-8951-fe1947e2b41d,,coat,17-12-2025,9620,2580,,FALSE,,,45,21,0,0.0368,casual,metallics,winter,0.42,like_new,,facebook_marketplace
5828557a-cab2-459c-b753-de9f671d0dd7,ba252c28-15eb-4417-bdea-2af3e317a5d9,activewear,09-11-2025,4900,3240,,FALSE,,,96,8,0,0.0134,athleisure,neutrals,all_season,0.7,new_with_tags,0.98,facebook_marketplace
fd7f97ac-1f96-4f36-9013-81ff8ce5bad8,,activewear,13-06-2025,4900,3230,3130,TRUE,102,0.6388,278,570,8,0.9564,casual,darks,all_season,0.4,new_with_tags,,facebook_marketplace
e8d62a6d-d7ee-423e-894f-727860716f03,47028385-d7b8-467e-a3d0-03268d388db6,lehenga,30-03-2026,12560,5100,,FALSE,,,483,5,3,0.0084,ethnic,pastels,festive,0.8625,fair,0.41,facebook_marketplace
4a5690fd-f7a3-426d-b7e6-fd8f5bf9fbaa,,other,07-12-2025,3160,540,,FALSE,,,216,20,0,0.0334,casual,metallics,all_season,0.4,good,,facebook_marketplace
821b1819-9cae-4d35-9bb2-32a49f9f20f1,5e097a57-74bf-4c22-9b43-fb886499e3a1,kurta,25-06-2025,6140,3840,3660,TRUE,63,0.5961,286,546,13,0.913,ethnic,darks,festive,0.8625,like_new,0.75,facebook_marketplace
82a7de33-7c1f-4faa-bba5-bdc579a3fdd7,,coat,08-12-2025,9620,7250,6680,TRUE,40,0.6944,4471,199,6,0.3485,casual,darks,winter,0.42,like_new,,facebook_marketplace
4a85e660-26a7-48f1-ad96-886bdc672a39,295462eb-f766-488e-bf11-1966d9485a68,dress,19-05-2026,5980,1240,,FALSE,,,165,45,2,0.082,casual,metallics,all_season,0.4,good,0.6,facebook_marketplace
23b1c5a5-bed2-476f-9032-3c3a8ccd685f,bab212af-6505-497b-b3db-0a31b25e5975,kurta,30-12-2025,7060,970,,FALSE,,,321,39,0,0.0652,ethnic,pastels,all_season,0.75,new_with_tags,0.98,facebook_marketplace
225d5409-8a6e-4b52-9ec5-bf84bb270ca2,,lehenga,02-07-2025,9470,960,960,TRUE,118,0.1014,6169,103,3,0.1725,"ethnic,bridal",prints,festive,0.92,good,,facebook_marketplace
60c592aa-bcfa-414a-8b86-70ddcf8a7511,aa91e089-2367-48f7-9176-5166c4bbbfab,blouse,15-04-2026,7880,3280,,FALSE,,,300,16,2,0.0268,"ethnic,bridal",prints,festive,0.92,like_new,0.83,facebook_marketplace
e7bc5d63-10c0-4256-9314-5806a07d06ff,eac5421d-575a-4b43-8afc-39b48c6516bd,saree,06-07-2025,20780,9300,,FALSE,,,448,4,3,0.0067,bridal,pastels,festive,0.9775,good,0.72,facebook_marketplace
89e510a5-7464-4c08-b2a0-a57b8b5dc6e3,,formal_shirt,25-04-2026,5820,1250,,FALSE,,,327,13,2,0.0223,"officewear,formal",metallics,all_season,0.45,fair,,facebook_marketplace
a32144b2-39be-4a0c-a4b6-9fcb02d9a1c1,,kurta,21-03-2026,7060,4660,,FALSE,,,384,44,2,0.0736,fusion,brights,all_season,0.8,new_with_tags,,facebook_marketplace
d88f97e2-f532-4f65-8d5b-f2fa19287660,,sweater,14-07-2025,11030,8030,,FALSE,,,100,28,0,0.0469,casual,darks,winter,0.42,like_new,,facebook_marketplace
2a79fac6-2634-4103-b8dc-1aba0919b739,73199972-bdf3-4340-9836-6b915a413f44,tshirt,24-04-2026,2520,600,,FALSE,,,303,19,0,0.0317,athleisure,neutrals,all_season,0.7,like_new,0.77,facebook_marketplace
0e00d2e0-9917-4cee-aee9-ece18cd8febf,9d7f4c2e-127c-4210-918d-5a4a57ecf723,tshirt,09-04-2026,740,440,,FALSE,,,240,5,0,0.0083,casual,neutrals,all_season,0.4,good,0.59,facebook_marketplace
a16f2f49-40be-411f-8ca0-2862032a20d3,,lehenga,31-03-2026,9470,3530,,FALSE,,,457,11,2,0.0184,ethnic,neutrals,festive,0.8625,like_new,,facebook_marketplace
2be6c790-d42b-40a1-add5-514ea136f218,14386c14-5b0f-426d-9cb5-d6057bcde592,dress,02-09-2025,5980,2340,2240,TRUE,49,0.3746,7421,277,9,0.5046,formal,metallics,all_season,0.45,like_new,0.84,facebook_marketplace
7c2a8556-8cde-49cb-9170-e4954ce37630,,blouse,29-01-2026,7880,1820,1580,TRUE,18,0.2005,1425,467,11,0.7822,bridal,darks,festive,0.9775,new_with_tags,,facebook_marketplace
fac081ec-6607-48b2-92b8-82126bad5353,,shirt,04-08-2025,2670,2360,,FALSE,,,457,43,2,0.0723,streetwear,darks,all_season,0.65,poor,,facebook_marketplace
c13e0bd5-c6ba-42c2-a3dd-e7a241cdab49,a7fefb82-67d0-40fe-ba74-12b00b04b530,kurta,21-10-2025,3840,2510,,FALSE,,,499,17,2,0.0284,fusion,prints,festive,0.92,like_new,0.81,facebook_marketplace
4bae5978-7583-4ce2-b102-9f8b562ced10,,kurta,23-03-2026,7060,5150,,FALSE,,,164,24,3,0.0401,ethnic,neutrals,all_season,0.75,poor,,facebook_marketplace
1e6109aa-c971-4209-9e6f-d0a11697d71e,4c619f33-d1d6-482c-b2de-0c0169f9e764,kurta,11-05-2026,7060,2880,2500,TRUE,19,0.3541,4163,537,14,0.898,fusion,pastels,all_season,0.8,poor,0.3,facebook_marketplace
e56a8977-a9d4-4afa-88ae-05003e4adde7,1924cfb7-3f5c-4f99-97cc-e1faf499f282,blouse,15-05-2026,7880,2380,,FALSE,,,104,35,3,0.0586,"ethnic,bridal",prints,festive,0.92,like_new,0.83,facebook_marketplace
a5b3a576-5d44-40dd-9414-544d4ffe2329,a04e123e-041d-4338-9db8-0c46589f29d8,dress,02-01-2026,5980,2620,2300,TRUE,88,0.3846,6134,380,1,0.6922,minimal,darks,all_season,0.55,new_with_tags,0.96,facebook_marketplace
ff3456f2-3b5b-44fb-af37-21241e6ba8b7,,tshirt,24-09-2025,2520,2180,1870,TRUE,17,0.7421,2494,132,13,0.2204,casual,brights,all_season,0.4,like_new,,facebook_marketplace
019771a8-553a-42c7-9392-0799a08a1071,,coat,26-10-2025,14620,6900,6660,TRUE,37,0.4555,6898,74,15,0.1296,casual,metallics,winter,0.42,good,,facebook_marketplace
69629796-540c-4315-8554-e52715277d2f,,skirt,26-03-2026,4610,2670,,FALSE,,,40,8,1,0.0133,casual,neutrals,all_season,0.4,good,,facebook_marketplace
f1e5fb86-b66c-4de1-a92b-a0b615a10b7a,,kurta,05-04-2026,7060,3550,,FALSE,,,162,2,2,0.0033,ethnic,neutrals,all_season,0.75,good,,facebook_marketplace
90cac3ee-b3f9-427e-9370-1532b2d19dc4,,coat,12-03-2026,13140,7850,,FALSE,,,102,28,3,0.049,casual,brights,winter,0.42,good,,facebook_marketplace
3fc86a0a-3622-4e8f-abb1-5533ccead608,53f000f0-30b5-4f5d-84dc-51b06d264197,sweater,15-04-2026,11165,5020,4400,TRUE,24,0.3941,467,240,13,0.402,casual,neutrals,winter,0.42,good,0.72,facebook_marketplace
d8802ef3-6912-465d-ab81-1407dc896a9b,,dress,23-09-2025,2870,2040,1890,TRUE,103,0.6585,2996,108,15,0.1967,casual,brights,all_season,0.4,like_new,,facebook_marketplace
19ed8b6c-e449-4ec9-9121-684928802c2a,,shirt,25-06-2025,5090,2670,,FALSE,,,496,12,2,0.0202,officewear,pastels,all_season,0.45,like_new,,facebook_marketplace
df5b2fec-6579-4942-820a-e70733b4094a,38a27b09-95ad-4dde-9ed2-708975d74c9f,kurta,05-01-2026,7060,5910,,FALSE,,,85,31,0,0.0518,fusion,metallics,all_season,0.8,good,0.63,facebook_marketplace
81a24c40-876c-46a3-9787-47b1c3dc9c4b,73c43989-451f-4eff-a3d9-30877fe52a6e,other,03-04-2026,3160,860,,FALSE,,,224,36,3,0.0601,casual,pastels,all_season,0.4,good,0.56,facebook_marketplace
ecad82d9-50f4-41db-8556-21a1f92b720a,,jacket,20-01-2026,8050,3570,,FALSE,,,416,26,0,0.0433,casual,brights,winter,0.42,good,,facebook_marketplace
e8ae4ec0-68ae-4962-92cd-2052e07bd55b,,saree,31-12-2025,14100,7400,,FALSE,,,439,44,2,0.0733,"ethnic,bridal",darks,festive,0.92,good,,facebook_marketplace
90ba8ae6-64b3-4c06-ba41-9883d5c02ae1,,tshirt,15-04-2026,2700,1980,,FALSE,,,125,11,2,0.0184,casual,metallics,all_season,0.4,new_with_tags,,facebook_marketplace
811783df-f2cd-427d-9433-099675f50d5a,,jacket,30-01-2026,8050,3020,,FALSE,,,220,4,0,0.0067,casual,darks,winter,0.42,good,,facebook_marketplace
c533a303-9fc0-4934-95ea-7c6b1d3bb381,9394382e-aa5a-4f4e-b297-d08a68b3383f,activewear,12-08-2025,6680,3420,,FALSE,,,104,30,3,0.0503,athleisure,darks,all_season,0.7,like_new,0.84,facebook_marketplace
818cd20b-712c-4463-98ee-8a54304d312d,ae3bffcc-ddb8-4f12-b1bf-ab432620d651,lehenga,11-06-2025,55780,27900,25150,TRUE,21,0.4509,6755,449,12,0.7521,bridal,darks,festive,0.9775,good,0.67,facebook_marketplace
303e1078-d527-4671-9365-6a374685ac9e,e10add05-aa8a-42e0-a9a3-d717f45d3965,blouse,08-08-2025,7880,1350,,FALSE,,,284,24,0,0.0402,bridal,prints,festive,0.9775,good,0.67,facebook_marketplace
a1996f91-e792-401c-809f-1dabbd41c737,,kurta,03-06-2025,7060,1620,1560,TRUE,11,0.221,1907,270,3,0.4515,ethnic,darks,all_season,0.75,like_new,,facebook_marketplace
6ce9da7a-59a5-494d-a510-bffc7eeb93e1,,other,25-08-2025,3160,700,680,TRUE,97,0.2152,172,176,13,0.2938,casual,neutrals,all_season,0.4,like_new,,facebook_marketplace
308a42b7-f3e6-480a-baab-89d304c0902a,b017de51-e3d4-4cee-8f0a-b1318663159a,lehenga,01-11-2025,9470,3140,,FALSE,,,249,35,1,0.0586,ethnic,metallics,festive,0.8625,fair,0.43,facebook_marketplace
9f65141a-36f3-4bb8-ad34-b6428de21d53,fe9fca2c-c3dd-4ba8-9416-aae6f9def881,saree,17-02-2026,14100,4820,,FALSE,,,193,14,3,0.0233,ethnic,darks,festive,0.8625,like_new,0.78,facebook_marketplace
adc9d960-e8c0-4df5-9a39-8dc2482ab336,,shorts,31-07-2025,2690,1390,,FALSE,,,389,31,3,0.0517,casual,neutrals,summer,0.38,new_with_tags,,facebook_marketplace
7554cb8b-a6c7-4e6e-b316-4110b2f4a8ac,098b61f1-ac3d-49eb-a7d2-d1549157a427,shirt,27-01-2026,2670,2010,,FALSE,,,209,32,3,0.0538,minimal,pastels,all_season,0.55,good,0.56,facebook_marketplace
8556ec1b-f18c-4e34-a1dc-a989198c1e66,,saree,25-10-2025,14100,2190,,FALSE,,,39,34,2,0.0567,ethnic,brights,festive,0.8625,good,,facebook_marketplace
766e37d1-dc92-4e36-ab02-6bf5ae80ba71,,jacket,14-09-2025,8050,6580,,FALSE,,,469,7,3,0.0117,athleisure,neutrals,all_season,0.7,like_new,,facebook_marketplace
f79b5cef-c693-4976-9f6f-97afdf68b5e4,2fa7c73c-60f4-454f-8fbf-63b39c0285b2,jacket,29-12-2025,8050,3570,,FALSE,,,400,3,2,0.005,casual,darks,winter,0.42,good,0.72,facebook_marketplace
4c4194dc-465b-44b1-a2a4-b4ebb160a016,b89d215c-58cd-4149-94c8-596662e344ac,dress,11-08-2025,5980,5120,,FALSE,,,201,45,1,0.082,casual,brights,all_season,0.4,new_with_tags,0.91,facebook_marketplace
ee68375e-8b17-492b-a389-5398fe6e018b,21d7bcac-f17f-4ced-b103-b9bb282a7dd5,tshirt,17-08-2025,2520,1720,,FALSE,,,424,24,0,0.0401,streetwear,darks,all_season,0.65,fair,0.42,facebook_marketplace
922d2594-7b06-454f-b9c7-b3cf40a0ca06,,other,17-02-2026,910,380,,FALSE,,,5,45,0,0.0751,casual,neutrals,all_season,0.4,fair,,facebook_marketplace
5611cd33-651c-48c4-a868-74f31903a26d,,saree,10-03-2026,72320,19000,,FALSE,,,441,28,1,0.0467,"ethnic,bridal",brights,festive,0.92,poor,,facebook_marketplace
f634242a-e73d-450c-8bc9-ed19ca0a5f6c,ce0456fc-47f1-446f-98b5-ef376533628f,coat,12-01-2026,6630,2770,,FALSE,,,394,35,0,0.0613,casual,metallics,winter,0.42,good,0.66,facebook_marketplace
30e91005-918e-4b32-9c46-5aa4b7a84d7d,d9558490-3162-423a-9b47-25214cdf02c3,formal_shirt,30-10-2025,4160,2340,,FALSE,,,345,3,1,0.0051,formal,pastels,all_season,0.45,good,0.65,facebook_marketplace
fb7a690a-c4ae-43c3-9068-3ece81418540,1829ee6c-4665-4ae6-a907-f21173b26f1f,dupatta,18-10-2025,6070,1650,1590,TRUE,35,0.2619,6682,313,13,0.5225,ethnic,pastels,festive,0.8625,poor,0.19,facebook_marketplace
9775b012-f1d9-46cb-abf3-1a7e096cf41b,,saree,12-01-2026,14100,4410,,FALSE,,,46,20,3,0.0333,ethnic,prints,festive,0.8625,fair,,facebook_marketplace
70592fe3-1812-4737-9f01-662dec9e337a,2ad0a3a0-e771-479c-b4d9-f8b4a7527604,activewear,03-04-2026,7550,3120,,FALSE,,,407,33,0,0.0554,casual,pastels,all_season,0.4,good,0.58,facebook_marketplace
ab238513-75eb-44ef-abd9-0b97174c5cd5,,formal_shirt,12-06-2025,5820,1780,1530,TRUE,113,0.2629,6375,188,4,0.3219,"officewear,formal",pastels,all_season,0.45,like_new,,facebook_marketplace
92b09535-48ff-4e21-aa95-81a3446dd80b,20d35058-eff4-4727-99fd-9ad876ad9bde,activewear,03-09-2025,4900,1810,,FALSE,,,54,38,0,0.0638,athleisure,pastels,all_season,0.7,fair,0.39,facebook_marketplace
f76a9db2-947a-4304-9da9-692e794c9ea5,d677cc22-bd30-4427-a642-1135fdf77655,saree,11-10-2025,22280,17700,,FALSE,,,333,1,3,0.0017,bridal,metallics,festive,0.9775,new_with_tags,0.92,facebook_marketplace
cc98683b-0755-4f68-85cf-43627936fad3,da28db93-bcce-4070-8e62-245a5608c0ae,formal_shirt,27-11-2025,1710,1320,1140,TRUE,84,0.6667,3140,294,3,0.5034,formal,brights,all_season,0.45,new_with_tags,0.95,facebook_marketplace
40be6560-f452-47b9-92f6-37f043234329,,blazer,27-05-2026,5765,4670,,FALSE,,,249,14,2,0.0236,formal,prints,all_season,0.45,like_new,,facebook_marketplace
b526964b-c728-4d4b-b495-d5db5190871b,109f7501-a561-4edc-8013-c508d184760d,lehenga,02-09-2025,14800,5430,5380,TRUE,104,0.3635,200,112,14,0.1876,"ethnic,bridal",darks,festive,0.92,fair,0.53,facebook_marketplace
ce84e26e-364d-407f-9e12-55f3e94889da,446262ca-f41e-4134-863a-29f25c92b9e2,coat,13-04-2026,9620,5690,,FALSE,,,117,15,3,0.0263,casual,brights,winter,0.42,good,0.61,facebook_marketplace
a91c857b-e173-43d9-892b-4e665916399b,1e657841-7a2f-48e8-b169-d3a9b6543d02,blazer,21-11-2025,5765,3160,,FALSE,,,407,45,0,0.076,formal,metallics,all_season,0.45,new_with_tags,0.99,facebook_marketplace
910dd0c8-03c5-4d57-a0c9-430659020156,03f3741a-f554-41bd-803c-2459c04b5233,tshirt,15-12-2025,2520,2460,,FALSE,,,349,7,0,0.0117,casual,prints,all_season,0.4,like_new,0.86,facebook_marketplace
8124e5d0-77f1-4290-99d9-cb120fca5194,,jeans,20-10-2025,2480,2310,,FALSE,,,263,36,3,0.0602,casual,brights,all_season,0.4,good,,facebook_marketplace
4b7f4c69-21f1-44a9-8423-ac9323e27b94,d469a4f4-601d-4e55-8872-6887b01e5606,activewear,18-09-2025,4900,1770,,FALSE,,,448,18,2,0.0302,casual,darks,all_season,0.4,like_new,0.85,facebook_marketplace
4ba8931f-9e9c-4124-8ebc-59322adcac8b,,kurta,13-02-2026,4360,3230,2810,TRUE,49,0.6445,6213,535,14,0.8946,ethnic,neutrals,all_season,0.75,like_new,,facebook_marketplace
8adeafcb-b09f-44f4-9ac7-f4bcbb445811,3a7cc711-45bb-47f4-90b0-56e9adca9df7,tshirt,25-03-2026,2520,2050,,FALSE,,,421,30,3,0.0501,"casual,streetwear",metallics,all_season,0.525,new_with_tags,0.92,facebook_marketplace
1e36c053-a673-4e6c-be5c-a08036fce5f2,36594451-0c1e-4170-9d84-e488e39636b4,kurta,14-09-2025,7060,5870,,FALSE,,,452,28,2,0.0468,ethnic,neutrals,all_season,0.75,poor,0.11,facebook_marketplace
31802e0f-6e8c-4aab-912f-857852a7a177,,saree,05-10-2025,14100,5440,4930,TRUE,115,0.3496,1193,202,15,0.3367,ethnic,neutrals,festive,0.8625,good,,facebook_marketplace
4d49af7c-ba2a-44f6-84f4-692669b0922f,7b9be3eb-b909-4345-8075-c3db3f8e824f,skirt,19-03-2026,2985,740,640,TRUE,91,0.2144,5003,588,12,0.98,casual,brights,all_season,0.4,fair,0.36,facebook_marketplace
6d346e5b-8001-46f1-87a2-ae7443dcc557,,sweater,15-11-2025,11165,4080,3830,TRUE,89,0.343,4165,451,1,0.7554,casual,brights,winter,0.42,fair,,facebook_marketplace
497889ce-d0a2-4015-94c6-b34e60c8a2f8,7be32c4a-7904-40e1-b4de-f06f682ac68e,jacket,16-12-2025,8050,8050,7020,TRUE,15,0.872,6866,576,15,0.96,casual,darks,winter,0.42,like_new,0.8,facebook_marketplace
a7a2b79b-ca5f-4deb-b951-beb1490092b0,657838a9-0378-4953-b514-48f9d791778f,jeans,12-06-2025,2480,1280,1190,TRUE,101,0.4798,3000,585,12,0.9783,casual,brights,all_season,0.4,poor,0.2,facebook_marketplace
f5798123-968a-4d80-b391-cccc2e068c79,,dress,11-01-2026,5980,1400,1210,TRUE,96,0.2023,4223,18,15,0.0328,officewear,brights,all_season,0.45,like_new,,facebook_marketplace
7798a886-187b-44e0-8aa2-9da8825d1d35,,shirt,24-09-2025,2670,1640,1580,TRUE,105,0.5918,250,356,11,0.5983,officewear,brights,all_season,0.45,poor,,facebook_marketplace
3b54f09a-bcad-4e00-a55c-f44c22256706,,other,02-02-2026,3160,1410,,FALSE,,,44,2,0,0.0033,casual,prints,all_season,0.4,fair,,facebook_marketplace
88b01d93-6e8e-4b65-8280-8f7358ae659f,,formal_shirt,03-05-2026,4420,2240,1950,TRUE,2,0.4412,6304,408,5,0.6986,formal,prints,all_season,0.45,good,,facebook_marketplace
03256520-bc28-43f1-8c84-52d141b3f146,7a10efb9-830a-4fee-aad5-39ee3c9f3563,kurta,15-12-2025,7060,3230,,FALSE,,,36,5,1,0.0084,fusion,pastels,all_season,0.8,like_new,0.87,facebook_marketplace
61112478-5625-4442-abbd-b888af7c16ce,5deed11c-2bc2-43de-928e-d26bf79e0dc4,coat,23-07-2025,9620,7520,6480,TRUE,42,0.6736,7647,122,12,0.2137,casual,brights,winter,0.42,like_new,0.85,facebook_marketplace
b926cdb3-13af-4655-8c86-8d3a507db804,,lehenga,20-10-2025,9470,9470,8210,TRUE,52,0.8669,2053,542,4,0.9079,bridal,neutrals,festive,0.9775,good,,facebook_marketplace
6df5b812-c939-4a55-a7da-589f88071787,,formal_shirt,11-09-2025,5820,1610,1590,TRUE,11,0.2732,484,500,9,0.8562,"officewear,formal",brights,all_season,0.45,good,,facebook_marketplace
25137f97-c073-4982-947e-7ef6e69d6ce1,91edc8d6-021e-4190-8fcf-0f2f5cbe094e,shirt,30-09-2025,2670,2500,,FALSE,,,48,43,3,0.0723,minimal,prints,all_season,0.55,good,0.61,facebook_marketplace
1e293c8e-a235-4bbf-b060-dcc46a34dd13,d28723ea-4261-460b-b961-233f7a549135,shorts,20-01-2026,2690,2630,,FALSE,,,74,38,2,0.0633,casual,neutrals,summer,0.38,new_with_tags,0.92,facebook_marketplace
c29e5f91-bf8d-40dd-b80e-7cd3ee179ce3,,kurta,24-09-2025,7060,3060,2860,TRUE,90,0.4051,458,421,1,0.704,casual,neutrals,all_season,0.4,good,,facebook_marketplace
72724beb-f060-4421-a03b-c19c2946405f,ade9454b-4448-4fdf-b27f-eb3665c90043,lehenga,07-12-2025,9470,4530,4170,TRUE,101,0.4403,1760,591,6,0.9899,"ethnic,bridal",brights,festive,0.92,good,0.56,facebook_marketplace
87f1b04a-6c5b-464f-9984-4eb6b5a6c0f1,7b4f3d6d-b289-433b-af7f-6f92d97edcf4,shorts,22-08-2025,2690,430,,FALSE,,,200,45,2,0.075,casual,darks,summer,0.38,new_with_tags,0.98,facebook_marketplace
4ef76eb8-259c-482a-b105-b48d810aa1c6,,saree,15-07-2025,14100,1990,,FALSE,,,34,22,0,0.0367,ethnic,pastels,festive,0.8625,good,,facebook_marketplace
0c60658d-749c-4c72-839d-613d1d32c577,697bc581-ea92-41b7-b104-33bf31a124c0,kurta,19-11-2025,7060,1970,,FALSE,,,48,18,3,0.0301,casual,darks,all_season,0.4,good,0.65,facebook_marketplace
943f4e81-68a8-44c7-97bc-f08024d9c3db,,trousers,13-08-2025,5970,1170,,FALSE,,,349,23,0,0.039,minimal,pastels,all_season,0.55,poor,,facebook_marketplace
225e8634-887e-4858-8137-467d7dc651ff,,kurta,28-09-2025,6010,3010,2980,TRUE,86,0.4958,2179,526,9,0.8796,ethnic,metallics,all_season,0.75,like_new,,facebook_marketplace
b02d4808-e57f-4586-bf97-c24ee9f1aa6b,1dff9802-ba9d-459b-8979-c19b99580c53,saree,28-10-2025,14100,14100,,FALSE,,,222,25,0,0.0417,ethnic,darks,festive,0.8625,fair,0.48,facebook_marketplace
1cd03bea-4c18-4984-856b-b0db8c7ce2b8,,dress,07-10-2025,5980,4730,,FALSE,,,100,25,0,0.0455,formal,brights,all_season,0.45,like_new,,facebook_marketplace
b8ceafc2-90a1-4825-96a0-e8016b128c48,,dupatta,27-03-2026,6070,6070,,FALSE,,,362,11,0,0.0184,fusion,brights,festive,0.92,good,,facebook_marketplace
e9b2f61d-e429-4977-a37f-0713ce56172b,46435142-5fbc-48fb-ae61-4c7a0f0a8f71,shorts,07-01-2026,2690,880,,FALSE,,,359,9,1,0.015,casual,neutrals,summer,0.38,new_with_tags,0.99,facebook_marketplace
574a758f-cce7-4ff3-8b57-d47294758bbb,,tshirt,17-05-2026,6130,2780,,FALSE,,,11,26,0,0.0434,athleisure,prints,all_season,0.7,good,,facebook_marketplace
9f0cbd3e-7c6c-4544-843c-98b2df2028bb,,saree,27-07-2025,14100,14100,13550,TRUE,23,0.961,2998,135,6,0.225,bridal,metallics,festive,0.9775,new_with_tags,,facebook_marketplace
0b7e7f2f-ebce-4fac-a71c-982bcf9f4504,,skirt,11-12-2025,2985,2670,2360,TRUE,108,0.7906,7923,454,2,0.7567,"casual,boho",neutrals,all_season,0.45,like_new,,facebook_marketplace
bc35e9f4-1842-4765-a390-ba72bf94ffa2,,tshirt,22-07-2025,2520,2280,,FALSE,,,175,21,1,0.0351,streetwear,brights,all_season,0.65,good,,facebook_marketplace
14c2a8d4-877b-419a-9153-a5bbc87273ff,,jacket,27-08-2025,8050,5180,4710,TRUE,22,0.5851,1480,31,4,0.0517,casual,neutrals,winter,0.42,poor,,facebook_marketplace
85ee47b6-cb25-4c0c-94f1-7a7ef99491f3,,anarkali,25-01-2026,29790,4820,,FALSE,,,333,5,0,0.0086,ethnic,brights,festive,0.8625,poor,,facebook_marketplace
e090a9de-36d1-4fa8-a93d-0fa27f829808,8a148c6b-4242-4ce5-bf67-7db489bba103,tshirt,18-04-2026,3470,1430,,FALSE,,,340,29,0,0.0484,casual,pastels,all_season,0.4,fair,0.39,facebook_marketplace
37943cf6-570a-490c-9c12-9120763f9029,1f213ca9-792e-4966-b645-3779446a9e7a,lehenga,23-08-2025,9470,9470,8080,TRUE,33,0.8532,1101,360,14,0.603,bridal,neutrals,festive,0.9775,like_new,0.78,facebook_marketplace
e1ba8f3e-0f2f-4785-b228-ad335bfd1a6c,e890cb3f-b2a2-4f49-b240-637274fa1bee,jacket,06-11-2025,8050,4170,3780,TRUE,107,0.4696,2091,529,5,0.8817,casual,metallics,winter,0.42,good,0.68,facebook_marketplace
c92e9e41-a81f-43ba-945d-ec0399781f3d,,other,15-09-2025,3160,1100,,FALSE,,,252,4,0,0.0067,casual,prints,all_season,0.4,fair,,facebook_marketplace
59784ea9-2ca1-4d35-bfc8-9a7dd31b6775,439018a9-9e49-4dcf-9a5b-2216c58616f9,dupatta,08-11-2025,6070,5560,,FALSE,,,279,38,0,0.0634,"ethnic,bridal",neutrals,festive,0.92,new_with_tags,0.96,facebook_marketplace
5328be3b-283d-4c09-95aa-f215a166f2cf,8c459b6d-e10c-49bb-87e8-245787719160,formal_shirt,21-06-2025,3210,2750,,FALSE,,,132,22,2,0.0377,formal,neutrals,all_season,0.45,new_with_tags,0.98,facebook_marketplace
2ec92ebf-d5a1-4d5e-8046-7ed90ba80815,5c9ce601-ffad-4ebb-a111-ec940e25b77e,lehenga,14-03-2026,5170,2730,,FALSE,,,178,26,3,0.0436,ethnic,neutrals,festive,0.8625,like_new,0.77,facebook_marketplace
6af372d1-a831-4e4d-888c-d40c095c2ed9,,tshirt,23-01-2026,2520,710,710,TRUE,32,0.2817,134,418,13,0.6978,"casual,minimal",brights,all_season,0.475,good,,facebook_marketplace
7842788e-019a-40e1-9bd3-ae6d506b2004,,other,08-12-2025,6500,1660,,FALSE,,,239,41,1,0.0684,casual,metallics,all_season,0.4,fair,,facebook_marketplace
37a5a674-fc76-4845-8510-d75afbc31c83,,blazer,25-02-2026,1100,950,950,TRUE,9,0.8636,1049,225,15,0.3801,casual,darks,all_season,0.4,new_with_tags,,facebook_marketplace
5a525a04-aa53-4993-8b1b-6f9531a5b4e2,19c6b31b-1d6b-47fb-b3f7-cc6ba18559bb,trousers,15-02-2026,5970,4220,3690,TRUE,59,0.6181,5629,140,5,0.2377,officewear,darks,all_season,0.45,good,0.7,facebook_marketplace
94156d46-7482-4b7a-926e-eb09585c31bc,,jeans,20-10-2025,2480,1670,,FALSE,,,137,32,1,0.0535,casual,neutrals,all_season,0.4,like_new,,facebook_marketplace
764ff2c7-df1f-4729-aab2-a37cf8d923b0,,shirt,08-03-2026,2670,1810,,FALSE,,,408,14,0,0.0235,"casual,officewear",metallics,all_season,0.425,like_new,,facebook_marketplace
4f2605f0-98eb-4bd8-b246-7439c6572760,,sweater,31-07-2025,11165,6630,,FALSE,,,94,12,1,0.0201,casual,neutrals,winter,0.42,good,,facebook_marketplace
dbe90090-9d9d-45f1-a5c1-9e987dbfb845,,shorts,02-04-2026,3470,2420,2250,TRUE,50,0.6484,4412,133,5,0.2217,casual,metallics,summer,0.38,like_new,,facebook_marketplace
4b27522c-0bca-4b0e-9ffc-494f62c3f012,8cd0da72-d07b-42d9-9062-cbde6ffd1098,trousers,17-08-2025,5970,4260,,FALSE,,,284,0,2,0,formal,metallics,all_season,0.45,poor,0.26,facebook_marketplace
74a8c982-04e1-413b-b4ca-23245cf5208e,8d9b190f-7216-4185-a2d1-78eeee2e0571,blouse,27-02-2026,7880,4240,,FALSE,,,205,24,2,0.0402,bridal,pastels,festive,0.9775,good,0.66,facebook_marketplace
75c655de-c2b6-49a5-8a89-63d275c8fe30,,lehenga,01-01-2026,9470,3250,3240,TRUE,32,0.3421,2421,506,5,0.8476,ethnic,darks,festive,0.8625,good,,facebook_marketplace
95e29d57-3c65-4540-ab68-273db5e2b2b9,,formal_shirt,11-05-2026,5820,2350,,FALSE,,,327,33,1,0.0565,"officewear,formal",darks,all_season,0.45,poor,,facebook_marketplace
df7da215-d051-4f1c-b629-40a02b5c1f77,,saree,06-09-2025,14100,4400,3790,TRUE,68,0.2688,949,470,9,0.7833,"ethnic,bridal",pastels,festive,0.92,good,,facebook_marketplace
4d093763-293c-4874-925d-be9c6fecd5f6,17d00272-d71d-4b21-8542-042c9641bb80,shorts,15-07-2025,2890,2430,,FALSE,,,376,25,3,0.0417,casual,pastels,summer,0.38,new_with_tags,1,facebook_marketplace
40fa7b46-f72f-41fd-a466-6eb1bae900de,,jeans,02-07-2025,2480,2480,2360,TRUE,89,0.9516,5165,347,1,0.5803,casual,neutrals,all_season,0.4,new_with_tags,,facebook_marketplace
03afad04-56ee-4c45-bb58-e9394afaea2f,d8402470-c51a-491c-a875-ac181dd7cab4,shorts,03-01-2026,2690,2310,2230,TRUE,18,0.829,1021,600,3,1,casual,metallics,summer,0.38,like_new,0.86,facebook_marketplace
89a87cc6-b3f1-432a-9ae9-28df115fff5e,,saree,05-07-2025,14100,7800,,FALSE,,,336,26,3,0.0433,bridal,prints,festive,0.9775,good,,facebook_marketplace
5e94848f-bf14-4600-baca-60c0f6b13c54,a9fcf7f8-624a-4401-9f19-157d07f214bf,activewear,17-07-2025,4900,950,920,TRUE,88,0.1878,435,191,12,0.3205,casual,pastels,all_season,0.4,new_with_tags,0.93,facebook_marketplace
22e755ea-4e9e-4489-88eb-3624970d2fe1,5c94e864-7636-4540-b8dd-80ac6c5dc4ec,activewear,30-12-2025,4680,2770,,FALSE,,,337,38,2,0.0638,casual,prints,all_season,0.4,good,0.65,facebook_marketplace
7a9df0a6-1a2a-431c-95b1-dc1c5c256b5a,dd38839b-f742-47d3-b674-105d4bf0a064,dress,04-07-2025,5980,3400,,FALSE,,,116,18,3,0.0328,formal,neutrals,all_season,0.45,poor,0.13,facebook_marketplace
6e72f03f-fd98-452e-a0b3-3a6b59c21f90,,anarkali,21-02-2026,5545,1180,,FALSE,,,437,16,1,0.0275,ethnic,metallics,festive,0.8625,fair,,facebook_marketplace
f2e6a552-4d96-4787-bf3a-de35ecf1eb0b,,shorts,15-08-2025,2690,1540,1540,TRUE,55,0.5725,4459,550,14,0.9167,casual,metallics,summer,0.38,like_new,,facebook_marketplace
2813d2f6-77e8-431d-ae36-019f34c258dc,c2966cc8-568d-49ca-931a-6c61de2ad51e,lehenga,11-11-2025,19860,15000,,FALSE,,,227,37,2,0.062,bridal,metallics,festive,0.9775,new_with_tags,0.97,facebook_marketplace
62a3968a-7580-48cc-8635-3e5951b70ef5,,saree,17-12-2025,14100,14100,12450,TRUE,11,0.883,1438,283,9,0.4717,bridal,metallics,festive,0.9775,like_new,,facebook_marketplace
fb24059d-35cd-476f-879e-5ac1abd72218,b1146200-3f9f-4be1-8b44-e483cc9ff743,jeans,11-10-2025,2480,1670,,FALSE,,,87,38,3,0.0635,"casual,streetwear",neutrals,all_season,0.525,new_with_tags,0.93,facebook_marketplace
cfe6cd24-92c0-40b8-b457-be0d528da38d,44b8b814-2f35-4753-b190-6017e9224a15,jacket,20-12-2025,6410,4080,,FALSE,,,88,2,3,0.0033,casual,brights,winter,0.42,like_new,0.75,facebook_marketplace
44bffa59-5009-4a01-9a4f-ad265585c8e8,6f8d0a24-ba6b-48f4-bca8-9c75690abc71,jeans,08-11-2025,2480,1830,,FALSE,,,149,12,3,0.0201,streetwear,metallics,all_season,0.65,fair,0.5,facebook_marketplace
343a7008-d6d7-447e-9819-f2cb773adc4d,8ab2b591-3313-4135-a91d-800052f0c220,blazer,01-07-2025,5765,1750,1560,TRUE,20,0.2706,7680,321,9,0.5422,formal,neutrals,all_season,0.45,like_new,0.82,facebook_marketplace
0966f192-293a-443f-bc05-687fccd0bb9e,,sweater,07-11-2025,27230,8580,8110,TRUE,37,0.2978,6112,314,11,0.526,casual,neutrals,winter,0.42,fair,,facebook_marketplace
ca4c9a10-8a26-4437-af97-95ee6f68cf9c,,jeans,18-09-2025,3770,2340,1990,TRUE,118,0.5279,5289,268,9,0.4482,casual,brights,all_season,0.4,like_new,,facebook_marketplace
3fd30310-3bcf-4815-a3e5-f720ce8a115f,,jacket,21-02-2026,8050,7490,,FALSE,,,101,0,1,0,casual,prints,winter,0.42,good,,facebook_marketplace
805f8ceb-c92f-45e1-a563-7e50b79d9395,,trousers,31-01-2026,5350,3210,,FALSE,,,58,24,1,0.0407,formal,darks,all_season,0.45,good,,facebook_marketplace
02d469bb-02de-4433-ab7b-0972b3c211f9,,tshirt,13-09-2025,2520,1170,1080,TRUE,98,0.4286,6137,161,12,0.2688,streetwear,pastels,all_season,0.65,good,,facebook_marketplace
4ece89d2-dec7-46df-a5e2-822a202fdb9c,,other,22-06-2025,3160,1010,,FALSE,,,331,7,1,0.0117,casual,pastels,all_season,0.4,fair,,facebook_marketplace
0c341be5-255d-400b-a8bf-ace3852f39ac,,kurta,25-04-2026,9380,5900,5130,TRUE,45,0.5469,7269,141,9,0.2358,"ethnic,bridal",prints,festive,0.92,like_new,,facebook_marketplace
f00bd33d-b703-4553-b97a-9467da8016e3,fc2e1699-ad9e-4883-b083-0c019474938d,shirt,01-02-2026,7560,1820,,FALSE,,,96,32,3,0.0538,casual,neutrals,all_season,0.4,poor,0.12,facebook_marketplace
46196e74-8fc2-4aa2-a6ae-e26457f950f7,33d740ab-99d0-43e3-b357-800f2faa96b0,shirt,02-10-2025,2670,2330,2330,TRUE,51,0.8727,4841,581,9,0.9765,casual,metallics,all_season,0.4,good,0.64,facebook_marketplace
ffb85ddc-631e-4627-b4c4-8780f3de9586,8b3a6879-c62d-4ead-81aa-f6c89a1075cc,formal_shirt,03-09-2025,5820,5150,,FALSE,,,250,43,3,0.0736,"officewear,formal",neutrals,all_season,0.45,good,0.55,facebook_marketplace
ae11c0fc-2624-4b92-a55c-c5eb923429a1,,kurta,27-11-2025,6520,3740,,FALSE,,,232,3,2,0.005,casual,metallics,all_season,0.4,good,,facebook_marketplace
9c63995d-b11b-4845-8309-d798b7a9308a,,shorts,08-11-2025,2690,650,600,TRUE,20,0.223,4093,318,11,0.53,casual,prints,summer,0.38,good,,facebook_marketplace
3d4a71a0-6fdf-44e5-ab80-083be1a9bbe0,,other,13-12-2025,3160,2100,,FALSE,,,171,26,3,0.0434,casual,brights,all_season,0.4,new_with_tags,,facebook_marketplace
cb05524e-031e-4434-8d9d-dbc7fe1a4224,,lehenga,02-01-2026,9470,9470,,FALSE,,,331,36,2,0.0603,"ethnic,bridal",pastels,festive,0.92,good,,facebook_marketplace
fff19425-067a-4cc9-8c5e-2fb58449804f,b6afdd05-aa83-4f13-a328-77c6b7125a62,sweater,28-06-2025,10150,7410,,FALSE,,,327,30,3,0.0503,casual,prints,winter,0.42,like_new,0.79,facebook_marketplace
edc251ed-7347-4aaa-a0e8-936e307bbbc7,34ceae05-8a05-4af1-b95e-d3ba6fea5aa4,saree,03-01-2026,44990,24800,,FALSE,,,328,40,0,0.0667,bridal,darks,festive,0.9775,like_new,0.8,facebook_marketplace
fcc4a6a4-956e-49fe-af32-14ff3bfcd325,,dupatta,16-10-2025,6070,4780,4660,TRUE,3,0.7677,133,599,5,1,ethnic,neutrals,festive,0.8625,poor,,facebook_marketplace
770b1c54-a601-4057-9d52-c7c7457a01cb,,other,30-01-2026,3160,700,,FALSE,,,223,39,2,0.0651,casual,neutrals,all_season,0.4,new_with_tags,,facebook_marketplace
4390c119-c0d1-4208-802d-1cf620b8a28f,fa7bb58f-be8f-4575-941b-ff8945c12b6e,jacket,10-06-2025,7410,5830,5630,TRUE,105,0.7598,5533,363,15,0.605,casual,darks,winter,0.42,new_with_tags,0.95,facebook_marketplace
9c026bca-b2e2-44cd-be57-45af72c7b33f,caa0d88c-43a4-4268-a6f3-9e66a51abc29,lehenga,19-03-2026,9470,1720,1670,TRUE,86,0.1763,4020,144,1,0.2412,"ethnic,bridal",brights,festive,0.92,good,0.62,facebook_marketplace
93c9208c-d899-4269-90d3-afcbb45e8ee7,,saree,19-05-2026,4670,2120,,FALSE,,,216,30,1,0.05,ethnic,neutrals,festive,0.8625,good,,facebook_marketplace
e1af2abf-3eea-4282-9ebb-1acda7fea18e,,shorts,20-12-2025,2690,430,,FALSE,,,201,40,2,0.0667,athleisure,neutrals,summer,0.665,good,,facebook_marketplace
01e1ba79-f5fb-41a0-b6bb-6005fc2972fa,0c6675bf-7cd2-4935-a867-196cd8bc44c9,saree,17-06-2025,14100,3140,,FALSE,,,343,39,0,0.065,"ethnic,bridal",metallics,festive,0.92,like_new,0.83,facebook_marketplace
37c8c5ea-1257-44ff-a9d7-df8389ddf6d4,8734e405-02bc-4930-88f7-a60ccd568872,activewear,19-01-2026,4900,1520,1430,TRUE,95,0.2918,1526,247,5,0.4144,casual,darks,all_season,0.4,like_new,0.81,facebook_marketplace
8ea09741-1237-4eee-9508-3cbea73ffe34,,jeans,28-07-2025,2480,2140,2030,TRUE,88,0.8185,5906,155,10,0.2592,"casual,streetwear",metallics,all_season,0.525,poor,,facebook_marketplace
bb1ff3d6-8b6d-4e6e-a0aa-bdcfd152700e,cc3ae916-0f6c-4608-8019-3d84640ae0de,lehenga,05-12-2025,165350,21500,21280,TRUE,87,0.1287,4812,587,14,0.9832,bridal,darks,festive,0.9775,poor,0.16,facebook_marketplace
5a33ced8-db43-4e2f-83a9-f21b7ac8cba0,,shirt,18-11-2025,2670,2490,,FALSE,,,302,14,3,0.0235,officewear,brights,all_season,0.45,new_with_tags,,facebook_marketplace
8e19d22a-160d-408d-a0b3-df1aaaa0ea06,,jeans,26-12-2025,1430,410,380,TRUE,113,0.2657,5842,168,14,0.2809,casual,metallics,all_season,0.4,fair,,facebook_marketplace
6f5ca664-001a-4258-97d9-93a529c9f0c8,,kurta,16-02-2026,7060,2080,,FALSE,,,253,34,1,0.0569,"ethnic,bridal",brights,festive,0.92,fair,,facebook_marketplace
81ea81c3-9f8a-4053-92a3-3507a7c07146,,blouse,10-01-2026,21070,6030,,FALSE,,,117,9,2,0.0151,bridal,pastels,festive,0.9775,fair,,facebook_marketplace
c4b5826c-a4f2-4c43-a42c-3129cb414fd7,848f741f-96be-414c-a326-6216f3502d48,jeans,22-09-2025,2480,1500,,FALSE,,,206,44,3,0.0736,minimal,brights,all_season,0.55,fair,0.54,facebook_marketplace
25fbf0f3-2bbc-4a93-b9bb-7171b788255b,fa5628f6-2f55-4e37-9e01-012d7250e957,jeans,14-08-2025,2480,2220,2100,TRUE,73,0.8468,7097,277,3,0.4632,streetwear,prints,all_season,0.65,good,0.56,facebook_marketplace
776a3298-344e-453a-ad6c-d988ed6343de,05fc7afe-72ef-4400-8ba0-abf82df1de07,anarkali,06-01-2026,5545,5545,,FALSE,,,453,16,2,0.0275,fusion,pastels,festive,0.92,new_with_tags,0.94,facebook_marketplace
77cf4b12-7cc8-4c53-ba6d-8dec38524f83,6045c06e-c34e-463d-81ab-787c0984675d,blouse,08-04-2026,7880,1640,,FALSE,,,229,13,0,0.0218,ethnic,pastels,festive,0.8625,like_new,0.81,facebook_marketplace
4d9e3e5b-9a82-4065-a20b-7c7a7dfd2594,,other,17-05-2026,3160,1720,,FALSE,,,175,13,1,0.0217,casual,brights,all_season,0.4,like_new,,facebook_marketplace
394b019e-8974-44b6-b9e2-bd6895a09f36,,tshirt,22-02-2026,2520,1990,,FALSE,,,287,20,2,0.0334,casual,neutrals,all_season,0.4,like_new,,facebook_marketplace
47791ca9-ba5b-48a9-9727-3643aed3ec74,992c6ad0-e14a-4dc9-bf8e-f2acb1e2f7ed,tshirt,17-05-2026,2520,1660,,FALSE,,,252,34,1,0.0568,casual,brights,all_season,0.4,good,0.74,facebook_marketplace
3160c199-6d4d-455d-b70e-b0739f4209d7,,kurta,25-05-2026,7060,6220,,FALSE,,,233,33,1,0.0552,ethnic,darks,all_season,0.75,fair,,facebook_marketplace
49581588-2ba7-4b33-acc0-b0389c35dd50,2649dacf-c1c2-4513-9830-cb0c4c38c2be,formal_shirt,18-01-2026,5820,2310,,FALSE,,,368,21,3,0.036,formal,brights,all_season,0.45,like_new,0.88,facebook_marketplace
6c2f323f-8e43-4647-8836-8869a539f288,9ff1002b-83a3-42fd-b225-db6c2fac94e6,activewear,31-12-2025,4900,1060,,FALSE,,,73,19,3,0.0319,casual,neutrals,all_season,0.4,new_with_tags,0.92,facebook_marketplace
56aeacac-49c0-41f2-8f32-154d36282271,,saree,26-12-2025,5040,4470,,FALSE,,,200,30,2,0.05,ethnic,prints,festive,0.8625,new_with_tags,,facebook_marketplace
2fb7792e-dcc8-478d-88ff-00e921495ec6,f1a53889-93fb-48c1-ae9b-61d7bcf655ae,dupatta,24-10-2025,8870,1870,,FALSE,,,292,7,3,0.0117,ethnic,metallics,festive,0.8625,poor,0.16,facebook_marketplace
edd9c34b-e443-4691-b2d7-1f1f9cec526d,778e9656-b9e6-4bbf-bb2e-219aecb9298d,shirt,03-11-2025,2670,440,,FALSE,,,157,8,0,0.0134,"casual,minimal",brights,all_season,0.475,fair,0.44,facebook_marketplace
1c3b822c-6153-4261-a49b-fc9c6933b1d3,474a5e86-e3e7-49c1-8e0d-2cf6ac556fed,lehenga,04-01-2026,9470,3790,,FALSE,,,384,29,0,0.0486,ethnic,brights,festive,0.8625,like_new,0.79,facebook_marketplace
1632f788-b2a2-4f1e-888b-8b7b780e21ad,,lehenga,09-06-2025,9470,6300,,FALSE,,,297,5,3,0.0084,"ethnic,bridal",pastels,festive,0.92,new_with_tags,,facebook_marketplace
f3e4e0c9-fba7-4171-9d32-1e471d925c33,,other,19-04-2026,3160,1620,1550,TRUE,90,0.4905,6088,574,14,0.9583,casual,darks,all_season,0.4,good,,facebook_marketplace
bcdd5a14-0042-4cc3-a152-b279e273ed81,,formal_shirt,13-11-2025,5820,3530,,FALSE,,,367,15,3,0.0257,formal,neutrals,all_season,0.45,good,,facebook_marketplace
27a958b3-74ac-4476-a559-ba97cce703a5,,kurta,17-06-2025,7060,2570,2370,TRUE,86,0.3357,6094,141,2,0.2358,ethnic,metallics,festive,0.8625,new_with_tags,,facebook_marketplace
4299c5b1-face-4122-a849-de5bafe13727,fd5e6496-4a4a-4283-b4f7-51ca887d6612,jeans,07-12-2025,660,570,,FALSE,,,8,15,2,0.0251,"casual,streetwear",prints,all_season,0.525,new_with_tags,0.95,facebook_marketplace
0bbe1cff-57f5-422f-9ec9-358b1ac34c2c,,shorts,11-02-2026,2690,2590,,FALSE,,,70,20,2,0.0333,"athleisure,casual",prints,summer,0.5225,like_new,,facebook_marketplace
5a210107-44f0-4f5a-bbbd-67bef6cc87ac,29d4cf06-6d5c-4afe-a9af-84f31ffcc841,shirt,26-01-2026,2670,760,730,TRUE,110,0.2734,4237,23,4,0.0387,streetwear,neutrals,all_season,0.65,like_new,0.84,facebook_marketplace
d53d9daa-cbf0-4695-b1b5-026c39931de0,5728956b-8d2e-4611-95ae-65916a5406cf,shirt,02-03-2026,2670,730,,FALSE,,,81,41,2,0.0689,casual,metallics,all_season,0.4,like_new,0.85,facebook_marketplace
8a31458a-2667-4807-aa80-e91be8c764af,92da0db8-51b1-4d53-9cab-91e4e6ba9fb0,shirt,21-11-2025,2670,1770,,FALSE,,,433,14,3,0.0235,officewear,metallics,all_season,0.45,fair,0.49,facebook_marketplace
daf45bae-f71e-459e-b8b0-25a195df6e37,440c4e44-e1e9-4cff-8030-d3880837deb2,trousers,10-04-2026,2160,1420,1340,TRUE,16,0.6204,2320,146,7,0.2479,officewear,prints,all_season,0.45,like_new,0.79,facebook_marketplace
fc4bcfc9-e5d0-4fc5-a849-b459483dcf85,f8ac5f41-fda5-499f-bede-e072cc4ab5ea,jeans,12-06-2025,2480,2480,,FALSE,,,133,43,0,0.0719,casual,neutrals,all_season,0.4,new_with_tags,0.92,facebook_marketplace
64969270-83d6-409e-ab67-2bb0e3893b34,,jacket,25-07-2025,8050,6830,6350,TRUE,32,0.7888,1702,17,14,0.0283,casual,metallics,winter,0.42,new_with_tags,,facebook_marketplace
02e3f05a-28ad-4c21-8b83-f829e5c0877d,7b3e886d-4086-44b1-8418-3f46fdafd2ec,formal_shirt,08-03-2026,5820,3440,,FALSE,,,92,8,1,0.0137,"officewear,formal",pastels,all_season,0.45,good,0.59,facebook_marketplace
88078ec8-3360-478b-8863-24f525608cc6,bc03f839-c800-4137-88f8-6cefcfbdb525,tshirt,09-06-2025,2520,670,,FALSE,,,119,12,0,0.02,casual,metallics,all_season,0.4,fair,0.43,facebook_marketplace
114aa1e9-91dc-4ca2-8f7e-d40ae867d39b,,saree,24-05-2026,14100,14100,13950,TRUE,9,0.9894,5650,39,3,0.065,bridal,pastels,festive,0.9775,poor,,facebook_marketplace
f9bbff2c-4dc3-4ad0-a5b4-788e8be2f883,e6017f91-25d2-470c-b686-0112f3d80f32,shirt,08-12-2025,560,460,,FALSE,,,76,43,3,0.0723,officewear,darks,all_season,0.45,new_with_tags,0.98,facebook_marketplace
915ce67e-700d-4fe9-a11e-85f7af18fc4b,,jacket,28-02-2026,8050,6240,,FALSE,,,454,17,3,0.0283,casual,darks,winter,0.42,poor,,facebook_marketplace
d2cdf6e0-3952-4ab7-afd5-0773f5dcfd1c,586b9f65-d14a-45c6-8eb6-e46e61d64176,activewear,09-09-2025,3680,2630,,FALSE,,,132,28,0,0.047,casual,neutrals,all_season,0.4,like_new,0.86,facebook_marketplace
7a6719b9-3995-4811-8a8e-e474400663eb,5f1e3591-f394-4553-8051-b6bf3f1efd4b,formal_shirt,05-11-2025,5820,4620,,FALSE,,,300,41,3,0.0702,formal,neutrals,all_season,0.45,like_new,0.79,facebook_marketplace
ec58caf7-76cc-4ce0-bde6-9162b91c4417,74ae17cd-db7f-4171-a534-875018120535,saree,27-04-2026,13170,1580,1430,TRUE,45,0.1086,3603,401,10,0.6683,ethnic,pastels,festive,0.8625,poor,0.24,facebook_marketplace
8120ef57-e2a0-429a-bc3e-15d5208d0647,0c4e816e-5394-4ba2-89b2-55b910577082,formal_shirt,16-02-2026,5820,3870,3300,TRUE,28,0.567,5473,373,12,0.6387,"officewear,formal",pastels,all_season,0.45,fair,0.53,facebook_marketplace
9c14194f-f5b0-49b4-8faf-f56fe0ec5851,,saree,07-01-2026,5520,3900,,FALSE,,,256,15,2,0.025,ethnic,pastels,festive,0.8625,like_new,,facebook_marketplace
47510595-ee62-4868-bef4-bda3718f5178,f2f44b02-84ca-48ff-98b8-3bd7fc9418a6,blazer,20-03-2026,5765,3910,,FALSE,,,445,26,2,0.0439,casual,prints,all_season,0.4,new_with_tags,0.92,facebook_marketplace
2da44440-1d1b-4819-be13-9505f71f9cd5,09d03682-c4a8-44b6-91b9-43c9a1ad8036,lehenga,14-11-2025,9470,4110,3630,TRUE,107,0.3833,5317,215,13,0.3601,ethnic,prints,festive,0.8625,like_new,0.75,facebook_marketplace
8eae3a3a-17ad-4681-b43b-f21d5951ae7f,fd271f21-1b95-4526-b4ad-6e29b896dba1,dress,20-08-2025,5980,2920,,FALSE,,,327,28,2,0.051,casual,prints,all_season,0.4,good,0.71,facebook_marketplace
1b5e15c6-174c-403e-9d31-78f3ff9d6168,2f101316-2eb2-48d4-81ea-196c19716e7f,lehenga,06-06-2025,9470,9470,,FALSE,,,180,19,0,0.0318,bridal,brights,festive,0.9775,good,0.66,facebook_marketplace
fdeba145-16de-4176-b128-84ee0030b63d,,sweater,19-08-2025,17160,8440,,FALSE,,,183,33,2,0.0553,casual,metallics,winter,0.42,good,,facebook_marketplace
e30d7df1-6f8b-4bf8-ba8e-f82c346e5604,,blouse,07-05-2026,7880,4760,4360,TRUE,74,0.5533,4235,170,2,0.2848,bridal,darks,festive,0.9775,like_new,,facebook_marketplace
078fb061-866d-4c44-8a32-c87ed0d6feaa,,tshirt,08-03-2026,2700,1110,1080,TRUE,43,0.4,6935,433,4,0.7229,"athleisure,casual",darks,all_season,0.55,fair,,facebook_marketplace
480ec51e-ca2a-43c8-86db-0630b06fa49c,,tshirt,19-11-2025,2520,1470,1440,TRUE,4,0.5714,981,261,13,0.4357,casual,metallics,all_season,0.4,poor,,facebook_marketplace
5f390bea-18d7-4a48-a520-ed6989797d1b,,formal_shirt,11-04-2026,10920,4580,,FALSE,,,265,39,1,0.0668,"officewear,formal",neutrals,all_season,0.45,good,,facebook_marketplace
dedbad43-bf30-438d-8c14-4f67396af9b9,9997dee3-c3ad-4179-a7ce-b8ba7d751c28,sweater,18-11-2025,17130,7590,6810,TRUE,28,0.3975,4004,328,14,0.5494,casual,neutrals,winter,0.42,good,0.69,facebook_marketplace
9308620a-2ec6-4815-80ec-0554989c3afa,7b21790f-6d8a-4202-ba16-cedce2458ae4,blazer,30-08-2025,5765,1070,,FALSE,,,444,13,1,0.022,officewear,prints,all_season,0.45,good,0.63,facebook_marketplace
11e1e7be-31d3-4da5-a23e-7ef29bf36ef6,4f126c80-eb66-49ff-b8d1-8ea8149ed82f,jeans,05-03-2026,3220,1310,1190,TRUE,47,0.3696,578,424,6,0.709,minimal,metallics,all_season,0.55,good,0.67,facebook_marketplace
f8355b9c-fb3a-4bcd-a43a-a5ab05fbd4ae,4d233105-4a3a-4da9-93f7-3c71e7f3c568,coat,27-10-2025,14480,7760,,FALSE,,,190,21,1,0.0368,casual,prints,winter,0.42,like_new,0.78,facebook_marketplace
b87a85f4-0b16-45b3-b4aa-589011439899,c3ecdfc5-0174-4dd2-a8cc-324379e99524,activewear,17-07-2025,4900,3260,,FALSE,,,462,22,1,0.0369,athleisure,prints,all_season,0.7,like_new,0.76,facebook_marketplace
dabecd10-f942-4fcc-b8f3-83fdf9a7a53c,,kurta,15-09-2025,7060,5310,,FALSE,,,230,14,1,0.0234,fusion,darks,festive,0.92,good,,facebook_marketplace
fade0da4-ab48-4732-828c-51dd807d020a,,other,26-01-2026,3160,1040,,FALSE,,,286,12,2,0.02,casual,neutrals,all_season,0.4,new_with_tags,,facebook_marketplace
79204fcb-c129-4fac-983e-3ea58da5c9bb,b5c7e4ee-9ad9-4355-93d0-e3c7526022ec,saree,05-12-2025,14100,14100,12820,TRUE,72,0.9092,3136,501,9,0.835,bridal,darks,festive,0.9775,good,0.73,facebook_marketplace
eeae0f35-ccea-42b1-b597-73c218bdd8e2,ab149929-1ff0-4997-8786-8646f6c4eb36,jeans,03-03-2026,2480,1610,,FALSE,,,410,30,3,0.0502,streetwear,darks,all_season,0.65,new_with_tags,0.97,facebook_marketplace
0552cbd9-cfc2-4ab5-ba3d-2d45b1038b38,,dress,11-05-2026,5980,1550,,FALSE,,,414,9,1,0.0164,formal,darks,all_season,0.45,fair,,facebook_marketplace
cf9468c7-7a5d-48a3-b1d8-a52f61cb76fa,,formal_shirt,07-03-2026,5820,810,,FALSE,,,30,33,3,0.0565,formal,brights,all_season,0.45,poor,,facebook_marketplace
2073c0fd-a2b1-4a1c-add7-63cbb3c296f3,2b2b16d6-8200-4e34-b593-2fe8633482a9,saree,20-10-2025,3150,2230,1990,TRUE,110,0.6317,4469,270,8,0.45,ethnic,neutrals,festive,0.8625,like_new,0.81,facebook_marketplace
1b044b28-f9aa-427f-8fdb-8a6d0bf0e627,,trousers,02-06-2025,5970,3560,,FALSE,,,146,20,2,0.034,casual,prints,all_season,0.4,like_new,,facebook_marketplace
ca5381ad-0171-49c1-8f81-ef0f1ae7d509,,kurta,28-12-2025,7060,6180,,FALSE,,,203,8,1,0.0134,"ethnic,bridal",brights,festive,0.92,good,,facebook_marketplace
6bdeed6a-6aea-4084-8423-8648af0c82fd,,jeans,21-01-2026,2450,1160,,FALSE,,,73,30,1,0.0502,streetwear,prints,all_season,0.65,good,,facebook_marketplace
13e305da-4ab8-4ceb-9921-71acc30db2ff,,trousers,09-01-2026,5460,4800,,FALSE,,,470,23,2,0.039,officewear,pastels,all_season,0.45,new_with_tags,,facebook_marketplace
021552a4-df8e-41db-adb6-e0033da386b2,,kurta,23-03-2026,7060,980,900,TRUE,35,0.1275,2587,593,2,0.9916,casual,neutrals,festive,0.46,good,,facebook_marketplace
ed9b6d94-3c2b-4bb0-986d-3da785231cf8,,dress,23-08-2025,5980,1910,1640,TRUE,13,0.2742,4274,171,11,0.3115,minimal,pastels,all_season,0.55,good,,facebook_marketplace
6d8c0738-fbac-4459-ab10-116e8cdfc265,,tshirt,18-01-2026,2520,840,,FALSE,,,266,15,2,0.025,casual,neutrals,all_season,0.4,like_new,,facebook_marketplace
27cd4749-af84-4976-b639-b1329ef3ba11,d557ee6c-81c8-46dc-9803-5b64429a90f8,tshirt,07-04-2026,2090,1540,,FALSE,,,54,39,2,0.0651,minimal,metallics,all_season,0.55,like_new,0.78,facebook_marketplace
2bd1f015-b881-4aeb-a77f-fea70ed9109e,78815794-3025-4fb2-9b9b-f7dcd8b5c8ed,saree,30-04-2026,9000,6330,,FALSE,,,413,43,0,0.0717,ethnic,darks,festive,0.8625,like_new,0.86,facebook_marketplace
fb5865cd-f9c4-486d-b148-ef3b6a69b0c7,b0172852-c74e-4c5a-af71-056be52fd915,other,26-04-2026,3160,2320,,FALSE,,,54,36,3,0.0601,casual,darks,all_season,0.4,like_new,0.85,facebook_marketplace
96f435df-2a89-4120-9e4d-5b0824bce2fc,,trousers,08-04-2026,5970,4930,4290,TRUE,111,0.7186,1787,308,7,0.5229,casual,metallics,all_season,0.4,like_new,,facebook_marketplace
f642a2d8-bdbc-4357-b521-f0f0a5dcc75f,,formal_shirt,19-04-2026,5820,3030,,FALSE,,,106,42,2,0.0719,formal,neutrals,all_season,0.45,new_with_tags,,facebook_marketplace
1e4ca489-e02b-4581-9c5e-bea18f2b9cb5,957dee3c-3cdc-4eda-8e12-4429465ab767,jacket,18-12-2025,8050,6660,6160,TRUE,32,0.7652,2542,79,14,0.1317,casual,metallics,winter,0.42,good,0.64,facebook_marketplace
43178bfd-30ef-4bca-aa38-a1a56194ee62,,tshirt,15-08-2025,2520,1680,1600,TRUE,44,0.6349,1896,38,12,0.0634,minimal,pastels,all_season,0.55,good,,facebook_marketplace
c5c44bdc-9643-4369-9521-57c74b1a256e,ebac097d-81e7-4bad-9d7f-c32c99c55d79,saree,23-06-2025,19840,8900,8370,TRUE,12,0.4219,3159,486,6,0.81,ethnic,metallics,festive,0.8625,fair,0.4,facebook_marketplace
43d4357e-cafa-4c0c-965d-b571b5b8ffc7,,blazer,14-04-2026,4430,2860,,FALSE,,,496,42,3,0.0709,officewear,pastels,all_season,0.45,like_new,,facebook_marketplace
19fbfbff-77da-4ab7-97bc-f1d2e21ec02a,,anarkali,12-02-2026,5545,1750,1600,TRUE,104,0.2885,6391,502,11,0.864,ethnic,neutrals,festive,0.8625,fair,,facebook_marketplace
7516bc64-3280-4004-a9af-bc7bb253a895,,anarkali,18-01-2026,5545,1870,,FALSE,,,294,2,3,0.0034,bridal,neutrals,festive,0.9775,good,,facebook_marketplace
7f01f88e-03b7-4c36-bdc3-acbbaf300e5f,30f2072a-741d-49a5-9f4c-9483052c3ab3,saree,12-09-2025,14100,10600,,FALSE,,,396,29,3,0.0483,ethnic,neutrals,festive,0.8625,like_new,0.77,facebook_marketplace
e98df575-957b-4578-a1ce-d9a08f18566b,,trousers,19-10-2025,5970,3500,3230,TRUE,51,0.541,2502,409,15,0.6944,officewear,metallics,all_season,0.45,good,,facebook_marketplace
5e21a461-1e1d-4b8c-90f5-09330f5ce15d,,anarkali,28-06-2025,5545,3690,3140,TRUE,12,0.5663,6334,109,7,0.1876,bridal,metallics,festive,0.9775,like_new,,facebook_marketplace
2cb69c37-2d6d-4043-94f4-35d2a3918356,599207e3-4b3a-455a-a8a3-66ea0bc9bed9,trousers,23-04-2026,5970,4200,,FALSE,,,48,31,1,0.0526,formal,brights,all_season,0.45,like_new,0.87,facebook_marketplace
a16a834a-38e2-4bdb-aecf-038e86cbc8d2,7b0b3dd9-d7bd-4c19-a301-4d63b4ae59a9,kurta,05-06-2025,7760,4540,3990,TRUE,34,0.5142,4512,596,3,0.9967,casual,darks,festive,0.46,like_new,0.85,facebook_marketplace
fb3fefaa-c5ba-4574-821e-955a76a4fa67,af6f9384-8e8b-4223-8408-f416eb498ff2,shorts,23-11-2025,1400,890,,FALSE,,,272,21,3,0.035,casual,darks,summer,0.38,like_new,0.85,facebook_marketplace
dc71252a-ca08-44c3-ac23-827e70923c64,26c3e764-7337-4165-9406-18d422b01177,activewear,01-10-2025,5600,1530,,FALSE,,,316,35,1,0.0587,casual,pastels,all_season,0.4,fair,0.52,facebook_marketplace
e721ec59-c707-4771-8f2a-f045a4c94ef6,,anarkali,18-08-2025,5545,3990,,FALSE,,,432,20,2,0.0344,bridal,darks,festive,0.9775,like_new,,facebook_marketplace
0232b946-a94b-4222-bd68-405cd34224b7,1b49bbe3-6842-43d7-ba8f-dd593e0f6e9b,saree,29-07-2025,14100,4530,,FALSE,,,353,5,3,0.0083,ethnic,brights,festive,0.8625,good,0.55,facebook_marketplace
f8518ab7-789c-4ca1-8d1c-34a084e2ac08,,activewear,07-04-2026,4900,760,710,TRUE,110,0.1449,7687,146,15,0.245,athleisure,metallics,all_season,0.7,poor,,facebook_marketplace
b47bae2b-2d4a-4bca-ad1a-af0d917e34dd,,tshirt,02-12-2025,2520,1800,1600,TRUE,20,0.6349,4702,463,11,0.773,athleisure,metallics,all_season,0.7,poor,,facebook_marketplace
20e3369f-2ef2-47c9-b37a-035e7f9c47e8,305fed69-84e9-4a21-a0fc-05a8b72a06fd,blouse,04-10-2025,7880,1180,1130,TRUE,65,0.1434,2312,46,10,0.0771,ethnic,neutrals,festive,0.8625,good,0.56,facebook_marketplace
f4f537b7-6adc-43ef-b73e-643dbb087f2d,a09245c3-e41e-42a6-a32f-6bec54b3c6ef,anarkali,17-09-2025,2070,1180,,FALSE,,,56,19,3,0.0327,bridal,prints,festive,0.9775,like_new,0.86,facebook_marketplace
ce19e724-e735-456d-94b7-628ca6cb5f7b,b6cd80dd-4c82-4444-a5fb-11fbabc38970,kurta,10-10-2025,7060,6240,5770,TRUE,7,0.8173,5275,317,4,0.5301,fusion,brights,all_season,0.8,like_new,0.81,facebook_marketplace
e312c6de-c05f-4f12-b28e-dd583f30c361,3486835b-2dca-4b7a-95ed-df6268e62359,trousers,31-12-2025,5970,4690,,FALSE,,,266,32,1,0.0543,formal,darks,all_season,0.45,poor,0.19,facebook_marketplace
0e11f109-16c1-498c-bed1-fc1ac6fcab8b,,trousers,10-07-2025,3380,910,870,TRUE,6,0.2574,1498,469,5,0.7963,officewear,neutrals,all_season,0.45,poor,,facebook_marketplace
ee609e30-047e-41ea-b117-ecebc39c7645,b03b2070-7cf1-47a9-966e-143bdeeed091,saree,26-06-2025,14100,13500,,FALSE,,,454,5,2,0.0083,bridal,pastels,festive,0.9775,new_with_tags,0.98,facebook_marketplace
dc5e1147-3fc3-406f-8a2c-bf34b7d227b6,492f672d-c637-4ac3-b024-bae44d3c6fc0,other,07-02-2026,3160,1480,1310,TRUE,101,0.4146,2891,205,5,0.3422,casual,darks,all_season,0.4,new_with_tags,0.92,facebook_marketplace
bf40d0e6-0e13-4641-9d22-64a0c47de544,902cea18-2a7e-4689-b767-b6f4439fc949,jeans,26-12-2025,2480,1590,1480,TRUE,91,0.5968,5996,262,8,0.4381,"casual,streetwear",darks,all_season,0.525,new_with_tags,0.96,facebook_marketplace
a28ffaf0-dc15-419b-8101-9cf79e9c325d,f1ab44da-ddd8-467f-90a5-921057ca94d7,saree,26-08-2025,14100,14100,11990,TRUE,38,0.8504,5325,166,10,0.2767,"ethnic,bridal",metallics,festive,0.92,fair,0.4,facebook_marketplace
15b10548-63c2-4f98-a8ad-a03c03a55045,,coat,08-01-2026,9620,1260,,FALSE,,,325,45,0,0.0788,casual,brights,winter,0.42,poor,,facebook_marketplace
6ddfa772-3304-4f8d-8ce4-34d81ac7e39f,,lehenga,25-01-2026,9470,4870,,FALSE,,,135,17,1,0.0285,ethnic,darks,festive,0.8625,good,,facebook_marketplace
b83880eb-cf48-41a6-8cea-3476f0aaba1c,,lehenga,28-08-2025,9470,3920,3590,TRUE,94,0.3791,6293,507,5,0.8492,ethnic,metallics,festive,0.8625,like_new,,facebook_marketplace
568f2a92-e4fb-4b24-9fb5-d8075cf816cc,,dupatta,08-12-2025,9540,6430,,FALSE,,,84,1,3,0.0017,"ethnic,bridal",brights,festive,0.92,like_new,,facebook_marketplace
832596f1-6d59-4e18-98b5-ffc104235c8e,56d6e7ca-a76e-47c0-97a7-cb696b807526,kurta,08-10-2025,7060,4700,4540,TRUE,30,0.6431,2260,117,11,0.1957,"ethnic,bridal",metallics,festive,0.92,good,0.68,facebook_marketplace
caa26467-8eee-4e96-bdb7-15ca8a6f80fe,,anarkali,17-05-2026,21030,5540,,FALSE,,,496,31,1,0.0534,ethnic,neutrals,festive,0.8625,fair,,facebook_marketplace
7e0d7a93-918c-4f3b-b666-a761aed8dad5,,saree,03-04-2026,58400,27500,24480,TRUE,85,0.4192,6079,116,1,0.1933,bridal,pastels,festive,0.9775,good,,facebook_marketplace
17f22dfd-82b7-40dc-85cf-e04efdced4d8,215726ea-a0e1-4d22-93ce-c3b5cdad1ba7,kurta,09-02-2026,7060,5740,,FALSE,,,21,37,3,0.0619,fusion,darks,all_season,0.8,good,0.71,facebook_marketplace
c2346ac6-426f-4ca0-8887-d15bdddb1035,,skirt,27-07-2025,1660,1480,,FALSE,,,41,11,3,0.0183,boho,darks,all_season,0.5,new_with_tags,,facebook_marketplace
d87f69d8-3d37-41db-9b8b-901d9b57ed1e,,lehenga,21-11-2025,9470,9470,8520,TRUE,29,0.8997,4898,521,7,0.8727,"ethnic,bridal",brights,festive,0.92,good,,facebook_marketplace
4996a986-5a93-4e49-9c87-9a966c10c470,,trousers,21-03-2026,8530,5310,,FALSE,,,163,9,2,0.0153,formal,pastels,all_season,0.45,like_new,,facebook_marketplace
6c07137d-d717-43d2-b5fd-6f27782e052c,1834b35e-e402-4285-9c68-a99d943ff53c,activewear,24-12-2025,4900,780,,FALSE,,,303,4,3,0.0067,casual,prints,all_season,0.4,fair,0.51,facebook_marketplace
f1a4a195-5401-48ec-9d23-d38afa14785d,,coat,13-04-2026,9620,4750,,FALSE,,,436,5,2,0.0088,casual,darks,winter,0.42,good,,facebook_marketplace
71f716a0-0c25-4c18-b3a0-68efc4973c87,,tshirt,20-10-2025,2520,2520,,FALSE,,,438,17,0,0.0284,casual,neutrals,all_season,0.4,good,,facebook_marketplace
fa3b4fd2-5644-477e-a642-282fa5c8a67a,1baf099b-400c-4ca6-aa7b-44d3f888cb4e,anarkali,16-12-2025,5545,1180,1180,TRUE,89,0.2128,7490,388,1,0.6678,fusion,darks,festive,0.92,like_new,0.85,facebook_marketplace
1aa49238-103b-407d-84b2-f7af490ab7ae,,skirt,08-07-2025,3320,2780,2750,TRUE,110,0.8283,7582,64,12,0.1067,casual,darks,all_season,0.4,new_with_tags,,facebook_marketplace
40aa0740-fd32-448b-9028-9c9a92cf1033,,jacket,16-08-2025,8050,3790,3510,TRUE,118,0.436,5246,495,6,0.825,casual,darks,winter,0.42,new_with_tags,,facebook_marketplace
fe9608b3-bc31-4d42-85b8-b4b7fad2fb6d,fe950e47-0fc4-4d53-a94f-d893073eb135,other,04-05-2026,3160,1000,990,TRUE,7,0.3133,3270,524,13,0.8748,casual,pastels,all_season,0.4,like_new,0.88,facebook_marketplace
fb26119d-6f4c-49a8-bed5-9eb8546ecc98,,anarkali,17-09-2025,5545,4470,,FALSE,,,84,36,1,0.062,ethnic,darks,festive,0.8625,fair,,facebook_marketplace
a9baf727-8840-46d5-b680-3b2a283facbd,647e65d0-42f9-4fe4-95fe-c1a551e9a77b,trousers,02-10-2025,5970,850,,FALSE,,,182,34,1,0.0577,officewear,brights,all_season,0.45,good,0.74,facebook_marketplace
a124d753-09aa-4e3f-a465-e79ca0fe6e6e,d74f5878-d8ba-42bd-b365-06c3e3c6a181,blazer,03-02-2026,5765,4490,,FALSE,,,356,3,2,0.0051,casual,neutrals,all_season,0.4,good,0.66,facebook_marketplace
afc610e7-fbaa-41b6-a4a6-5739bd53de61,,trousers,07-11-2025,5970,2390,2150,TRUE,35,0.3601,2114,339,8,0.5756,officewear,brights,all_season,0.45,good,,facebook_marketplace
6fcdff7a-ab01-4d92-8693-06272f649ac7,9d802f78-1d87-479a-8986-da5c8405b77e,activewear,23-11-2025,5980,3030,2770,TRUE,18,0.4632,4036,156,1,0.2617,casual,prints,all_season,0.4,good,0.58,facebook_marketplace
20e68f1a-85c7-4355-81e4-5f36fd27ad28,f1bc4cd0-8e99-4540-b6f5-e992762d0c24,blazer,01-04-2026,5765,5270,,FALSE,,,427,0,1,0,casual,neutrals,all_season,0.4,good,0.63,facebook_marketplace
25d9bb74-5a26-40c8-8fb1-9007b889495b,,sweater,02-09-2025,11165,4570,,FALSE,,,247,15,1,0.0251,casual,brights,winter,0.42,like_new,,facebook_marketplace
77375f8a-e1fc-4ced-8330-c579702d7a43,,shirt,03-07-2025,2670,710,700,TRUE,24,0.2622,2655,38,11,0.0639,casual,brights,all_season,0.4,good,,facebook_marketplace
27901d69-5395-478a-aebb-aeebf737def2,f2e5c9dc-4ec2-4d86-9ec8-e610feda782d,saree,23-07-2025,14100,2320,2210,TRUE,83,0.1567,3105,218,10,0.3633,ethnic,brights,festive,0.8625,like_new,0.8,facebook_marketplace
ce94c26b-32fd-4047-97bf-d88f75d1cec8,,trousers,12-01-2026,5970,2240,2050,TRUE,119,0.3434,1404,548,6,0.9304,formal,brights,all_season,0.45,like_new,,facebook_marketplace
766663b1-faba-4bdb-8bd5-f1adbd300daa,edea4693-f1c8-47ea-8243-db6c1dc8ca8c,other,23-04-2026,4590,2440,2200,TRUE,93,0.4793,2167,93,10,0.1553,casual,darks,all_season,0.4,good,0.69,facebook_marketplace
f577f29f-f005-47eb-9c1f-a78185a4616f,08515345-c537-4795-97db-361937ff7127,tshirt,26-09-2025,2520,1190,,FALSE,,,372,41,1,0.0684,casual,pastels,all_season,0.4,poor,0.22,facebook_marketplace
95647d1d-ef84-402f-96f6-59df22987648,2ab86614-84ad-4fca-82d7-2e04b0753361,jeans,08-09-2025,2480,550,,FALSE,,,73,45,1,0.0753,casual,darks,all_season,0.4,like_new,0.78,facebook_marketplace
b88a754d-97fa-400a-8624-86e1f9600a1e,,activewear,16-10-2025,1530,1160,,FALSE,,,142,6,1,0.0101,athleisure,prints,all_season,0.7,new_with_tags,,facebook_marketplace
31026b3d-a2c2-48cc-8d77-5ef081e86583,,formal_shirt,18-03-2026,5820,1390,1290,TRUE,3,0.2216,1824,403,2,0.6901,formal,darks,all_season,0.45,new_with_tags,,facebook_marketplace
41de8940-b573-4523-b095-47dd4d4f8c8d,,saree,19-10-2025,13050,6350,,FALSE,,,412,2,3,0.0033,ethnic,prints,festive,0.8625,good,,facebook_marketplace
746bf113-896b-4774-a292-c1f1205c0117,832653ee-b9b1-4d5f-9901-05141ec40567,tshirt,17-09-2025,2520,1750,,FALSE,,,139,39,3,0.0651,minimal,pastels,all_season,0.55,good,0.58,facebook_marketplace
314c5d52-abba-4092-a1ab-ed310d8a9217,,blazer,16-11-2025,5765,4230,4230,TRUE,36,0.7337,1442,156,13,0.2635,formal,metallics,all_season,0.45,like_new,,facebook_marketplace
a84d66c2-ec15-4947-b0e0-d65ba08af181,,lehenga,21-05-2026,9470,1790,,FALSE,,,47,41,1,0.0687,"ethnic,bridal",pastels,festive,0.92,new_with_tags,,facebook_marketplace
4e292229-d2e2-42a4-8e54-ee6376dbd026,c7ded94c-f0ea-4716-9bb7-915abced3640,sweater,05-10-2025,16520,8600,,FALSE,,,483,45,3,0.0754,casual,metallics,winter,0.42,good,0.65,facebook_marketplace
e8ad080b-e667-4387-bb7d-cb24c69668a6,aad5db21-5e17-4b23-8990-1d22cf0ed44b,jeans,25-02-2026,2480,2480,,FALSE,,,471,35,0,0.0585,minimal,brights,all_season,0.55,good,0.62,facebook_marketplace
bf9b7638-b544-44ff-a7ba-e98d8bd2ec30,,shirt,19-11-2025,1690,1050,1020,TRUE,61,0.6036,6967,283,8,0.4756,casual,metallics,all_season,0.4,like_new,,facebook_marketplace
da0d76af-aec6-43db-b64e-b9d888154124,b3d31309-0b47-48e1-a6af-45f428cbba1d,tshirt,30-01-2026,2520,2520,,FALSE,,,62,15,1,0.025,casual,darks,all_season,0.4,new_with_tags,0.91,facebook_marketplace
0477ea84-3d00-4ae2-acdf-e8f9a2396f7a,6a94d5f4-8a43-49ab-92f9-cc4fd764d5be,kurta,02-08-2025,9330,5180,4940,TRUE,74,0.5295,2301,14,1,0.0234,ethnic,pastels,all_season,0.75,good,0.68,facebook_marketplace
576c3517-aa8b-4b53-a4ef-1afda3538996,,saree,25-07-2025,14100,3620,3410,TRUE,96,0.2418,101,101,4,0.1683,ethnic,pastels,festive,0.8625,new_with_tags,,facebook_marketplace
bc253892-1e83-4011-972f-f9f24769b019,ba623d1f-7341-475e-873f-557654023576,skirt,13-01-2026,1970,730,640,TRUE,12,0.3249,4382,115,11,0.1917,boho,neutrals,all_season,0.5,fair,0.52,facebook_marketplace
064fac8a-94bb-44f8-bd8b-079dfa561e17,e7458a6d-e4ea-4bb7-9b9f-96addb36ffe3,jacket,08-01-2026,3370,2390,,FALSE,,,390,27,3,0.045,casual,prints,winter,0.42,like_new,0.8,facebook_marketplace
cd03c29a-8680-42f7-8291-5cc1b1b8a20c,7adcefca-4964-4166-aabd-d98578e1d20c,trousers,23-10-2025,5970,3180,,FALSE,,,205,11,1,0.0187,formal,pastels,all_season,0.45,good,0.69,facebook_marketplace
3a558d2f-2f8d-4fa2-9907-d5b2cdbea663,,saree,30-04-2026,8800,2140,2010,TRUE,55,0.2284,1538,296,8,0.4933,"ethnic,bridal",darks,festive,0.92,poor,,facebook_marketplace
5f2cce03-376b-4835-85c2-27a4ed0ed855,,saree,10-07-2025,14100,14100,,FALSE,,,348,22,2,0.0367,bridal,metallics,festive,0.9775,good,,facebook_marketplace
5e85d3dd-d348-4e5d-9c18-2d383e5ebaae,,activewear,26-12-2025,4900,2520,,FALSE,,,138,15,2,0.0252,athleisure,prints,all_season,0.7,like_new,,facebook_marketplace
624cac1d-70d6-4fb7-8424-de1717705819,0bd6c60f-cc41-4456-bf79-4aca7ebdbbfc,shorts,24-09-2025,880,710,,FALSE,,,465,25,0,0.0417,athleisure,metallics,summer,0.665,new_with_tags,0.92,facebook_marketplace
0ef3c4cb-68cc-448e-b511-6f4a6c924634,,sweater,30-10-2025,11165,6390,5940,TRUE,5,0.532,2427,474,8,0.794,casual,darks,winter,0.42,good,,facebook_marketplace
d8867140-19bc-4c52-8c56-77621c719121,ad547553-7bad-478f-84c8-55fc6be2542f,activewear,16-08-2025,4900,1520,1310,TRUE,86,0.2673,3567,120,2,0.2013,casual,prints,all_season,0.4,new_with_tags,0.95,facebook_marketplace
07006d86-7c0a-43a8-85c9-7856a7dd2db4,2668bac3-fdbe-4852-a046-4d3f53a9ee65,blouse,24-08-2025,7880,1100,1080,TRUE,4,0.1371,6248,13,6,0.0218,ethnic,darks,festive,0.8625,fair,0.41,facebook_marketplace
bbf27d75-133a-4981-81f8-8ff8f6cc4ec2,,other,12-12-2025,3330,1870,,FALSE,,,81,16,2,0.0267,casual,brights,all_season,0.4,like_new,,facebook_marketplace
f3f1704e-ce8b-4d90-b240-1284223df681,,anarkali,26-06-2025,5545,2370,,FALSE,,,201,41,1,0.0706,bridal,metallics,festive,0.9775,like_new,,facebook_marketplace
419be24f-d9a2-428e-8a4c-51784f1a2dd7,9905f4d3-f9a4-4424-bbb6-c623e4a5adf2,saree,17-01-2026,14100,6390,,FALSE,,,149,45,1,0.075,ethnic,pastels,festive,0.8625,like_new,0.78,facebook_marketplace
cb1e9712-1c23-4b99-b882-e346a7e18c90,,jeans,25-05-2026,900,750,,FALSE,,,98,18,1,0.0301,casual,pastels,all_season,0.4,new_with_tags,,facebook_marketplace
435fde12-9710-49ba-8770-65530c4b14bf,3f884298-960f-471f-847e-201d7b436cc5,trousers,29-10-2025,6940,4650,,FALSE,,,457,23,1,0.039,officewear,darks,all_season,0.45,like_new,0.86,facebook_marketplace
ead1e885-fc80-4c3b-a389-58963e8340a1,,shirt,09-07-2025,2670,1230,,FALSE,,,481,37,3,0.0622,casual,neutrals,all_season,0.4,like_new,,facebook_marketplace
194a8cd8-13fc-417c-9c77-29358f955f1b,,anarkali,20-02-2026,5545,2240,2210,TRUE,95,0.3986,4464,407,7,0.7005,bridal,darks,festive,0.9775,good,,facebook_marketplace
80e698d2-d39e-45bd-a158-dc6e1874daaf,a9aa918e-a429-45b0-b81d-c3ae9b7c31a4,lehenga,04-01-2026,9470,1440,1400,TRUE,8,0.1478,2562,424,6,0.7102,ethnic,pastels,festive,0.8625,fair,0.43,facebook_marketplace
e6714f77-ed42-4040-abde-9edca57d7f0d,c1ff03d8-0f6b-4398-a120-74bd699bd01c,activewear,28-01-2026,5910,3460,,FALSE,,,204,26,1,0.0436,casual,brights,all_season,0.4,like_new,0.78,facebook_marketplace
d5f5f8bc-6339-40dc-8bbb-6548ea332b19,90c4517f-6b31-4502-9f81-d795730f73ea,lehenga,25-07-2025,9470,5750,5380,TRUE,46,0.5681,3440,163,3,0.273,ethnic,brights,festive,0.8625,fair,0.42,facebook_marketplace
4ea51f00-9b2e-4ed4-beb5-8db7ac5f8562,81df784d-413f-423d-9c05-3d5969e5e5c6,shorts,26-07-2025,4540,1970,1790,TRUE,60,0.3943,2642,391,4,0.6517,athleisure,neutrals,summer,0.665,good,0.55,facebook_marketplace
a2cb4357-8843-42dc-b4b5-5575ea176997,,anarkali,24-01-2026,5545,2160,,FALSE,,,232,30,1,0.0516,"ethnic,bridal",pastels,festive,0.92,good,,facebook_marketplace
ab6ecae8-6fd3-4f42-8724-b71a970dd3cf,4f9e658f-3df8-4232-b660-4a76fbbc8f74,shirt,24-03-2026,2670,1430,1310,TRUE,114,0.4906,6372,275,15,0.4622,casual,brights,all_season,0.4,good,0.64,facebook_marketplace
cbc3b8b0-7687-42eb-ac3f-98af84928f84,,formal_shirt,03-12-2025,5820,3070,,FALSE,,,310,7,0,0.012,formal,pastels,all_season,0.45,like_new,,facebook_marketplace
a6e4ca53-1453-4c00-85a9-23cd6dd43f38,4a79c98f-2fd6-4bce-af78-1d6c0bd3432f,jeans,22-03-2026,2480,2480,,FALSE,,,93,27,1,0.0452,minimal,brights,all_season,0.55,fair,0.5,facebook_marketplace
0d40ecec-f007-438c-9a09-adb38691fac4,,formal_shirt,22-11-2025,5820,1960,1950,TRUE,14,0.3351,765,197,15,0.3373,formal,prints,all_season,0.45,poor,,facebook_marketplace
b7eb85a5-d9f1-4c62-975d-49e3fa093b9f,,shorts,20-11-2025,2690,910,,FALSE,,,186,44,2,0.0733,casual,darks,summer,0.38,good,,facebook_marketplace
cb5f5a8c-e5c8-4791-8955-572106775300,dd771d9b-104a-4beb-9086-46d447f87dea,formal_shirt,03-04-2026,6730,3800,3300,TRUE,113,0.4903,6746,329,2,0.5634,formal,metallics,all_season,0.45,good,0.58,facebook_marketplace
d05f7245-507d-43ef-8fac-7432934166b1,5e689756-3280-48ca-ae56-345f8a767b12,other,15-10-2025,3160,2130,2060,TRUE,91,0.6519,6405,583,15,0.9733,casual,metallics,all_season,0.4,poor,0.23,facebook_marketplace
fbb5a028-8f93-40bd-8158-1dc55ca4eafd,,tshirt,27-12-2025,2520,1740,,FALSE,,,290,45,0,0.0751,streetwear,pastels,all_season,0.65,like_new,,facebook_marketplace
d9bea4b2-c1d6-4f69-9074-fbf2b95d8604,,kurta,19-11-2025,7060,5940,5540,TRUE,39,0.7847,5678,35,13,0.0585,"ethnic,bridal",metallics,festive,0.92,new_with_tags,,facebook_marketplace
76f8123a-c3f1-4a96-87fb-eea38e50101c,06d23e5d-27c5-454a-bf74-aff741f3a754,tshirt,23-06-2025,5340,1390,,FALSE,,,101,16,0,0.0267,casual,darks,all_season,0.4,poor,0.33,facebook_marketplace
fcd8c059-fcf7-42ec-b90a-76369ea55d0f,,jeans,25-08-2025,2480,2350,2280,TRUE,39,0.9194,2622,395,11,0.6605,streetwear,neutrals,all_season,0.65,like_new,,facebook_marketplace
ed0323af-00d0-4992-880a-f416914db856,,jacket,12-05-2026,8050,5420,,FALSE,,,444,24,1,0.04,casual,neutrals,winter,0.42,poor,,facebook_marketplace
46207ae1-e4e9-4495-a676-e4e74111bd73,7adc4433-3b7d-49e7-935d-073601efa683,saree,04-02-2026,14100,4970,,FALSE,,,53,22,3,0.0367,"ethnic,bridal",metallics,festive,0.92,like_new,0.84,facebook_marketplace
f6923427-fce3-4cfa-b734-fce744c60eb7,,anarkali,20-01-2026,5480,2980,,FALSE,,,398,38,0,0.0654,bridal,brights,festive,0.9775,good,,facebook_marketplace
dbc50d82-5541-4407-9ee0-b1f5b05abfcf,,dupatta,03-03-2026,6070,2150,,FALSE,,,321,16,3,0.0267,ethnic,darks,festive,0.8625,poor,,facebook_marketplace
24e74314-10f2-41af-acfb-dbfdc2bfafda,dda8783d-28c8-4e5a-9cdc-c50b7f64fa4a,tshirt,17-08-2025,910,420,370,TRUE,4,0.4066,627,60,9,0.1002,minimal,prints,all_season,0.55,good,0.66,facebook_marketplace
e9b42493-5d27-4129-9509-38594574fa20,ba06871a-a3fc-4eda-b55b-cf7412a35826,jacket,26-12-2025,11360,6100,6040,TRUE,4,0.5317,4470,376,12,0.6267,casual,metallics,winter,0.42,like_new,0.8,facebook_marketplace
326c7805-ff12-46b6-975d-a41abc0d8255,30f7eb7e-eb73-4177-b8c4-7236b63de344,kurta,12-02-2026,7060,1180,,FALSE,,,192,32,0,0.0535,"ethnic,bridal",brights,festive,0.92,good,0.55,facebook_marketplace
4b7c2550-a99c-4fcb-a07f-ce90d5a6c27d,322882a5-4a08-4d28-ac24-6943724f73a6,activewear,02-07-2025,5490,1570,1470,TRUE,49,0.2678,3495,448,12,0.7517,athleisure,neutrals,all_season,0.7,fair,0.53,facebook_marketplace
506bd9ad-f6db-4bea-b770-c19d03024fac,62159046-8f62-49b9-b204-5b726a83a58e,kurta,06-01-2026,7060,3760,3660,TRUE,42,0.5184,7340,84,15,0.1405,ethnic,brights,all_season,0.75,fair,0.49,facebook_marketplace
f2abd0ca-4708-4d44-aa91-d247c3a4866e,,lehenga,25-11-2025,243010,39400,,FALSE,,,272,28,1,0.0469,bridal,prints,festive,0.9775,poor,,facebook_marketplace
daf80985-855b-4c85-9ce6-828236d439eb,,trousers,31-10-2025,3880,2990,,FALSE,,,99,1,2,0.0017,formal,pastels,all_season,0.45,new_with_tags,,facebook_marketplace
d7f57212-04a2-4ec6-964c-1dc1ebe50624,f6768f6f-da7b-4f96-bbf0-837ee30349d1,trousers,01-03-2026,5970,1130,1030,TRUE,80,0.1725,717,115,11,0.1952,formal,neutrals,all_season,0.45,good,0.66,facebook_marketplace
e005e8cb-44c3-4994-9405-6cd3af4a259c,ee667954-139e-4b97-948e-946a4b0c5492,shirt,19-06-2025,2670,1110,,FALSE,,,26,35,3,0.0588,casual,metallics,all_season,0.4,new_with_tags,0.95,facebook_marketplace
1a34bc2c-7018-4a15-a722-fc5db4af62a2,,blouse,20-07-2025,17610,6370,,FALSE,,,195,24,3,0.0402,bridal,metallics,festive,0.9775,fair,,facebook_marketplace
e358fbd3-e919-4523-879e-18b1ce9f8c5b,8290c78f-3338-4e7d-b9e2-150cf35e4de6,sweater,01-11-2025,11165,1990,1830,TRUE,83,0.1639,6401,177,5,0.2965,casual,brights,winter,0.42,good,0.63,facebook_marketplace
57e79a4c-0cc7-4a00-ad07-16a43ffc0603,,anarkali,05-07-2025,16430,4530,,FALSE,,,445,18,0,0.031,bridal,prints,festive,0.9775,poor,,facebook_marketplace
4aa2a858-87d8-456a-bd2a-6a1710a03823,,shorts,13-01-2026,2690,880,,FALSE,,,291,36,1,0.06,"athleisure,casual",neutrals,summer,0.5225,like_new,,facebook_marketplace
0183e984-cf6d-4534-aab9-ed69a87ca437,,shirt,18-07-2025,2670,1420,1370,TRUE,69,0.5131,5034,209,14,0.3513,minimal,pastels,all_season,0.55,like_new,,facebook_marketplace
327c5d86-f270-4c27-8182-f16a12013fe7,,kurta,29-10-2025,7230,5320,,FALSE,,,57,12,0,0.0201,fusion,darks,all_season,0.8,like_new,,facebook_marketplace
6673e605-2229-4409-baf2-280f3cc2c443,,shorts,26-04-2026,2690,980,890,TRUE,119,0.3309,752,188,15,0.3133,casual,neutrals,summer,0.38,like_new,,facebook_marketplace
93e4b60e-3687-4b36-be08-d6c08259d627,8906aaee-a522-4a9b-b835-28715ef73374,lehenga,16-12-2025,9470,9470,,FALSE,,,356,34,0,0.057,bridal,pastels,festive,0.9775,good,0.65,facebook_marketplace
c337283e-a16c-429f-8f2b-edf17f83ee40,a8fedca7-9bdf-4347-b82b-5b8408816338,kurta,17-07-2025,7060,1370,,FALSE,,,388,8,3,0.0134,ethnic,metallics,festive,0.8625,like_new,0.86,facebook_marketplace
8b19999a-44b4-4c07-a93f-75cadd8f782a,4753ca8e-42f2-46f7-96ed-b24209bdff9f,dress,09-04-2026,5980,3820,3320,TRUE,101,0.5552,5673,293,12,0.5337,officewear,brights,all_season,0.45,poor,0.23,facebook_marketplace
95d33975-324a-44bf-b921-b19567bfea62,09dc9fc8-214c-43ed-b5c8-6f13e23d0723,jacket,17-04-2026,8050,6470,,FALSE,,,456,39,3,0.065,casual,prints,winter,0.42,like_new,0.8,facebook_marketplace
155e6cd3-f2a1-406b-ac99-503b74c766f8,a4c0cf22-5c89-4ec8-b59e-a9c67cd141f4,skirt,04-03-2026,2985,2440,2250,TRUE,101,0.7538,5289,30,3,0.05,boho,pastels,all_season,0.5,poor,0.13,facebook_marketplace
f943a1ad-77f8-47db-8c5b-6b5636b667fe,,trousers,17-11-2025,5970,5310,,FALSE,,,466,3,0,0.0051,casual,neutrals,all_season,0.4,like_new,,facebook_marketplace
7419103b-a4b3-40aa-a421-f9c3715bb2b6,103b2baf-cb10-438d-a9dc-6c98c07b700b,formal_shirt,24-05-2026,5820,1470,1320,TRUE,26,0.2268,3079,434,4,0.7432,"officewear,formal",darks,all_season,0.45,good,0.61,facebook_marketplace
6d0265e3-68c3-4d04-a964-15d3fc430e6d,,blouse,28-12-2025,4770,3300,2860,TRUE,20,0.5996,1968,14,14,0.0235,ethnic,metallics,festive,0.8625,like_new,,facebook_marketplace
b8488d44-daab-4512-a8ed-33e33a457fd0,572af705-02e2-4504-b20c-77166990ceb0,formal_shirt,06-09-2025,5820,3150,,FALSE,,,343,19,1,0.0325,"officewear,formal",pastels,all_season,0.45,like_new,0.87,facebook_marketplace
b92e2c6f-a344-4ca9-a325-d9fb3d5b3114,,jeans,29-10-2025,2480,440,,FALSE,,,53,12,2,0.0201,streetwear,neutrals,all_season,0.65,like_new,,facebook_marketplace
67df5c87-3990-4ff1-8f54-a31623b46e0f,6ffe3e70-c34f-43aa-9994-76a22cccc849,formal_shirt,19-03-2026,5820,5140,,FALSE,,,119,18,2,0.0308,"officewear,formal",neutrals,all_season,0.45,poor,0.19,facebook_marketplace
d9d23034-b7ff-45e2-89a1-d5fee371b056,4b7f6fcb-7255-42db-8581-9723907309c8,lehenga,24-09-2025,9470,1440,,FALSE,,,226,44,2,0.0737,ethnic,pastels,festive,0.8625,like_new,0.79,facebook_marketplace
5055cc4a-3e11-4230-865e-ccc2768d348d,e4c24061-e926-4f7d-a190-f51575070b8f,skirt,18-09-2025,2985,2300,,FALSE,,,225,9,0,0.015,"fusion,casual",pastels,all_season,0.6,like_new,0.79,facebook_marketplace
104f242e-cca6-4f54-975a-a6b79ee52dce,,dress,14-08-2025,5980,4410,3810,TRUE,1,0.6371,1663,148,9,0.2696,officewear,brights,all_season,0.45,poor,,facebook_marketplace
e277f464-68b8-4209-9d8c-6b612da41660,04afea18-51e3-435a-98e4-d869fc001c95,kurta,30-04-2026,7060,6490,5920,TRUE,43,0.8385,6442,458,4,0.7659,"ethnic,bridal",brights,festive,0.92,like_new,0.84,facebook_marketplace
6aa9ac0e-03ca-4291-827a-ccb84a061e05,,shirt,04-02-2026,2670,2360,,FALSE,,,84,27,2,0.0454,minimal,prints,all_season,0.55,poor,,facebook_marketplace
cbd07d54-7d20-425f-af7d-e4871eb25fc8,,skirt,20-12-2025,2985,1370,,FALSE,,,152,24,0,0.04,boho,metallics,all_season,0.5,good,,facebook_marketplace
2e1a8721-2654-4deb-89f3-946231346149,945cc106-ce24-4f14-bff3-37ff80f89720,tshirt,20-07-2025,2520,2230,1950,TRUE,11,0.7738,3522,78,13,0.1302,athleisure,metallics,all_season,0.7,new_with_tags,0.94,facebook_marketplace
11face9d-6fb1-4173-8fda-6caccc1e14e1,,jacket,13-05-2026,8700,6100,,FALSE,,,322,5,2,0.0083,casual,neutrals,all_season,0.4,new_with_tags,,facebook_marketplace
2b26a5e2-bc1f-42ef-bc05-68f45ed23135,4696dbd0-f22d-42e7-b540-57fb4f6b0ffe,formal_shirt,05-12-2025,5820,5310,5180,TRUE,30,0.89,6478,458,7,0.7842,"officewear,formal",darks,all_season,0.45,poor,0.26,facebook_marketplace
eecfabdb-7dc3-43df-ad10-4be0642f0af4,,shorts,01-11-2025,2690,870,,FALSE,,,435,39,3,0.065,athleisure,metallics,summer,0.665,like_new,,facebook_marketplace
3bb8c18e-2c83-46b8-9325-040568afac1b,853577f6-1d36-40ee-bdeb-ce9465a72f71,other,28-02-2026,3160,1800,1590,TRUE,77,0.5032,2269,55,6,0.0918,casual,metallics,all_season,0.4,like_new,0.83,facebook_marketplace
ea429644-35bd-4ab9-941b-cd3ec2a92d6b,,activewear,03-12-2025,4900,2720,2410,TRUE,42,0.4918,1789,544,11,0.9128,athleisure,pastels,all_season,0.7,poor,,facebook_marketplace
1502d712-8db4-40f7-a826-763bf8b94bbe,,jeans,28-02-2026,1680,690,,FALSE,,,68,43,0,0.0719,casual,prints,all_season,0.4,fair,,facebook_marketplace
43cff6f8-14b0-47ad-a907-5ca131f81baa,,jacket,27-05-2026,8050,5270,,FALSE,,,285,26,3,0.0433,casual,brights,winter,0.42,like_new,,facebook_marketplace
a87ac0b6-0f76-4af8-be88-8a91ce48e2eb,,jacket,15-04-2026,8050,7110,,FALSE,,,287,11,0,0.0183,casual,pastels,winter,0.42,good,,facebook_marketplace
791062ef-5aeb-470e-b68c-2cda0d25d4b7,b931db01-ebad-432b-99f7-1faadbf9e7d3,trousers,03-07-2025,5970,4060,3580,TRUE,16,0.5997,4448,301,6,0.511,formal,neutrals,all_season,0.45,good,0.65,facebook_marketplace
e6220b84-012d-4617-adf4-3258ad156442,,tshirt,27-04-2026,2520,2520,2230,TRUE,28,0.8849,2845,347,11,0.5793,casual,brights,all_season,0.4,poor,,facebook_marketplace
6a4d12bd-ca7e-46e0-844d-d9ebdc1152ed,21defb32-519e-470e-99f5-6012193629ed,tshirt,01-01-2026,2520,1620,,FALSE,,,80,30,0,0.0501,casual,neutrals,all_season,0.4,good,0.59,facebook_marketplace
f2d438b3-7b9d-4676-9963-ef418200b8b6,9673512b-d4e6-4546-a135-cf414a8fa561,activewear,15-06-2025,7100,3110,,FALSE,,,199,6,1,0.0101,athleisure,metallics,all_season,0.7,good,0.57,facebook_marketplace
38dc03e5-aa8b-4646-8cb0-051c83c7804b,,kurta,02-11-2025,7060,2320,,FALSE,,,375,0,2,0,fusion,metallics,all_season,0.8,fair,,facebook_marketplace
7e96a3d3-b280-46de-9f9f-806e7d3d5803,,shirt,02-03-2026,2670,1160,1110,TRUE,60,0.4157,266,288,6,0.484,"casual,streetwear",pastels,all_season,0.525,new_with_tags,,facebook_marketplace
aa3270ed-5e5b-4fd1-b3eb-1a984b35d5ea,567d3732-8474-47b5-978a-d79ecee530b1,dupatta,17-05-2026,6070,2940,,FALSE,,,71,11,0,0.0184,ethnic,prints,festive,0.8625,new_with_tags,0.98,facebook_marketplace
fbbbe41b-973e-4b07-9250-7a989cc17bb1,,sweater,26-03-2026,6970,3270,,FALSE,,,7,18,2,0.0302,casual,pastels,winter,0.42,good,,facebook_marketplace
95ea12d9-c620-4c55-b541-1f978a23009a,c6f678f0-ebd7-4eb5-8109-111164b9a51c,kurta,18-01-2026,9200,6100,,FALSE,,,465,44,2,0.0736,"ethnic,bridal",pastels,festive,0.92,like_new,0.8,facebook_marketplace
efddd188-67a1-4acc-b5ce-1de4807a23d7,,shirt,16-09-2025,2670,1970,,FALSE,,,183,36,0,0.0605,casual,prints,all_season,0.4,good,,facebook_marketplace
bfbaf24f-7010-4c9b-95bc-ef164e05f834,a010075b-237e-4815-9a67-267a99579744,activewear,16-07-2025,4900,2070,2030,TRUE,1,0.4143,308,132,3,0.2215,athleisure,brights,all_season,0.7,fair,0.46,facebook_marketplace
8fa66311-7dd9-4abc-9152-1f31e8cd5e79,31cd0e0f-cd3c-4911-a686-7cc28412e07a,dress,03-12-2025,5980,3470,,FALSE,,,181,19,3,0.0346,boho,metallics,all_season,0.5,good,0.63,facebook_marketplace
494ac2bf-64ba-4f69-91d0-2e85758d16cc,9ba3b69b-25fe-40f8-a4a6-4eb481624252,blouse,20-08-2025,7880,4700,,FALSE,,,221,0,2,0,bridal,metallics,festive,0.9775,like_new,0.84,facebook_marketplace
d410501c-9d43-4655-831d-e9af66ad9b0f,88e89e0a-9731-4c67-87ac-f443470fd023,shirt,12-07-2025,2670,1870,,FALSE,,,141,2,1,0.0034,officewear,darks,all_season,0.45,fair,0.36,facebook_marketplace
b993c82c-bc51-4cce-973a-817d5b324e96,,jeans,23-03-2026,2470,1470,1320,TRUE,67,0.5344,633,209,2,0.3495,casual,metallics,all_season,0.4,good,,facebook_marketplace
3367d466-5899-40bc-be71-021f7cf8ec7c,,blouse,24-08-2025,7880,5510,,FALSE,,,337,7,2,0.0117,ethnic,metallics,festive,0.8625,good,,facebook_marketplace
44c7f9fd-e6a0-4ab4-88b5-8396172f73be,,tshirt,25-02-2026,1160,820,770,TRUE,26,0.6638,1607,548,14,0.9149,minimal,prints,all_season,0.55,like_new,,facebook_marketplace
d793b300-42a1-458a-a921-45d458d95167,,blouse,29-08-2025,7880,4630,,FALSE,,,207,33,0,0.0553,bridal,neutrals,festive,0.9775,fair,,facebook_marketplace
bc4a2d4e-ed94-481c-ae62-8e4fa8d07ae9,1cc497a5-e4d3-4d5e-9ffc-0c7ba4d78487,lehenga,06-01-2026,9470,5250,4960,TRUE,99,0.5238,439,195,11,0.3266,ethnic,metallics,festive,0.8625,good,0.69,facebook_marketplace
e76af70c-88da-4d85-9308-b47514e287a3,09a96c97-9cf5-4394-9e70-ba6cd47c7145,shirt,16-05-2026,1370,970,,FALSE,,,188,32,2,0.0538,casual,pastels,all_season,0.4,like_new,0.78,facebook_marketplace
eb66b736-3bee-49c2-9aa6-29f2c5e0bec2,64e07f28-f66c-4b5f-9a16-0ff998ebb0ad,activewear,09-09-2025,5970,1630,,FALSE,,,255,22,0,0.0369,casual,prints,all_season,0.4,poor,0.12,facebook_marketplace
e4b93d69-a216-4a49-93d3-e31d92976f3b,1d53e403-1f9c-48e9-aaa4-5f65dc787e1a,shorts,29-09-2025,2690,720,,FALSE,,,283,9,3,0.015,casual,metallics,summer,0.38,like_new,0.88,facebook_marketplace
708567fc-a8a5-408f-94db-a2cc8736b4f8,,activewear,22-02-2026,4900,1000,,FALSE,,,175,22,0,0.0369,casual,neutrals,all_season,0.4,like_new,,facebook_marketplace
a657f12c-afea-4f9a-9bd1-f0f0ade6ed5e,b908d2c4-096e-49c7-882e-358529bf4a5d,skirt,20-11-2025,2985,1680,,FALSE,,,187,19,2,0.0317,casual,neutrals,all_season,0.4,new_with_tags,0.95,facebook_marketplace
b46116e4-402f-4b07-af8c-7b98e050dec2,e55eb069-308b-4f08-be59-c311535c9c3b,dupatta,14-01-2026,6070,6070,5710,TRUE,26,0.9407,278,565,13,0.9432,ethnic,pastels,festive,0.8625,good,0.56,facebook_marketplace
92c18776-b354-4e4e-92ef-ff1d46a618f3,,dupatta,18-06-2025,6070,2060,,FALSE,,,457,38,3,0.0634,fusion,pastels,festive,0.92,like_new,,facebook_marketplace
7e52b1d6-2deb-48dd-87e9-338171cba637,2df15791-1969-4a63-85e2-8ebf80086211,blazer,28-02-2026,5765,3110,,FALSE,,,278,38,1,0.0642,officewear,darks,all_season,0.45,good,0.62,facebook_marketplace
09fee90d-ceca-4541-8850-11521d16bc1a,,dress,03-07-2025,5980,3960,3750,TRUE,116,0.6271,2077,10,14,0.0182,officewear,metallics,all_season,0.45,new_with_tags,,facebook_marketplace
9935aed1-cb6c-470f-a173-46910f0ea859,,kurta,04-02-2026,7060,2830,2540,TRUE,84,0.3598,3232,119,5,0.199,fusion,neutrals,all_season,0.8,like_new,,facebook_marketplace
4bcff6ec-9e53-4eb0-bb0b-ecc6400d2ada,1c1d03b0-86f5-4078-901b-f1c4ad3cfe27,tshirt,05-04-2026,1650,900,,FALSE,,,232,18,3,0.0301,streetwear,brights,all_season,0.65,like_new,0.84,facebook_marketplace
5914fdb8-7ba1-4284-bc63-66ddda56c09e,d0e753cc-b93f-425e-bdb2-6cb073968330,jacket,05-02-2026,5180,3630,,FALSE,,,140,39,1,0.065,athleisure,metallics,all_season,0.7,new_with_tags,0.97,facebook_marketplace
7343bc42-4f91-4d87-9f72-f1701cd30ce8,863b7e31-3b96-4977-9ccf-2ac44c4efef7,kurta,24-04-2026,7060,1840,,FALSE,,,54,27,0,0.0452,fusion,neutrals,all_season,0.8,good,0.64,facebook_marketplace
a07c7e2b-42c5-4114-b9a0-b0321ef81ae1,,formal_shirt,05-02-2026,2010,810,,FALSE,,,263,42,0,0.0719,formal,pastels,all_season,0.45,fair,,facebook_marketplace
5c65e09d-7dc4-4748-95dc-1ad7f475eb81,3781e5eb-b344-44b9-992d-daf99253105a,saree,09-12-2025,14100,4770,4760,TRUE,84,0.3376,1595,403,6,0.6717,ethnic,brights,festive,0.8625,good,0.71,facebook_marketplace
7a91ad75-1dc0-4248-9ad1-c6f65f2ba82e,49458e68-00a1-49c5-83ed-a2758e7e461a,saree,25-05-2026,14100,4370,,FALSE,,,27,19,3,0.0317,ethnic,darks,festive,0.8625,poor,0.29,facebook_marketplace
658bbd68-cfa2-4913-95c2-9649a55db247,2ce01538-b6eb-4bca-b606-8205f7c8c0d4,jeans,07-05-2026,7840,2490,,FALSE,,,456,36,2,0.0602,casual,prints,all_season,0.4,fair,0.4,facebook_marketplace
c3f0e252-5134-419d-9ebe-85c7fa60f05b,f7d37e98-c90f-4de9-ae2b-4a5a1734f062,other,11-05-2026,560,480,,FALSE,,,118,4,2,0.0067,casual,darks,all_season,0.4,new_with_tags,0.91,facebook_marketplace
b8e2119d-a614-4958-b472-63e9e44822cf,81d4568a-09da-4e36-9598-691b42f17435,tshirt,23-03-2026,2520,2520,,FALSE,,,301,29,3,0.0484,casual,neutrals,all_season,0.4,fair,0.47,facebook_marketplace
0100a90d-0084-49c1-a373-25a403e9e1e9,b1faca89-6b70-4477-bb27-b51908d91a6f,skirt,18-05-2026,2985,2410,2340,TRUE,48,0.7839,7026,172,5,0.2867,boho,pastels,all_season,0.5,good,0.7,facebook_marketplace
9e610435-7f2e-46e6-839a-674fc382d6b4,,coat,26-07-2025,9620,8430,,FALSE,,,50,21,0,0.0368,officewear,metallics,winter,0.4725,new_with_tags,,facebook_marketplace
158a8077-3b99-4963-bc7c-7b88c9f4b045,,kurta,23-01-2026,7060,2350,,FALSE,,,113,2,0,0.0033,"ethnic,bridal",metallics,festive,0.92,like_new,,facebook_marketplace
697c137d-61d2-46e4-9e87-c211f370da09,60505f1e-b24b-45fb-bd12-b41fc430f562,jacket,04-07-2025,8050,1300,1250,TRUE,31,0.1553,4927,295,4,0.4917,streetwear,darks,all_season,0.65,poor,0.19,facebook_marketplace
7d2759fb-1d94-4e07-915f-1a0b4b502681,,kurta,01-07-2025,7060,5320,4910,TRUE,82,0.6955,1501,271,1,0.4532,fusion,darks,all_season,0.8,good,,facebook_marketplace
8d2dd02a-211f-4cc8-9fd4-4590bf165bea,,trousers,18-10-2025,17640,3060,,FALSE,,,480,33,0,0.056,casual,pastels,all_season,0.4,poor,,facebook_marketplace
f93403fa-981b-4846-b51d-ad60e95c35cb,4087e258-74bf-410e-bba8-0ab5afa66c0a,formal_shirt,11-06-2025,5820,2920,,FALSE,,,288,12,1,0.0205,formal,pastels,all_season,0.45,like_new,0.86,facebook_marketplace
b5816634-732c-466a-820a-44e82ef10e6e,,trousers,08-01-2026,5970,5240,,FALSE,,,176,10,0,0.017,formal,brights,all_season,0.45,fair,,facebook_marketplace
acd8710f-331c-4530-b3f5-3734ebd335d5,,activewear,21-09-2025,4900,1550,,FALSE,,,333,22,3,0.0369,casual,prints,all_season,0.4,fair,,facebook_marketplace
03a2df36-cb41-423c-b34c-2207e0a76d9e,,tshirt,22-12-2025,2520,1110,940,TRUE,24,0.373,5822,30,8,0.0501,casual,prints,all_season,0.4,good,,facebook_marketplace
471c648a-9f83-4138-b8ed-58da3fde0315,,kurta,24-11-2025,1960,1120,,FALSE,,,405,3,2,0.005,ethnic,prints,festive,0.8625,good,,facebook_marketplace
f703d392-dae4-40c8-946a-0d67be4a60f1,43f0d740-52b3-4e8c-a7fd-063e078246c4,formal_shirt,15-03-2026,5820,4550,,FALSE,,,208,6,2,0.0103,formal,prints,all_season,0.45,like_new,0.82,facebook_marketplace
269f6afb-1f5e-412e-a49e-5fa23e3c84e4,f77fbd0e-705d-497e-81d7-fdc397f380fd,activewear,01-09-2025,4900,3090,2680,TRUE,79,0.5469,2203,163,6,0.2735,casual,pastels,all_season,0.4,like_new,0.82,facebook_marketplace
107e8576-f98d-4cf6-9a1b-b159d4b07825,,other,17-04-2026,2040,1100,1020,TRUE,9,0.5,3160,303,4,0.5058,casual,metallics,all_season,0.4,like_new,,facebook_marketplace
94eff309-0d55-49d7-abdf-12abbe4e51ae,8b954b03-a17a-40f6-a75c-38aec739c13f,coat,06-08-2025,6320,5010,,FALSE,,,248,3,3,0.0053,casual,metallics,winter,0.42,new_with_tags,0.91,facebook_marketplace
9dc6d72c-1d0d-415a-a0a9-a9cebe4ed5bf,7947a5fe-2b99-4462-9253-042ca2f44709,saree,26-11-2025,24370,18600,,FALSE,,,85,2,2,0.0033,ethnic,metallics,festive,0.8625,new_with_tags,0.98,facebook_marketplace
f3179942-690f-4ab7-b6e0-da7e63961c36,827aee1f-c1f3-4455-b869-64792c5e8bfa,lehenga,05-09-2025,9470,5610,5480,TRUE,103,0.5787,6602,461,4,0.7722,ethnic,brights,festive,0.8625,poor,0.13,facebook_marketplace
198a4f65-3104-4dbb-bc3f-11aedf70adfc,,trousers,28-02-2026,5970,2510,,FALSE,,,259,41,3,0.0696,formal,neutrals,all_season,0.45,poor,,facebook_marketplace
1e4aa0cf-7e6d-4ca8-9e15-56cc034be15b,,jeans,11-05-2026,2110,530,490,TRUE,18,0.2322,7316,290,1,0.4849,casual,neutrals,all_season,0.4,fair,,facebook_marketplace
3b4008ec-2bae-4763-bdc1-828062ac4cdd,cee91742-7284-4428-9866-251547550e48,formal_shirt,26-09-2025,5820,2300,,FALSE,,,431,17,0,0.0291,formal,metallics,all_season,0.45,good,0.62,facebook_marketplace
2c370e27-70f4-494b-9812-96f1b2b97fd2,4c720b5b-c96b-4996-abce-9cc913a9fbc5,skirt,05-07-2025,2985,380,,FALSE,,,15,33,2,0.055,fusion,pastels,all_season,0.8,like_new,0.81,facebook_marketplace
fa640060-23a7-4cda-bc55-01978e9e44da,,kurta,10-01-2026,8820,3450,,FALSE,,,96,14,0,0.0234,ethnic,prints,all_season,0.75,fair,,facebook_marketplace
1afa06e0-818b-4285-a771-60e64710db74,7e7b88b3-6227-48c2-92b0-86bd11377916,activewear,02-09-2025,4900,1060,,FALSE,,,374,4,3,0.0067,athleisure,metallics,all_season,0.7,like_new,0.79,facebook_marketplace
1ebb5950-e629-4f6b-800e-73c58681f3bf,1026045a-ead7-4885-9b92-2232f277bde6,kurta,22-09-2025,7060,6270,,FALSE,,,44,14,0,0.0234,fusion,metallics,all_season,0.8,fair,0.51,facebook_marketplace
da2e399b-909a-480b-b9e7-80c905abf665,c8e5d0d0-c6ef-49ec-8f09-6876114d217b,formal_shirt,18-03-2026,4250,3820,,FALSE,,,181,22,0,0.0377,formal,neutrals,all_season,0.45,new_with_tags,0.99,facebook_marketplace
0d985ffd-fa6b-461f-bff5-73ede15edf14,,jeans,07-10-2025,2480,2070,,FALSE,,,237,31,0,0.0518,streetwear,neutrals,all_season,0.65,fair,,facebook_marketplace
35623991-a56a-4c35-a906-4482967c50c5,,saree,11-07-2025,14100,14100,,FALSE,,,256,35,2,0.0583,bridal,brights,festive,0.9775,good,,facebook_marketplace
429bbb1f-f0ac-4c70-93c5-ab5fee67d1d8,445f76d3-1dd4-4d22-a30d-7d19c4ac86f6,kurta,11-05-2026,7060,1810,,FALSE,,,207,14,2,0.0234,casual,darks,all_season,0.4,good,0.66,facebook_marketplace
fcc46b8b-4802-4503-b205-a60111768496,,saree,22-03-2026,8700,5450,5140,TRUE,81,0.5908,7997,100,1,0.1667,ethnic,darks,festive,0.8625,like_new,,facebook_marketplace
5107a75a-4a3e-4d44-ba57-26beb87be454,,blazer,06-06-2025,7510,4510,4370,TRUE,72,0.5819,4902,449,13,0.7584,formal,darks,all_season,0.45,like_new,,facebook_marketplace
8a6c56be-8237-41c9-bd3c-f6899af68534,d2b1f8ff-2b6c-477f-a6c1-02be82ea8b60,blazer,22-02-2026,5765,1670,,FALSE,,,317,12,0,0.0203,formal,darks,all_season,0.45,new_with_tags,1,facebook_marketplace
28c652e7-67d4-4619-afa6-c4c9e4d575dc,b9a191ba-043e-412e-bd28-5951e20b27e6,blouse,23-10-2025,7880,3220,,FALSE,,,61,18,2,0.0302,"ethnic,bridal",neutrals,festive,0.92,good,0.6,facebook_marketplace
22574556-6b6f-490b-9af6-b26a098b702d,e49f2a55-5078-4b80-a5a3-18f749a36403,activewear,02-10-2025,4900,1430,1390,TRUE,85,0.2837,3055,405,1,0.6795,athleisure,darks,all_season,0.7,good,0.57,facebook_marketplace
f03c074b-bd0f-4aba-bf62-588d8335d4f4,f508e9f1-c732-489d-a277-1cd1c06b77b5,other,06-08-2025,3160,2240,,FALSE,,,268,41,2,0.0684,casual,brights,all_season,0.4,fair,0.42,facebook_marketplace
66a3406d-23fd-4b54-a94c-8ac0de92e72e,5e619c1f-ee1f-43a8-874e-5385475c2884,skirt,18-02-2026,2985,970,900,TRUE,65,0.3015,4113,129,1,0.215,casual,prints,all_season,0.4,new_with_tags,0.91,facebook_marketplace
291f76e5-f78a-4fa1-b6c9-e46477987c9b,,kurta,29-03-2026,7060,2030,,FALSE,,,263,24,0,0.0401,"ethnic,bridal",pastels,festive,0.92,new_with_tags,,facebook_marketplace
03b06311-0d13-4c37-b3cf-d08899e91a62,ee7a145d-26b1-4ca4-ae77-36939e3a7456,other,20-07-2025,3160,1010,,FALSE,,,192,36,1,0.0601,casual,neutrals,all_season,0.4,new_with_tags,0.97,facebook_marketplace
d46b2461-b01c-4569-b285-30acaa624566,,jacket,27-03-2026,3690,2580,2350,TRUE,117,0.6369,340,271,8,0.4517,casual,darks,winter,0.42,like_new,,facebook_marketplace
577714b7-4216-44df-92aa-a79815bb69b4,73dd1d6a-81e2-4dc0-b178-f5978b5b85ff,sweater,20-08-2025,21480,4780,4470,TRUE,21,0.2081,2250,331,1,0.5544,casual,pastels,winter,0.42,poor,0.25,facebook_marketplace
d894fbf0-514a-46c7-a4a2-bbcb6c8f7ffc,,jeans,31-01-2026,2480,1190,,FALSE,,,366,12,0,0.0201,casual,metallics,all_season,0.4,new_with_tags,,facebook_marketplace
3478b2c0-93bd-4681-8ec6-9c342d93ca2c,8d06fa0e-2368-4271-b151-00b7787002bb,jeans,13-03-2026,560,450,,FALSE,,,164,39,0,0.0652,streetwear,neutrals,all_season,0.65,new_with_tags,0.98,facebook_marketplace
7db610af-5e55-40a2-91ba-10e1d6772121,cbfc25b0-468c-462c-a158-96761af81ccf,formal_shirt,03-05-2026,5820,4330,,FALSE,,,263,1,3,0.0017,formal,metallics,all_season,0.45,good,0.67,facebook_marketplace
9cbe3d42-8fd6-400b-8ce0-f7b7c96a7d63,,tshirt,21-01-2026,2370,770,,FALSE,,,114,37,2,0.0618,casual,neutrals,all_season,0.4,fair,,facebook_marketplace
8cb76147-4a44-438f-bf34-aaf231d3afff,,shorts,03-07-2025,2690,2480,2210,TRUE,75,0.8216,3778,41,5,0.0683,"athleisure,casual",pastels,summer,0.5225,like_new,,facebook_marketplace
0e60c923-4083-4361-bd39-68883be5006b,,trousers,16-05-2026,19490,4910,4760,TRUE,100,0.2442,6109,157,5,0.2666,casual,brights,all_season,0.4,poor,,facebook_marketplace
60935073-d204-4696-9d78-c3328a01e147,,anarkali,27-02-2026,5545,2710,,FALSE,,,347,34,0,0.0585,ethnic,darks,festive,0.8625,poor,,facebook_marketplace
cb3f3220-fee6-4611-bf12-1a9fa2ae8739,,shirt,10-06-2025,2700,1690,,FALSE,,,159,7,2,0.0118,"casual,minimal",metallics,all_season,0.475,like_new,,facebook_marketplace
ea515af7-7920-49c3-a1ca-048189ace17e,,saree,16-11-2025,14100,6170,,FALSE,,,138,13,1,0.0217,ethnic,brights,festive,0.8625,like_new,,facebook_marketplace
31486cae-0556-4ac4-af95-50b2631e82fc,,saree,02-01-2026,14100,14100,,FALSE,,,412,28,3,0.0467,ethnic,neutrals,festive,0.8625,fair,,facebook_marketplace
ae464fa4-edec-4d1d-96d5-98e358b08bed,,anarkali,07-03-2026,5545,5545,,FALSE,,,15,21,3,0.0361,bridal,prints,festive,0.9775,good,,facebook_marketplace
d4d317c0-d9b3-46eb-8e7c-f0e3829581a9,,jeans,05-07-2025,1900,1350,,FALSE,,,465,27,1,0.0452,casual,pastels,all_season,0.4,like_new,,facebook_marketplace
ddb6dc60-baf0-45ac-a31b-ab31b22fc3bc,effbc0a9-34aa-4ee2-8217-7ee03521159c,shirt,01-03-2026,2670,1060,,FALSE,,,98,14,0,0.0235,casual,neutrals,all_season,0.4,like_new,0.87,facebook_marketplace
7e8e01b1-81fb-4931-a441-267f0da977a3,,formal_shirt,16-03-2026,5820,2310,,FALSE,,,140,24,1,0.0411,"officewear,formal",metallics,all_season,0.45,fair,,facebook_marketplace
dc4dfeda-0fc6-40ff-b5fc-c317fe576017,0281febc-84b7-4087-b35d-31eef4e85f05,skirt,15-12-2025,2985,1460,,FALSE,,,186,31,0,0.0517,"casual,boho",pastels,all_season,0.45,fair,0.4,facebook_marketplace
445c8bbd-4c41-4b9b-8e67-9c2c58e67c8b,59384893-38af-4c33-a8eb-5efcb1551d0a,formal_shirt,11-06-2025,5820,3350,2990,TRUE,111,0.5137,4875,223,4,0.3818,"officewear,formal",darks,all_season,0.45,like_new,0.87,facebook_marketplace
4c43684d-f125-4f02-a2db-2e28c13be293,00cb83cc-55d2-4f46-bdfe-572e04681461,jeans,13-11-2025,2480,770,660,TRUE,54,0.2661,2426,473,14,0.791,casual,prints,all_season,0.4,like_new,0.87,facebook_marketplace
b0e1e89c-642d-4b72-8440-7fb8a644c6b7,3f52ad5a-620e-4822-a26b-3eccf87fe18a,activewear,27-05-2026,4900,3360,,FALSE,,,320,17,2,0.0285,athleisure,darks,all_season,0.7,new_with_tags,0.96,facebook_marketplace
55e223f4-8928-46a5-bd4c-dfb41803033b,d9a5d30f-9a73-4622-8fad-13f28067cc9a,jacket,30-06-2025,8050,3140,,FALSE,,,491,33,2,0.055,streetwear,brights,all_season,0.65,fair,0.48,facebook_marketplace
c463814b-c407-4656-b337-7cf835f60f8e,8e5d3b76-602f-4e65-8033-95d42297ed6a,kurta,10-01-2026,3340,2860,2660,TRUE,59,0.7964,7675,464,6,0.7759,"ethnic,bridal",neutrals,festive,0.92,new_with_tags,0.99,facebook_marketplace
9e31d705-ca9e-496c-a1c0-2f29720d65c6,,shirt,02-12-2025,2670,1980,1950,TRUE,67,0.7303,6284,485,12,0.8151,streetwear,brights,all_season,0.65,good,,facebook_marketplace
366d9602-bbb4-43a3-b589-e6007f82c9c8,cd86a699-49ac-41ec-9e68-3eb765efee4b,lehenga,17-01-2026,9470,9470,8390,TRUE,22,0.886,6719,125,6,0.2094,bridal,darks,festive,0.9775,good,0.73,facebook_marketplace
2c2eed27-b17e-4d32-8f4c-d8df7129f1f3,,shirt,06-04-2026,2640,460,450,TRUE,41,0.1705,4376,192,7,0.3227,casual,prints,all_season,0.4,poor,,facebook_marketplace
c1a1b578-2dfa-4a82-ab73-1ba1396683d9,1cdd2e45-1f4d-4a4c-8d2b-62bea19073ab,saree,10-02-2026,14100,3390,3200,TRUE,83,0.227,6504,487,1,0.8117,ethnic,metallics,festive,0.8625,like_new,0.87,facebook_marketplace
433bcf35-b4dc-431a-81f3-7509002edfa6,fcdc5cbb-a480-4f0f-8c31-c962cb7d5d7d,activewear,14-04-2026,4900,1050,970,TRUE,106,0.198,7003,544,14,0.9128,athleisure,metallics,all_season,0.7,poor,0.17,facebook_marketplace
9b13bd0e-a8c4-4bb5-b791-1ad4f2f41b69,16da10de-ce99-478d-9d3f-8a0a3e79b596,tshirt,18-01-2026,2520,2490,,FALSE,,,95,30,1,0.0501,streetwear,prints,all_season,0.65,good,0.6,facebook_marketplace
5e3e5acb-31cc-4e2f-a528-aca20beaa893,,jeans,26-09-2025,3630,2760,,FALSE,,,477,13,2,0.0217,streetwear,prints,all_season,0.65,new_with_tags,,facebook_marketplace
aef5c517-06ca-4ac6-bb7c-a8b252190844,4d6eff6a-e284-4042-897d-d6daa18108c6,jeans,25-03-2026,2480,1360,1250,TRUE,24,0.504,4639,46,2,0.0769,minimal,metallics,all_season,0.55,like_new,0.85,facebook_marketplace
f9c8cefa-2682-4fbc-ac73-1eadddec2f86,9cd57744-4723-477c-bde6-30f2a0c2b5c3,shorts,29-12-2025,1270,1000,990,TRUE,57,0.7795,5224,464,4,0.7733,"athleisure,casual",metallics,summer,0.5225,new_with_tags,0.91,facebook_marketplace
ec082e38-87d0-45ee-9cc5-ce04f0208e1e,0dc38e2b-0516-48a5-a96e-7b36cc878259,shirt,26-09-2025,2670,580,,FALSE,,,245,17,3,0.0286,casual,prints,all_season,0.4,good,0.55,facebook_marketplace
e1ebbe2c-3140-44e9-8b0f-e3e27171965d,,lehenga,11-12-2025,102990,29800,,FALSE,,,101,19,1,0.0318,bridal,pastels,festive,0.9775,poor,,facebook_marketplace
50c78b42-7015-49ab-827b-59b286334bdd,,kurta,02-02-2026,7060,3080,2770,TRUE,85,0.3924,3311,27,9,0.0452,fusion,darks,festive,0.92,new_with_tags,,facebook_marketplace
7133a31c-f379-43dd-99c2-8e85dd320063,6fe5e364-01a3-46f3-a5d5-3038edd1cda8,coat,26-06-2025,9620,6750,,FALSE,,,366,36,1,0.063,casual,neutrals,winter,0.42,good,0.61,facebook_marketplace
dba45cc9-90fe-4b3f-8818-cc943b82d794,,jacket,20-01-2026,5300,2940,,FALSE,,,476,9,1,0.015,streetwear,neutrals,all_season,0.65,like_new,,facebook_marketplace
b5d6effb-e6a5-4c05-87f0-4361fbfff822,,lehenga,10-09-2025,9470,9470,8970,TRUE,97,0.9472,6590,468,10,0.7839,"ethnic,bridal",metallics,festive,0.92,poor,,facebook_marketplace
21669ec3-a82e-4c38-87d1-e917da8352f0,,activewear,12-06-2025,4900,1730,,FALSE,,,137,21,3,0.0352,casual,neutrals,all_season,0.4,new_with_tags,,facebook_marketplace
ded7c25c-9c63-469b-a9b0-9ef9cac4cba1,,trousers,13-01-2026,5970,5130,,FALSE,,,10,2,0,0.0034,casual,brights,all_season,0.4,fair,,facebook_marketplace
0854a3cd-3ee0-455e-ab31-036b0082cf7f,44963d4d-8266-43f9-bf40-4118afd86e77,activewear,05-10-2025,4900,3070,,FALSE,,,443,32,3,0.0537,casual,brights,all_season,0.4,new_with_tags,0.93,facebook_marketplace
1d171a97-5ee6-4dfb-a841-9a4515189f89,5d6eb3d6-0311-4529-8cc3-2e697af547d8,jeans,25-08-2025,2480,880,760,TRUE,66,0.3065,6053,562,3,0.9398,"casual,streetwear",brights,all_season,0.525,good,0.74,facebook_marketplace
28656e52-69e9-4a78-9888-1f9d63ce204f,3957a163-a86e-43c5-8de0-51301e742ead,dupatta,12-05-2026,6070,3220,,FALSE,,,129,30,0,0.0501,ethnic,brights,festive,0.8625,good,0.67,facebook_marketplace
a221bcba-a8ed-446f-9ff3-e2538a2cc164,0a2184de-a2c7-4116-9bda-3bd98f2fbba2,formal_shirt,14-08-2025,5820,860,,FALSE,,,19,23,3,0.0394,"officewear,formal",brights,all_season,0.45,fair,0.43,facebook_marketplace
76a41952-c7fd-46ba-8cfe-e929f2e82f0e,,blouse,26-11-2025,7880,1910,1750,TRUE,60,0.2221,7121,73,10,0.1223,ethnic,darks,festive,0.8625,new_with_tags,,facebook_marketplace
ef298738-5c96-42c2-a110-07257384ba17,933c488d-0e3b-4199-a845-724c2e37026e,activewear,26-12-2025,4900,1750,,FALSE,,,36,26,3,0.0436,athleisure,brights,all_season,0.7,like_new,0.8,facebook_marketplace
a9914494-17e2-46b6-99a8-69b330cfdfcf,,sweater,05-04-2026,11165,7610,,FALSE,,,70,36,0,0.0603,casual,metallics,winter,0.42,good,,facebook_marketplace
122345d1-2d72-4893-bd6a-ce776935e806,,shirt,03-04-2026,790,680,630,TRUE,86,0.7975,4948,302,12,0.5076,casual,metallics,all_season,0.4,new_with_tags,,facebook_marketplace
dd8fe538-86e2-4156-92b4-f7754c71bfae,,kurta,24-10-2025,7060,2540,2470,TRUE,23,0.3499,6284,43,13,0.0719,"ethnic,bridal",prints,festive,0.92,like_new,,facebook_marketplace
3cd76095-4748-4a94-a431-787b98e7bf1f,e00b86a7-9e99-4dba-be19-1a0981d3d2c4,tshirt,13-09-2025,8490,2610,2500,TRUE,82,0.2945,5714,599,4,1,casual,brights,all_season,0.4,fair,0.42,facebook_marketplace
ba632679-2412-4967-8644-98dfce13760e,27f0a945-37a2-466e-b648-3363922fef81,shirt,26-06-2025,2670,2100,,FALSE,,,486,37,1,0.0622,casual,darks,all_season,0.4,poor,0.11,facebook_marketplace
bfbc114b-2c73-4ed3-be39-410298f2c32a,3e5333ef-4c93-4a4f-aff5-d19209500edd,coat,27-02-2026,9620,3740,3510,TRUE,86,0.3649,2577,276,6,0.4834,casual,neutrals,winter,0.42,poor,0.12,facebook_marketplace
ec20023f-7209-4a86-87d0-132e7f824aeb,84f5bafb-0d4d-4622-97e6-8995e20b71c4,lehenga,24-06-2025,9470,9470,8930,TRUE,86,0.943,708,332,4,0.5561,bridal,prints,festive,0.9775,poor,0.28,facebook_marketplace
60637552-7893-49aa-a75b-037b090568ad,,anarkali,18-02-2026,5545,4440,,FALSE,,,14,40,0,0.0688,ethnic,pastels,festive,0.8625,like_new,,facebook_marketplace
c20d43db-02e7-434a-9a49-2e9f11f25488,,kurta,14-12-2025,7060,5990,,FALSE,,,309,13,2,0.0217,fusion,neutrals,all_season,0.8,like_new,,facebook_marketplace
c66af1d9-fe21-43fb-8265-1c5a9eb49502,fced90fb-0131-4c5a-832e-3ae2a6baf6f7,saree,17-01-2026,14100,4220,,FALSE,,,270,11,0,0.0183,ethnic,pastels,festive,0.8625,good,0.64,facebook_marketplace
f191ee3a-72ef-4363-af79-95550d6ee45e,be18efe7-87c2-4c64-8aff-b5182ab93788,saree,17-03-2026,14100,12400,,FALSE,,,388,11,0,0.0183,bridal,neutrals,festive,0.9775,fair,0.51,facebook_marketplace
8f2b97d8-cf29-48f7-add0-f5989706213d,,lehenga,05-02-2026,98690,42400,,FALSE,,,364,24,3,0.0402,bridal,metallics,festive,0.9775,good,,facebook_marketplace
86d5788e-73ed-4687-9fc3-f226a80da028,5c508044-6634-4a78-a600-b97b5d4dbddb,jeans,09-11-2025,1050,490,,FALSE,,,246,15,3,0.0251,streetwear,darks,all_season,0.65,good,0.58,facebook_marketplace
05d42d38-4c48-4926-9c2e-724bb258bdc7,,kurta,23-06-2025,2230,1410,,FALSE,,,237,17,3,0.0284,casual,neutrals,all_season,0.4,like_new,,facebook_marketplace
43941dc9-b2dd-4f39-b51d-08e8c76782a3,,kurta,03-07-2025,7060,4660,,FALSE,,,39,13,2,0.0217,"ethnic,bridal",brights,festive,0.92,like_new,,facebook_marketplace
2c8e6003-fdb3-417e-8885-8664862ea494,,saree,14-04-2026,14100,1460,,FALSE,,,200,25,3,0.0417,ethnic,brights,festive,0.8625,good,,facebook_marketplace
59b06121-a0f0-468c-be21-92ae59d4c9b0,5c1e6db7-1902-43b0-8e48-1fe30c935cf4,shorts,11-09-2025,8710,1680,,FALSE,,,367,21,0,0.035,casual,neutrals,summer,0.38,poor,0.23,facebook_marketplace
fff580f7-a1dc-444f-84ac-c40b8d3a3c92,,kurta,23-07-2025,7060,920,,FALSE,,,479,7,0,0.0117,casual,neutrals,festive,0.46,fair,,facebook_marketplace
65b1d32a-3e4b-419c-8608-443fc6cf88e3,,saree,31-08-2025,14100,5180,,FALSE,,,153,23,3,0.0383,"ethnic,bridal",prints,festive,0.92,fair,,facebook_marketplace
cac787dd-91d0-4614-8016-4454fdcedd1d,,other,11-11-2025,3160,2300,2110,TRUE,12,0.6677,5088,327,5,0.5459,casual,pastels,all_season,0.4,good,,facebook_marketplace
7686be8e-c724-4bbf-8b4d-f27296814947,ab287351-6729-4041-800a-d1fc0470f793,other,05-06-2025,3840,1610,1430,TRUE,85,0.3724,4435,264,14,0.4407,casual,pastels,all_season,0.4,good,0.67,facebook_marketplace
772f500b-0e9a-44ac-88a9-bb339885cbdd,,jeans,15-08-2025,2480,500,,FALSE,,,42,15,3,0.0251,casual,metallics,all_season,0.4,fair,,facebook_marketplace
5b86fbff-48d4-4951-b04b-02338411fca3,,shirt,14-08-2025,9370,2040,1970,TRUE,80,0.2102,3505,595,8,1,casual,darks,all_season,0.4,poor,,facebook_marketplace
65209739-d5da-4c94-8394-f3fb80aae2e0,170ebd3f-c17c-4212-a9d5-1f26f3408c19,saree,24-12-2025,14100,4650,,FALSE,,,486,1,3,0.0017,ethnic,pastels,festive,0.8625,good,0.6,facebook_marketplace
e88d164f-f59f-4897-816c-43371f8a65aa,697f0b67-1a40-4224-8f0f-fbedc48f436e,dress,16-11-2025,5980,5450,,FALSE,,,237,4,1,0.0073,formal,prints,all_season,0.45,fair,0.43,facebook_marketplace
6f321054-043a-40e4-868a-82856be0f27b,,other,04-09-2025,3160,1320,1290,TRUE,120,0.4082,831,150,10,0.2504,casual,darks,all_season,0.4,like_new,,facebook_marketplace
58688d98-1bbf-48f4-913f-3e9cb091ecec,,tshirt,06-01-2026,2520,1810,,FALSE,,,441,7,3,0.0117,minimal,prints,all_season,0.55,like_new,,facebook_marketplace
e867a810-f34a-4de4-8e62-d1c58231bbc5,,blouse,29-11-2025,7880,2870,2590,TRUE,14,0.3287,2598,355,1,0.5946,"ethnic,bridal",neutrals,festive,0.92,new_with_tags,,facebook_marketplace
41c412c2-6356-4928-980c-78c29c05cbe1,,tshirt,05-01-2026,2520,2130,2070,TRUE,1,0.8214,7745,170,1,0.2838,casual,brights,all_season,0.4,like_new,,facebook_marketplace
c863fc82-0968-461b-af43-d38ca8c1d3e6,1d99582a-4bdf-4439-a8f2-61d3ae5dbe10,lehenga,20-02-2026,5640,2450,,FALSE,,,75,2,0,0.0034,ethnic,metallics,festive,0.8625,good,0.57,facebook_marketplace
daa27204-acca-4688-87bd-18e36cdbf857,,trousers,23-09-2025,5970,5340,,FALSE,,,186,42,0,0.0713,officewear,darks,all_season,0.45,like_new,,facebook_marketplace
6ad65c93-c137-489e-beec-cd18b2a71a89,,jeans,25-03-2026,2480,2040,1990,TRUE,59,0.8024,6770,307,13,0.5134,casual,brights,all_season,0.4,good,,facebook_marketplace
48cfcee2-b060-47c7-9859-ca29fc52b1e4,9bdd1013-4212-4a03-bbf2-afd6b23f0e2a,shirt,29-01-2026,2030,1190,,FALSE,,,85,6,2,0.0101,casual,neutrals,all_season,0.4,good,0.57,facebook_marketplace
6d735ffb-df01-48c6-81ff-8e5421a88610,,shirt,22-03-2026,2670,530,,FALSE,,,5,40,2,0.0672,casual,neutrals,all_season,0.4,poor,,facebook_marketplace
b52bdbb1-fce0-40ba-a4a4-16d0fb5630af,6fcdd54e-e16f-43b7-a350-73b9b01f658f,kurta,16-12-2025,7060,2760,,FALSE,,,192,36,3,0.0602,casual,pastels,all_season,0.4,new_with_tags,0.98,facebook_marketplace
32f446e5-60f4-413e-af04-beac94680280,,saree,07-10-2025,80240,47700,46610,TRUE,72,0.5809,6742,456,2,0.76,bridal,brights,festive,0.9775,good,,facebook_marketplace
f05e0a4b-2fc6-4ccc-bae0-7c438d5b3f89,5960917c-5a24-44d8-99f5-3b814a8c0660,formal_shirt,29-03-2026,5820,5260,,FALSE,,,149,7,3,0.012,formal,neutrals,all_season,0.45,new_with_tags,0.98,facebook_marketplace
070c6dad-1bd3-450c-b083-a22be164cc34,9321c186-0563-47f9-ada2-99ff77284d65,lehenga,11-06-2025,15110,3340,3000,TRUE,17,0.1985,2945,208,10,0.3484,ethnic,brights,festive,0.8625,poor,0.33,facebook_marketplace
3c0c059c-4f7f-49ce-b34b-5ff264c0b2a6,900ca38f-3a26-4503-a63e-120e1c68744a,blazer,09-11-2025,5765,4520,4110,TRUE,86,0.7129,665,249,8,0.4206,formal,brights,all_season,0.45,poor,0.23,facebook_marketplace
1473c9b7-f841-4903-903c-905a9e39580c,5c24c899-05c6-4c40-b5de-fdb5372955a7,tshirt,18-10-2025,2520,920,830,TRUE,82,0.3294,6502,267,11,0.4457,streetwear,pastels,all_season,0.65,good,0.71,facebook_marketplace
d00a5998-e2ac-4715-98b3-e1b8bebb8289,8ece3825-49ef-446e-8adf-f3746695444b,dupatta,29-03-2026,6380,4870,4510,TRUE,70,0.7069,713,522,7,0.8715,fusion,darks,festive,0.92,new_with_tags,0.94,facebook_marketplace
34b2764b-4882-46b4-b3e8-5ba8b91c3bc8,,lehenga,03-07-2025,9470,9470,,FALSE,,,378,13,2,0.0218,bridal,darks,festive,0.9775,good,,facebook_marketplace
85d07dce-6188-4e65-a329-81120660f0f7,a03800b6-7b99-4abe-84bd-91fb6e5285d1,other,07-01-2026,3160,570,,FALSE,,,59,23,0,0.0384,casual,neutrals,all_season,0.4,good,0.64,facebook_marketplace
cd00955e-d2f1-4a04-aa82-c09e51d9c9eb,3f331559-b8d7-4787-aa39-702ca2625fce,dress,08-02-2026,5980,2630,2620,TRUE,102,0.4381,7575,429,12,0.7814,minimal,prints,all_season,0.55,fair,0.46,facebook_marketplace
ad8a6ce7-f5f3-4f32-8824-e92267a9ee20,4f5b1449-5bc0-4e96-94b3-995b71a53bed,formal_shirt,05-04-2026,5820,5150,4870,TRUE,23,0.8368,2522,546,2,0.9349,formal,darks,all_season,0.45,like_new,0.84,facebook_marketplace
6c3d1538-db7a-4054-ad50-2a397d41d494,c5c10819-55f8-4339-aef3-015249b5535b,blazer,27-06-2025,5765,2660,2580,TRUE,116,0.4475,3173,95,6,0.1605,formal,brights,all_season,0.45,good,0.68,facebook_marketplace
0f4f6feb-a670-4faf-b9a9-d66048c39d8a,84b026ce-5172-490f-8404-7acfaa350e57,anarkali,03-07-2025,5545,5545,5130,TRUE,17,0.9252,7843,86,9,0.148,fusion,metallics,festive,0.92,new_with_tags,0.91,facebook_marketplace
afe94741-ce14-498b-a3ef-0f661a883be0,,kurta,26-03-2026,2130,950,,FALSE,,,66,34,0,0.0569,fusion,neutrals,all_season,0.8,good,,facebook_marketplace
ef8cda98-c051-4f22-b58a-b529133427e8,,blouse,17-01-2026,7880,2030,1970,TRUE,8,0.25,870,385,2,0.6449,bridal,neutrals,festive,0.9775,good,,facebook_marketplace
245ccde7-f5cb-4759-a2af-798c74688fd2,,sweater,31-10-2025,11165,7470,6570,TRUE,72,0.5884,6784,461,14,0.7722,casual,prints,winter,0.42,fair,,facebook_marketplace
f16ddf2f-a5b9-430f-8144-e5de48e3d356,5f572959-dde8-4ae0-aeaf-d405f1392c25,formal_shirt,21-02-2026,5820,4740,4290,TRUE,15,0.7371,5569,146,8,0.25,formal,neutrals,all_season,0.45,good,0.62,facebook_marketplace
51fdad4a-8971-4158-8a77-2a91890557b6,,saree,14-07-2025,1860,990,,FALSE,,,77,25,1,0.0417,ethnic,brights,festive,0.8625,like_new,,facebook_marketplace
0a7e64d6-7e40-4dc5-ba27-b422ba48b4b5,feefb64b-8448-4634-acd0-7167e8c05429,anarkali,25-09-2025,5545,2380,2220,TRUE,108,0.4004,5632,456,3,0.7849,"ethnic,bridal",brights,festive,0.92,like_new,0.82,facebook_marketplace
d6d5abc7-f910-44b4-b563-abf36dec4530,,activewear,17-10-2025,7390,2740,,FALSE,,,153,35,0,0.0587,athleisure,neutrals,all_season,0.7,fair,,facebook_marketplace
fad2b30e-6857-4e19-b5d4-71f2043fb953,3dd6f961-b9e9-4fe7-bce2-c87ea6453e24,formal_shirt,01-01-2026,14150,3930,3550,TRUE,66,0.2509,4937,288,6,0.4932,"officewear,formal",prints,all_season,0.45,fair,0.36,facebook_marketplace
082b6fc1-9eea-4d93-a9c5-908f335d7690,06049237-4dbf-412d-89ea-9c78e3c2ba44,dress,03-04-2026,5980,1160,,FALSE,,,80,34,0,0.0619,formal,darks,all_season,0.45,new_with_tags,0.95,facebook_marketplace
96ddf37e-bcc5-43d1-a693-ea8d31cef72f,,saree,29-03-2026,14100,4870,4700,TRUE,71,0.3333,230,592,3,0.9867,"ethnic,bridal",metallics,festive,0.92,poor,,facebook_marketplace
ad0fd2b3-43d6-4989-ac5f-8e74940ecf02,,saree,19-11-2025,14100,2690,,FALSE,,,243,41,0,0.0683,"ethnic,bridal",metallics,festive,0.92,fair,,facebook_marketplace
cfc8d7f8-6b81-477e-9ab1-2f687c08c017,790d03fd-a2bf-4d95-9199-13eb4219dd63,skirt,18-10-2025,2985,1120,1010,TRUE,112,0.3384,3816,189,2,0.315,casual,darks,all_season,0.4,good,0.56,facebook_marketplace
7e3e00b7-a8ae-46d9-baba-e6526539990d,,blouse,11-02-2026,7880,5600,5290,TRUE,117,0.6713,1606,23,10,0.0385,bridal,neutrals,festive,0.9775,poor,,facebook_marketplace
7824ab65-98b5-49db-9238-a2a0e35190c9,,blouse,21-06-2025,7880,2540,2480,TRUE,45,0.3147,1958,339,14,0.5678,ethnic,pastels,festive,0.8625,fair,,facebook_marketplace
b3191acc-5bea-48d3-9f2e-916d894bf54c,,tshirt,16-08-2025,2520,1710,,FALSE,,,140,13,2,0.0217,casual,pastels,all_season,0.4,good,,facebook_marketplace
b16c243b-580f-4910-a7a8-a7309689e2d9,,dupatta,20-10-2025,4920,3320,3060,TRUE,108,0.622,771,277,9,0.4624,ethnic,darks,festive,0.8625,like_new,,facebook_marketplace
4f5b584b-f6b2-4a43-833a-3a8f8ab35fa4,,shirt,08-10-2025,2670,1850,1720,TRUE,51,0.6442,426,117,4,0.1966,"casual,minimal",darks,all_season,0.475,like_new,,facebook_marketplace
558f4447-3286-4cc9-958e-bb4a9ff1c540,,blouse,27-09-2025,7880,3680,3620,TRUE,71,0.4594,4215,431,15,0.7219,bridal,prints,festive,0.9775,good,,facebook_marketplace
bfc8b719-03c4-4bf3-a723-ea460bcd599e,,tshirt,02-07-2025,2900,1670,1550,TRUE,88,0.5345,6207,96,12,0.1603,casual,brights,all_season,0.4,good,,facebook_marketplace
9712fda5-bfea-42a1-b282-aa37d40bbbf8,,dupatta,01-10-2025,6070,3750,,FALSE,,,497,13,1,0.0217,"ethnic,bridal",neutrals,festive,0.92,like_new,,facebook_marketplace
89a6b8d9-f0be-4bc8-8a47-d92ad136eb00,,lehenga,25-10-2025,9470,1870,1800,TRUE,114,0.1901,5482,551,4,0.9229,ethnic,metallics,festive,0.8625,new_with_tags,,facebook_marketplace
b8ba81e4-dd44-4502-8d41-75849933a515,,kurta,11-11-2025,7350,3860,3340,TRUE,88,0.4544,1273,425,1,0.7107,ethnic,brights,all_season,0.75,like_new,,facebook_marketplace
6781ab3c-be93-41fa-86c5-536ca1d4948f,74c90796-d438-4313-a73a-9d1feb9241fa,tshirt,19-01-2026,2520,2050,1780,TRUE,101,0.7063,2596,40,5,0.0668,athleisure,darks,all_season,0.7,poor,0.31,facebook_marketplace
d1ccb8e9-721c-40b8-82ff-191e99646e32,,jacket,01-10-2025,8050,6960,,FALSE,,,276,45,0,0.075,casual,neutrals,winter,0.42,new_with_tags,,facebook_marketplace
95786b30-2714-4b9f-ab88-cf5f3b433bd6,,other,13-11-2025,3160,1670,,FALSE,,,426,30,3,0.0501,casual,brights,all_season,0.4,poor,,facebook_marketplace
e6590932-e606-4fdd-bb3b-415cda3a52c6,d4458f8b-ae05-4ccc-b408-7fa8f9e5f4c3,activewear,20-07-2025,4900,3210,2780,TRUE,48,0.5673,4036,42,11,0.0705,casual,pastels,all_season,0.4,good,0.6,facebook_marketplace
92553d32-78ac-4c7a-b435-edb9204ca59f,,tshirt,20-12-2025,4890,2260,,FALSE,,,443,37,1,0.0618,casual,metallics,all_season,0.4,good,,facebook_marketplace
e8ee8d45-1671-473a-8e63-de9505be35a4,,kurta,09-08-2025,7060,2650,2420,TRUE,12,0.3428,1413,15,15,0.0251,fusion,prints,all_season,0.8,poor,,facebook_marketplace
1e66c62e-e36f-47d7-8fe8-18da250e55ae,,blouse,10-09-2025,8400,4930,,FALSE,,,305,27,2,0.0452,bridal,metallics,festive,0.9775,good,,facebook_marketplace
fa25530c-5845-48a7-b2eb-92e2039373a8,49d06dea-9f32-4241-bbd3-511ebab93801,shirt,04-01-2026,1130,1000,870,TRUE,48,0.7699,1089,548,15,0.921,casual,brights,all_season,0.4,new_with_tags,0.95,facebook_marketplace
2286cb0f-6c08-4db1-a585-20341d1c0638,,blouse,07-06-2025,7220,6050,,FALSE,,,203,14,3,0.0235,ethnic,prints,festive,0.8625,new_with_tags,,facebook_marketplace
887f65c4-ce08-47a4-8488-8a42a44442cd,83285c69-8138-4578-b09d-e6755448380f,skirt,23-11-2025,2160,1480,,FALSE,,,55,8,1,0.0133,"casual,boho",pastels,all_season,0.45,like_new,0.75,facebook_marketplace
de52af3d-3eef-4d53-9e74-7dfc61bd620d,f13c9801-b088-4f7d-83d8-4417fb45fea8,anarkali,19-11-2025,5545,2040,1930,TRUE,83,0.3481,5630,555,3,0.9552,bridal,prints,festive,0.9775,new_with_tags,0.92,facebook_marketplace
98b4356a-f48b-4a07-acf2-6871b10b8ae3,,shirt,30-03-2026,2670,760,,FALSE,,,152,27,1,0.0454,casual,neutrals,all_season,0.4,like_new,,facebook_marketplace
e8772bee-383c-4b09-862f-7287f17baf84,,lehenga,05-09-2025,9470,9470,8510,TRUE,2,0.8986,6021,172,15,0.2881,"ethnic,bridal",neutrals,festive,0.92,fair,,facebook_marketplace
9a7a3568-b12d-47b5-8b7c-d6d623579ca3,c451432d-8f04-4c7a-a8ee-b5277c7d4749,activewear,24-03-2026,4900,1480,,FALSE,,,135,43,0,0.0721,casual,neutrals,all_season,0.4,new_with_tags,0.94,facebook_marketplace
275d088c-c890-4dac-907c-a87e413e54d2,ebf8f496-43cd-4d2c-881c-341027309508,skirt,13-01-2026,2985,640,580,TRUE,97,0.1943,444,600,6,1,boho,metallics,all_season,0.5,new_with_tags,0.93,facebook_marketplace
1bccef85-719f-4373-8bfa-823f21edef5d,,kurta,26-06-2025,7060,3510,,FALSE,,,340,44,0,0.0736,ethnic,brights,festive,0.8625,like_new,,facebook_marketplace
bf6ec3ec-0ccc-48a7-a445-13764e050d97,670ea0fd-8dfc-44d6-a4f0-3d5f5e445e72,kurta,20-01-2026,7060,6150,,FALSE,,,5,12,2,0.0201,fusion,neutrals,all_season,0.8,good,0.57,facebook_marketplace
13a5edd8-6316-406b-b14f-f882d21acb34,275cc134-a56b-434a-84d3-c2ab3176367e,activewear,13-01-2026,4900,3280,,FALSE,,,40,8,1,0.0134,casual,neutrals,all_season,0.4,new_with_tags,0.96,facebook_marketplace
c7659b54-2ac3-4722-99b7-92c700108eab,,anarkali,27-01-2026,5545,4840,4770,TRUE,17,0.8602,1257,482,7,0.8296,ethnic,neutrals,festive,0.8625,poor,,facebook_marketplace
6b0bdfac-9505-4ac1-a622-ac0a48af90d9,,jeans,16-08-2025,2480,1080,1060,TRUE,103,0.4274,6939,215,5,0.3595,"casual,streetwear",brights,all_season,0.525,like_new,,facebook_marketplace
bf6cee22-6b8f-4efd-b698-ab070d21f484,,shorts,07-03-2026,2690,1970,,FALSE,,,84,35,2,0.0583,athleisure,prints,summer,0.665,good,,facebook_marketplace
16e7fbd8-e974-4fe5-963b-61885d2720b2,,jeans,22-05-2026,2480,2270,2030,TRUE,40,0.8185,5256,270,3,0.4515,minimal,prints,all_season,0.55,fair,,facebook_marketplace
d5725a46-7776-4caf-aa9c-174f77691d75,,jacket,10-09-2025,8050,2010,,FALSE,,,67,34,1,0.0567,streetwear,neutrals,all_season,0.65,fair,,facebook_marketplace
b2bf201d-e4d7-475c-a651-c28835ac6cde,,tshirt,17-12-2025,3840,1700,,FALSE,,,210,6,3,0.01,"athleisure,casual",darks,all_season,0.55,good,,facebook_marketplace
f008c756-dde9-40b2-86ad-4276fb7a6911,671d2906-ec90-425f-bf11-f384a1db9f55,activewear,30-01-2026,3440,1940,,FALSE,,,75,14,0,0.0235,athleisure,neutrals,all_season,0.7,like_new,0.8,facebook_marketplace
5f7a4428-c61e-47f1-b764-2c211213dd69,cdc2612f-1239-4626-88cf-38ce934ce246,shorts,01-08-2025,2690,1240,,FALSE,,,466,21,0,0.035,casual,darks,summer,0.38,poor,0.15,facebook_marketplace
882d7a80-3678-4139-852c-8b006d7bd53b,69a3ceab-f4a3-45a7-af99-e6ae85ed9578,jacket,24-01-2026,10510,4040,,FALSE,,,436,42,1,0.07,casual,pastels,winter,0.42,fair,0.46,facebook_marketplace
7a971612-c13a-4ead-aa20-4306d42f5b4f,15b0bd39-f31a-4022-bde4-1d6c4f424ba1,saree,10-06-2025,14100,2120,,FALSE,,,130,43,2,0.0717,ethnic,darks,festive,0.8625,like_new,0.82,facebook_marketplace
cf0e5735-103e-4746-9cb9-3845c4fe8da5,,tshirt,05-05-2026,2520,1080,940,TRUE,55,0.373,4024,467,4,0.7796,casual,metallics,all_season,0.4,like_new,,facebook_marketplace
8e6482a9-c630-4cea-ac19-9e78b9e80930,ddd339a0-eb24-4e11-86f5-93b112e00e7f,blazer,31-01-2026,5765,4550,,FALSE,,,269,0,2,0,officewear,brights,all_season,0.45,good,0.66,facebook_marketplace
fe613530-a646-42f5-9588-290a0fbc8f64,d73c55b3-557b-489b-9273-9f70056303d9,shirt,01-08-2025,2670,1520,,FALSE,,,15,26,2,0.0437,casual,brights,all_season,0.4,good,0.58,facebook_marketplace
2243884a-b878-4d85-a8ef-236a594ab179,b7d3674e-5328-4b17-84e7-b89c15eed03a,dress,11-12-2025,5980,2190,,FALSE,,,314,24,3,0.0437,casual,pastels,all_season,0.4,like_new,0.77,facebook_marketplace
fc147f41-3036-4db6-b60d-00db89c52cfa,,tshirt,22-05-2026,2520,1380,,FALSE,,,415,7,1,0.0117,casual,darks,all_season,0.4,good,,facebook_marketplace
09cef2fb-d705-401a-85e3-3a2e11a58956,87cd6876-7290-45ea-9745-35896d4c094e,tshirt,04-10-2025,1870,1090,,FALSE,,,68,0,1,0,"casual,streetwear",neutrals,all_season,0.525,good,0.65,facebook_marketplace
6634bfee-2a89-4e02-8a7c-3432d87aff09,56df8008-b179-4744-8b30-d9115a15dde2,anarkali,10-11-2025,5545,3890,3650,TRUE,5,0.6583,2414,155,9,0.2668,ethnic,pastels,festive,0.8625,good,0.59,facebook_marketplace
ca7aa737-c83d-47fd-a439-1a5a6b9bfd2c,928857aa-16dc-438b-94bc-c102d9afec0d,blazer,10-01-2026,11920,4840,,FALSE,,,423,21,1,0.0355,formal,darks,all_season,0.45,good,0.6,facebook_marketplace
214c3169-4a48-489d-b897-df3bb5112faf,96bf8190-08a5-40af-b1ab-386d5de1ab3d,saree,13-01-2026,14100,14100,,FALSE,,,135,37,3,0.0617,ethnic,metallics,festive,0.8625,poor,0.29,facebook_marketplace
f2450ade-f225-45b4-97cd-c7c0cc30d2d3,,jeans,08-05-2026,2480,550,530,TRUE,102,0.2137,5018,249,6,0.4164,"casual,minimal",brights,all_season,0.475,good,,facebook_marketplace
9aa7bfdb-b949-4ab7-82ae-484826409158,,anarkali,03-08-2025,5545,930,880,TRUE,103,0.1587,868,553,14,0.9518,"ethnic,bridal",pastels,festive,0.92,good,,facebook_marketplace
c77233dc-cb80-4731-9f14-33217011dc5d,,sweater,27-11-2025,11165,6970,,FALSE,,,38,39,0,0.0653,casual,brights,winter,0.42,good,,facebook_marketplace
55f581bb-df23-47a1-9aca-8b1252c35bc6,e8c218db-7903-4110-9cbb-a61552bde9df,kurta,24-01-2026,7060,4420,,FALSE,,,13,2,0,0.0033,ethnic,metallics,all_season,0.75,fair,0.47,facebook_marketplace
77f66613-1378-4c19-a6d2-1e7559f2ae60,9cd80f74-cfe7-4e29-b2e7-4ccee7767b36,blouse,25-04-2026,7880,1500,,FALSE,,,331,1,1,0.0017,ethnic,metallics,festive,0.8625,fair,0.47,facebook_marketplace
15643e82-bcb4-48a9-a47a-6b4acea6191f,,formal_shirt,03-06-2025,5820,3010,,FALSE,,,211,38,1,0.0651,"officewear,formal",metallics,all_season,0.45,good,,facebook_marketplace
a172a713-7762-431a-a91f-0ff018aea6ef,a3dcfc8a-6786-4781-9000-09bc2bf4e96e,other,30-06-2025,3160,1360,1220,TRUE,22,0.3861,2843,265,3,0.4424,casual,metallics,all_season,0.4,new_with_tags,0.99,facebook_marketplace
13b47eab-2244-4000-8f83-c23c7b4a0dbb,,activewear,23-09-2025,4900,700,,FALSE,,,474,40,1,0.0671,athleisure,pastels,all_season,0.7,poor,,facebook_marketplace
1328c043-9459-4c23-9ca0-594b7ffaddf1,b16890fc-759d-4fb3-b2ae-5e3498292980,shirt,05-03-2026,2670,960,830,TRUE,25,0.3109,5641,437,4,0.7345,casual,brights,all_season,0.4,good,0.64,facebook_marketplace
2e3a44dd-d83c-4064-ab43-a4917af77a90,d141bd57-c118-4e92-9e07-880b7885cfa4,shorts,07-07-2025,2690,2080,,FALSE,,,327,37,3,0.0617,athleisure,neutrals,summer,0.665,good,0.71,facebook_marketplace
45f007bf-a752-47fb-880f-08ddcc416ce7,75740b6a-242a-40a7-b3e1-d59e591d37f7,dress,27-10-2025,5150,3090,,FALSE,,,191,17,2,0.031,casual,darks,all_season,0.4,good,0.59,facebook_marketplace
6b6be7c3-1f57-4e88-b9f4-80faab8c9cf9,,dress,11-05-2026,5980,1050,1020,TRUE,48,0.1706,1903,22,2,0.0401,officewear,prints,all_season,0.45,poor,,facebook_marketplace
d567cd94-1dde-4937-a6fb-44ffaf031e79,c00f9a2a-0350-4dc4-89b6-6a76da69f2fc,jeans,07-01-2026,2480,1020,,FALSE,,,190,18,3,0.0301,streetwear,brights,all_season,0.65,fair,0.45,facebook_marketplace
013bc119-5381-4088-9cb6-a6500757470b,,formal_shirt,30-10-2025,5820,2860,,FALSE,,,252,14,3,0.024,formal,metallics,all_season,0.45,poor,,facebook_marketplace
e1cc3f7d-b1e4-497d-b8cf-c7cd338ab61e,d9e5947c-5986-4485-ae45-f4783086508d,shirt,27-08-2025,2670,1990,,FALSE,,,164,24,3,0.0403,casual,neutrals,all_season,0.4,like_new,0.83,facebook_marketplace
3a055b81-d6c5-48e7-8ad4-fac0a08068cc,f95ed72a-6867-4ef9-b04d-24b22e3b525d,trousers,25-06-2025,10200,3330,,FALSE,,,463,2,0,0.0034,formal,pastels,all_season,0.45,fair,0.45,facebook_marketplace
c87623f3-4192-4449-b865-53b91e2a076c,64abcb0d-e981-4a23-bdb0-c6b39800c410,tshirt,27-07-2025,2520,670,570,TRUE,107,0.2262,4116,212,10,0.3539,athleisure,neutrals,all_season,0.7,poor,0.22,facebook_marketplace
8bfbc2f9-01eb-466d-8dea-03563be7107f,,dress,21-04-2026,5980,2750,2430,TRUE,86,0.4064,3766,57,7,0.1038,officewear,prints,all_season,0.45,like_new,,facebook_marketplace
8c3eb72b-6bae-4f05-81fd-2057fe3bc5bb,fae06ed1-deb1-4d65-9be4-bb5d23dc325d,lehenga,20-07-2025,4340,3230,,FALSE,,,188,44,1,0.0737,ethnic,brights,festive,0.8625,like_new,0.89,facebook_marketplace
62e65e45-2b6e-46f3-b099-992cbab10e99,,tshirt,14-10-2025,2520,1640,,FALSE,,,289,38,3,0.0634,casual,metallics,all_season,0.4,new_with_tags,,facebook_marketplace
5995627d-eaf4-4cd9-8ebe-14fb8ad0b68c,5d5fdb26-e69f-4820-84af-bcf46e03161e,saree,14-09-2025,14100,14100,,FALSE,,,393,25,0,0.0417,"ethnic,bridal",neutrals,festive,0.92,like_new,0.78,facebook_marketplace
34dbb9ba-a953-44eb-908f-218a90b00788,,formal_shirt,12-08-2025,5820,1050,,FALSE,,,27,31,3,0.0531,formal,brights,all_season,0.45,like_new,,facebook_marketplace
792d8d3c-1da1-4a26-b0d3-944f6f74a719,,lehenga,30-07-2025,150890,41200,,FALSE,,,11,5,0,0.0084,"ethnic,bridal",neutrals,festive,0.92,fair,,facebook_marketplace
08a1ed98-6da4-478d-8f9d-1fe93d80e38c,,dupatta,17-06-2025,6070,6070,5780,TRUE,54,0.9522,7701,563,9,0.9399,"ethnic,bridal",pastels,festive,0.92,new_with_tags,,facebook_marketplace
7af6a4c4-5f01-4798-8726-d5fd04202120,,activewear,14-06-2025,4900,2900,2900,TRUE,58,0.5918,7494,359,14,0.6023,casual,brights,all_season,0.4,new_with_tags,,facebook_marketplace
8d3f3507-d251-4a49-aa81-a9e1b6bb2e35,,skirt,04-11-2025,2985,1740,1710,TRUE,60,0.5729,2828,424,8,0.7067,fusion,pastels,all_season,0.8,like_new,,facebook_marketplace
ea8fb0de-abef-4d56-b3e6-5b478b4b94f7,,tshirt,19-12-2025,2520,2330,2120,TRUE,32,0.8413,381,74,9,0.1235,casual,darks,all_season,0.4,good,,facebook_marketplace
803bd111-0508-4d62-8c74-5e9e924439e4,,sweater,01-07-2025,11165,2750,2740,TRUE,19,0.2454,6935,576,3,0.9648,casual,neutrals,winter,0.42,like_new,,facebook_marketplace
d8f5fb85-0855-452f-9e0b-3f828b71eb59,,blazer,24-01-2026,5765,4850,4730,TRUE,2,0.8205,6249,548,7,0.9257,casual,neutrals,all_season,0.4,good,,facebook_marketplace
de1059d7-cdf9-4742-92df-e4a3c1516141,,blouse,17-10-2025,7880,3010,2690,TRUE,72,0.3414,4542,441,7,0.7387,ethnic,prints,festive,0.8625,poor,,facebook_marketplace
5d718401-c0eb-443d-a7f3-df03e05001fe,,blazer,07-01-2026,9020,4800,,FALSE,,,467,9,2,0.0152,officewear,darks,all_season,0.45,like_new,,facebook_marketplace
e9814da8-f38a-4bd7-911b-856b467917c0,,anarkali,31-08-2025,5545,3600,,FALSE,,,248,33,0,0.0568,fusion,neutrals,festive,0.92,good,,facebook_marketplace
d16453ce-9eff-40aa-855c-e7b8f24489cb,3a6f071c-9c71-413a-9e29-1f7a619a0ffa,dress,19-01-2026,5980,4740,4070,TRUE,114,0.6806,3897,220,4,0.4007,officewear,metallics,all_season,0.45,poor,0.33,facebook_marketplace
d5f4a7f4-2f12-4296-a70a-ed066c1a51cd,d92923f2-c771-44b8-bb87-5dc67991d536,dress,22-05-2026,5980,5310,4860,TRUE,89,0.8127,272,343,11,0.6248,minimal,neutrals,all_season,0.55,like_new,0.77,facebook_marketplace
73ca5ff3-fb9d-43ec-b916-988d83448102,,kurta,19-08-2025,7060,2610,,FALSE,,,22,41,3,0.0686,"ethnic,bridal",brights,festive,0.92,like_new,,facebook_marketplace
6d03a8c6-2dfa-4118-946f-4182e233af28,,formal_shirt,09-11-2025,5820,4790,4620,TRUE,113,0.7938,3960,236,6,0.4041,formal,pastels,all_season,0.45,like_new,,facebook_marketplace
f35d135d-b78a-4aa6-bdeb-70e3c4a7a593,,other,16-08-2025,3160,1850,1850,TRUE,56,0.5854,1472,232,11,0.3873,casual,pastels,all_season,0.4,good,,facebook_marketplace
b41ddb3c-8d85-44d0-9d61-feeb24b1897d,,jeans,12-05-2026,12120,2380,,FALSE,,,500,43,0,0.0719,streetwear,neutrals,all_season,0.65,poor,,facebook_marketplace
eff86d92-4009-4c82-9c7f-0b99c9dfb419,7bf92d81-9af3-4b6f-bffa-a2215f47cbe2,lehenga,08-10-2025,9470,2080,,FALSE,,,43,42,3,0.0704,ethnic,darks,festive,0.8625,new_with_tags,0.92,facebook_marketplace
85487fdc-516c-4476-b72d-e4b7e13a5592,,trousers,24-10-2025,5970,4250,3760,TRUE,50,0.6298,6638,40,6,0.0679,formal,neutrals,all_season,0.45,like_new,,facebook_marketplace
cc5ffc3b-5f39-4b77-bc63-a34491c56c42,12082c53-787e-433f-a1dc-957a991d72cd,blazer,21-10-2025,5765,4770,,FALSE,,,69,9,3,0.0152,formal,prints,all_season,0.45,new_with_tags,0.91,facebook_marketplace
68ccc596-65c6-4ce0-bf14-b489db061fa5,5d2baec1-6247-4e0d-b8da-16976016f3c5,formal_shirt,22-12-2025,5820,2410,,FALSE,,,93,28,2,0.0479,formal,neutrals,all_season,0.45,good,0.64,facebook_marketplace
cd0180f5-c9b8-4540-95fe-46b545c9b58c,,saree,14-11-2025,14100,3710,,FALSE,,,309,24,1,0.04,"ethnic,bridal",brights,festive,0.92,poor,,facebook_marketplace
e5d6ee31-e837-42e7-a178-ddf25b4d8c7a,,jeans,09-10-2025,2480,690,,FALSE,,,281,12,3,0.0201,casual,prints,all_season,0.4,poor,,facebook_marketplace
cae083b1-cdaa-4073-8269-9dc287cfe6c7,,other,01-04-2026,3160,400,,FALSE,,,10,21,3,0.0351,casual,brights,all_season,0.4,good,,facebook_marketplace
23fa837f-5505-4150-85ea-893ef2ba002e,,lehenga,21-07-2025,16440,5850,,FALSE,,,485,24,3,0.0402,"ethnic,bridal",brights,festive,0.92,fair,,facebook_marketplace
7fa1abc4-d40e-4666-9973-c03a14ae424b,ba2b6ac8-22b2-4619-ac14-ca839867be10,jeans,25-03-2026,2740,550,,FALSE,,,259,16,0,0.0268,streetwear,neutrals,all_season,0.65,poor,0.23,facebook_marketplace
da1b19b2-602a-4588-b6b7-0a9ec9b5eb1a,b944fca7-369b-47ce-b06d-918538a3c6f9,other,23-10-2025,3160,2400,,FALSE,,,364,30,0,0.0501,casual,brights,all_season,0.4,like_new,0.79,facebook_marketplace
3a20a794-cb7d-4981-8851-7b78a04c6c7d,6b6b0568-eb0a-4bc0-ada9-0a43c3d18fea,coat,20-07-2025,9620,3080,2970,TRUE,16,0.3087,3525,60,5,0.1051,casual,prints,winter,0.42,good,0.69,facebook_marketplace
d0730593-6342-48f9-810d-86a9ad10cb32,653ec41c-c379-4c76-973c-37c98e4827b7,saree,20-08-2025,18080,14500,,FALSE,,,287,2,0,0.0033,bridal,brights,festive,0.9775,new_with_tags,0.97,facebook_marketplace
d5dbe06d-3015-47b0-af25-973398f1a024,af1d2fec-dc0e-49c4-a3ea-20dda97b1e22,formal_shirt,06-03-2026,5820,3430,,FALSE,,,430,21,3,0.036,formal,metallics,all_season,0.45,good,0.57,facebook_marketplace
f7d76051-dc4b-4b99-9dd3-ca4d62520078,b3ff336b-63b8-4fd1-81c9-c4013cb8bec5,tshirt,16-06-2025,2520,2460,,FALSE,,,64,13,2,0.0217,streetwear,prints,all_season,0.65,fair,0.39,facebook_marketplace
d59434e9-659f-4bce-88ff-b9ee25297627,08814324-c3ce-4628-bd98-dbb4633108a0,shirt,22-11-2025,1030,380,340,TRUE,117,0.3301,2091,176,5,0.2958,minimal,neutrals,all_season,0.55,fair,0.37,facebook_marketplace
70a8532d-65c5-4b4f-b243-ecc5ac8444b6,9c47e0f4-cce2-4a3f-9b28-af53a5fbca43,saree,08-10-2025,43530,36600,35400,TRUE,23,0.8132,5152,214,12,0.3567,bridal,brights,festive,0.9775,new_with_tags,0.93,facebook_marketplace
312eab37-e44c-45f6-b705-60fa4ae642f2,04eb2476-a944-49eb-a583-10a559e5a2f3,tshirt,03-07-2025,3680,1860,1670,TRUE,3,0.4538,4477,69,11,0.1152,streetwear,pastels,all_season,0.65,like_new,0.83,facebook_marketplace
e3e0321c-04f9-4fbf-9aa6-de5ccc474658,,other,29-08-2025,9300,2480,,FALSE,,,301,29,1,0.0484,casual,metallics,all_season,0.4,poor,,facebook_marketplace
ee2ae301-2c60-4f4f-ac7f-d569205ed565,dbebe51f-f13f-49df-9031-d547b80916e3,shirt,08-11-2025,2670,2660,2500,TRUE,88,0.9363,6253,274,13,0.4605,streetwear,prints,all_season,0.65,poor,0.31,facebook_marketplace
8f07ade7-f17f-4370-8bcf-d2a95e439350,1ad9896d-2c29-4e01-96c0-b8647d9180c3,saree,05-06-2025,14100,14100,13420,TRUE,118,0.9518,7901,84,15,0.14,bridal,neutrals,festive,0.9775,good,0.72,facebook_marketplace
a27244ab-6bbf-4f15-9204-9635e38d208a,a4708007-e2f4-4c0c-8ed7-c89b2d3a3553,shorts,03-09-2025,6690,1560,1370,TRUE,10,0.2048,142,420,1,0.7,"athleisure,casual",brights,summer,0.5225,poor,0.33,facebook_marketplace
f823d2a0-e6da-44e2-9dfe-3494fbc7cca9,,saree,17-05-2026,14100,1080,1000,TRUE,25,0.0709,2563,452,7,0.7533,ethnic,darks,festive,0.8625,new_with_tags,,facebook_marketplace
c21a7dbf-8d5a-4ee0-821e-86d7555e00cc,,dress,05-02-2026,5980,4840,4160,TRUE,98,0.6957,2744,480,11,0.8743,formal,prints,all_season,0.45,like_new,,facebook_marketplace
5750522f-98d1-410a-b052-0bbf2f919e71,d6a96e76-ced0-4c75-9b67-ab95702cb190,dupatta,10-09-2025,6070,4020,,FALSE,,,215,5,2,0.0083,ethnic,pastels,festive,0.8625,good,0.64,facebook_marketplace
4cb1e14a-d26d-4b63-a622-fd7946ae8ac4,bed3a363-1693-4792-a591-fe7c07d492d7,formal_shirt,12-05-2026,5820,2770,2370,TRUE,75,0.4072,5159,553,10,0.9469,formal,prints,all_season,0.45,fair,0.46,facebook_marketplace
387399e0-92f1-4c9d-8022-df32501a5f08,a90f4ee1-0e36-4462-95d7-3e94fa479b38,kurta,19-11-2025,7060,4580,,FALSE,,,177,35,1,0.0585,casual,prints,all_season,0.4,like_new,0.77,facebook_marketplace
577033a0-d20a-494d-9915-ff92345b848c,9ce1c41a-81fa-40ac-9179-0933105fcf85,tshirt,17-03-2026,1990,1210,1040,TRUE,120,0.5226,5664,87,2,0.1452,casual,neutrals,all_season,0.4,like_new,0.86,facebook_marketplace
11a5b8c7-59ad-4739-a166-c1edfa8bde35,4d208292-9f82-4a37-a171-cc2497449d3b,saree,06-01-2026,14100,14100,,FALSE,,,300,26,3,0.0433,"ethnic,bridal",neutrals,festive,0.92,fair,0.45,facebook_marketplace
fbad854b-95c2-4826-a45a-6c2b13678005,,skirt,16-09-2025,2985,360,350,TRUE,11,0.1173,6654,276,3,0.46,fusion,brights,all_season,0.8,good,,facebook_marketplace
091012f2-af81-49bc-a916-d142e15b7e15,61088540-0ee6-447b-8345-6fd33b31b63f,trousers,14-07-2025,5970,4290,3940,TRUE,64,0.66,2245,200,1,0.3396,casual,darks,all_season,0.4,fair,0.35,facebook_marketplace
413942d1-1f48-4b68-be3d-00d421e98748,,kurta,07-12-2025,7060,1020,,FALSE,,,253,28,3,0.0468,ethnic,neutrals,all_season,0.75,new_with_tags,,facebook_marketplace
da26877d-7911-4417-8b4a-cdf5c4981b82,f67c0b2e-a126-4e69-a9b5-ba4c7f88b5bd,activewear,23-02-2026,4900,1870,,FALSE,,,92,16,3,0.0268,casual,metallics,all_season,0.4,poor,0.16,facebook_marketplace
6b6283e0-47fc-4910-9092-3151325f7f8d,,other,24-03-2026,3160,2070,,FALSE,,,460,22,3,0.0367,casual,brights,all_season,0.4,fair,,facebook_marketplace
697cfc8c-e54a-484e-976e-572aa748da5c,,kurta,18-07-2025,7060,6240,,FALSE,,,339,39,3,0.0652,ethnic,brights,all_season,0.75,good,,facebook_marketplace
e2526fe3-207e-4a9a-976e-359ce57be1d2,,blazer,12-07-2025,5765,1200,,FALSE,,,465,37,3,0.0625,casual,metallics,all_season,0.4,fair,,facebook_marketplace
6bd28711-fc55-4e66-9cad-c99816bb9ee8,,tshirt,11-01-2026,1300,630,590,TRUE,115,0.4538,2131,562,8,0.9382,athleisure,brights,all_season,0.7,good,,facebook_marketplace
f646bcfb-9c14-45a9-9dae-32fc75aa0ed2,,activewear,18-04-2026,4900,3260,,FALSE,,,478,13,0,0.0218,casual,brights,all_season,0.4,like_new,,facebook_marketplace
6450ab96-da6a-42e5-a447-8924a39a57e8,,shirt,10-06-2025,2670,470,450,TRUE,59,0.1685,3380,45,1,0.0756,casual,neutrals,all_season,0.4,new_with_tags,,facebook_marketplace
74f6f4fa-f0c4-4ffc-a2c2-f4eccec48f31,77a685cc-1abc-4d7b-a85d-53af874961f4,other,23-07-2025,2830,1560,,FALSE,,,385,12,1,0.02,casual,brights,all_season,0.4,good,0.61,facebook_marketplace
93410214-c68a-41fd-abdc-8537f14da6ea,7a1d5e81-f8fa-4faa-ab3a-7efa4393272f,lehenga,13-12-2025,9470,9400,,FALSE,,,38,32,1,0.0536,"ethnic,bridal",neutrals,festive,0.92,like_new,0.83,facebook_marketplace
1941c747-ac42-45e8-b5a6-50ddf89c1b76,7ad52ebf-0d9b-4c91-b00e-b0d6ca87c2c5,shirt,13-01-2026,2670,2670,,FALSE,,,240,34,0,0.0571,casual,metallics,all_season,0.4,good,0.65,facebook_marketplace
b9d569b7-da0d-47b2-83d0-6cdaf7c17144,,other,28-12-2025,3160,2390,,FALSE,,,317,7,3,0.0117,casual,brights,all_season,0.4,poor,,facebook_marketplace
e4b6658e-8518-4909-8063-749219c947a9,beb94892-320c-4de6-b8d6-c956c2af767f,kurta,22-03-2026,7060,2060,1950,TRUE,95,0.2762,6479,344,2,0.5753,ethnic,neutrals,all_season,0.75,poor,0.23,facebook_marketplace
d8c1cafe-46e3-4817-b43b-409cdab4578f,,kurta,17-06-2025,4870,2930,,FALSE,,,358,34,1,0.0569,ethnic,darks,all_season,0.75,like_new,,facebook_marketplace
92a96827-6ed6-4ed0-afb2-4ff5891be2b6,,sweater,14-09-2025,6360,3560,,FALSE,,,72,40,3,0.067,casual,metallics,winter,0.42,good,,facebook_marketplace
7cb93e8a-42ab-4408-82b6-2abd6c05225d,9be67929-5618-4f25-9c2a-6d875e077fb1,jacket,13-07-2025,8050,7920,7380,TRUE,63,0.9168,7782,162,12,0.27,streetwear,pastels,all_season,0.65,like_new,0.83,facebook_marketplace
bad83d77-7767-4da7-952a-01884eca7750,,skirt,19-11-2025,2985,460,,FALSE,,,170,41,3,0.0683,fusion,brights,all_season,0.8,fair,,facebook_marketplace
e59514f1-e17c-4bc7-8def-ec3d1399e880,,other,18-07-2025,3160,980,,FALSE,,,494,2,1,0.0033,casual,brights,all_season,0.4,like_new,,facebook_marketplace
81b55d06-9f82-4045-844b-f11a2f0bf36b,ee2dbdd4-7620-4f09-b6e0-9bb1cd2df048,jeans,23-02-2026,2480,1180,1150,TRUE,27,0.4637,5104,320,10,0.5351,casual,metallics,all_season,0.4,like_new,0.86,facebook_marketplace
8fd5aa0c-a874-4448-9c2d-d0f40ff45104,,other,04-10-2025,3160,940,830,TRUE,116,0.2627,5923,326,12,0.5442,casual,darks,all_season,0.4,good,,facebook_marketplace
43adb460-0310-4523-8911-31740c017310,e5f1c313-73ce-4d3c-8f10-122f4f73bc14,blazer,09-11-2025,5765,2960,2790,TRUE,51,0.484,4607,316,5,0.5338,casual,darks,all_season,0.4,good,0.63,facebook_marketplace
041c92fc-cf07-4426-a4bf-38cc17cc3600,,shirt,08-03-2026,2670,1860,1670,TRUE,109,0.6255,2428,538,14,0.9042,streetwear,metallics,all_season,0.65,good,,facebook_marketplace
dc3bd119-2678-42a3-b7ee-5965cd99277d,9a822a04-3df5-4228-bdc2-fded06ec94db,shirt,05-02-2026,21900,2730,,FALSE,,,389,26,2,0.0437,minimal,pastels,all_season,0.55,poor,0.34,facebook_marketplace
9f088c73-b898-4680-b85b-1ea2dd35c3c6,e5eed99f-f739-4153-b147-935179c1bb9d,jacket,05-10-2025,8050,6020,5160,TRUE,72,0.641,862,371,9,0.6183,casual,pastels,winter,0.42,new_with_tags,0.95,facebook_marketplace
418cf0f4-473b-48f5-b469-a09aba84c40d,,shorts,19-09-2025,2690,1480,,FALSE,,,482,7,0,0.0117,athleisure,brights,summer,0.665,good,,facebook_marketplace
073351b2-1a83-4873-9dc3-2e5d12720009,d0bf2084-92ef-4743-b2cd-42df40e1a160,tshirt,25-04-2026,2520,1650,1430,TRUE,67,0.5675,5397,78,12,0.1302,athleisure,prints,all_season,0.7,good,0.56,facebook_marketplace
c2311ff3-fd41-42b2-901c-47cba9688c95,,other,06-01-2026,490,410,400,TRUE,77,0.8163,151,319,8,0.5326,casual,metallics,all_season,0.4,new_with_tags,,facebook_marketplace
0ff0a947-b3a1-4eb8-bbe2-908f8c377399,bfef8fbe-ae95-4fff-be2b-9a1fa620b3f1,jeans,11-11-2025,2860,1730,,FALSE,,,184,42,3,0.0702,casual,neutrals,all_season,0.4,like_new,0.81,facebook_marketplace
bf5d29b7-41a5-497e-9f2f-a172bd1c9c5c,,jeans,14-04-2026,2480,2420,,FALSE,,,176,22,3,0.0368,streetwear,brights,all_season,0.65,like_new,,facebook_marketplace
00b12672-2de8-43d6-a213-0c4f99e37d46,,other,14-04-2026,3160,2660,2280,TRUE,23,0.7215,2083,94,7,0.1569,casual,neutrals,all_season,0.4,fair,,facebook_marketplace
f1be35d8-db43-4765-9b0c-17b392edb1f7,e6cd5cbc-d067-4d83-bd4c-e05830bbb873,other,22-12-2025,3160,2800,,FALSE,,,50,17,1,0.0284,casual,darks,all_season,0.4,fair,0.5,facebook_marketplace
3300a196-6644-46aa-8ee0-629c37c247d8,,dupatta,15-11-2025,6070,4870,4160,TRUE,113,0.6853,4238,432,10,0.7212,ethnic,prints,festive,0.8625,fair,,facebook_marketplace
f69336f2-1267-48fa-ad7b-21f0fe76720c,,lehenga,21-07-2025,9470,5610,,FALSE,,,133,37,2,0.062,"ethnic,bridal",pastels,festive,0.92,fair,,facebook_marketplace
17c8fad7-f298-4c87-89cb-9ed830266276,,activewear,07-01-2026,4220,1810,1800,TRUE,55,0.4265,5078,355,10,0.5956,casual,pastels,all_season,0.4,fair,,facebook_marketplace
8edae794-8bc6-4895-a014-a4726d753a3a,dc1aa377-c665-4da6-bee8-5a16b9b7afaf,other,10-02-2026,3160,410,,FALSE,,,406,30,1,0.0501,casual,pastels,all_season,0.4,like_new,0.77,facebook_marketplace
00f6dfb8-c5e7-44cb-b021-67bef254ec16,,shorts,16-08-2025,2690,700,700,TRUE,65,0.2602,2186,448,2,0.7467,athleisure,prints,summer,0.665,poor,,facebook_marketplace
1d9eab94-90d2-4d3b-9acf-3117d264cf1a,,kurta,08-06-2025,7060,5030,,FALSE,,,251,34,2,0.0569,ethnic,brights,all_season,0.75,like_new,,facebook_marketplace
e9afff16-dcf2-4faa-ac92-dc2390864997,12bc727c-ef31-47fb-b306-86d5597e3f68,jacket,22-04-2026,2440,1480,,FALSE,,,41,36,0,0.06,casual,neutrals,winter,0.42,like_new,0.78,facebook_marketplace
49edd58d-c0d5-4873-a28a-e510dab5751d,3fad0513-d44e-4bc2-a9ad-641ec324c39e,other,18-01-2026,3210,2760,,FALSE,,,407,38,3,0.0634,casual,pastels,all_season,0.4,new_with_tags,0.94,facebook_marketplace
00a6507b-6530-4dc9-b8a2-65366d1d8319,,blouse,03-01-2026,3450,1090,,FALSE,,,291,29,2,0.0486,ethnic,metallics,festive,0.8625,fair,,facebook_marketplace
994a4fde-3070-4c15-ac43-42bf4c692b33,,coat,24-03-2026,8160,3350,,FALSE,,,343,1,0,0.0018,casual,prints,winter,0.42,good,,facebook_marketplace
2db2956e-fcce-478a-9acf-0436e45f93b1,,jeans,24-02-2026,2380,650,,FALSE,,,446,24,3,0.0401,minimal,brights,all_season,0.55,fair,,facebook_marketplace
12c47809-33b0-41c0-afae-5fc15b323d5a,74640c1c-3703-41ba-9e7b-29f874c37f76,jacket,30-10-2025,9650,7330,,FALSE,,,159,3,3,0.005,casual,darks,all_season,0.4,new_with_tags,0.91,facebook_marketplace
05de449d-c036-43d1-b41a-597674e5178c,f8a313b7-4087-413b-bbc4-b9f55c7c00cb,skirt,04-10-2025,3040,1830,,FALSE,,,93,31,1,0.0517,casual,brights,all_season,0.4,like_new,0.82,facebook_marketplace
4bf71aeb-f8ec-45ed-8951-c09ef2726172,,other,20-06-2025,3160,420,,FALSE,,,148,20,3,0.0334,casual,pastels,all_season,0.4,new_with_tags,,facebook_marketplace
31eb195a-87c9-493e-80d8-53700dddf441,2aedfe4d-2a8c-4909-a853-3d59fda79d36,jacket,26-03-2026,19990,6270,,FALSE,,,13,12,1,0.02,casual,pastels,winter,0.42,fair,0.38,facebook_marketplace
aa4fc0d8-8ba0-4357-af7e-99f7efd77717,,jeans,17-10-2025,2480,1320,1240,TRUE,67,0.5,234,436,6,0.7291,streetwear,prints,all_season,0.65,good,,facebook_marketplace
05b58baf-c4a6-4ec1-a900-eaad23f532c5,,activewear,21-04-2026,4900,2170,,FALSE,,,172,7,1,0.0117,casual,brights,all_season,0.4,like_new,,facebook_marketplace
324f0830-88a7-449e-af2a-a69a71ab0073,27e589bc-a62b-4243-838a-67cbcdc101b7,anarkali,14-12-2025,5545,980,,FALSE,,,423,26,1,0.0448,bridal,prints,festive,0.9775,good,0.61,facebook_marketplace
383f50e1-cda5-4a3e-8625-bc77b738c4d7,56200ac8-52be-4c99-b143-b72899ca0b5e,shorts,07-02-2026,4290,2020,1940,TRUE,46,0.4522,185,196,5,0.3267,"athleisure,casual",pastels,summer,0.5225,good,0.61,facebook_marketplace
81aa3536-5167-4727-acd0-dcfbb3bec456,cca0909b-1850-4105-b59f-872cea42ddcf,shirt,23-02-2026,4230,2470,2440,TRUE,7,0.5768,205,110,12,0.1849,minimal,brights,all_season,0.55,good,0.69,facebook_marketplace
66cebe34-67c0-458a-aa57-77d6c75eeb0a,,tshirt,22-04-2026,2520,2040,1840,TRUE,76,0.7302,7335,389,5,0.6494,"casual,minimal",neutrals,all_season,0.475,like_new,,facebook_marketplace
dc2ea114-d2a5-414f-a658-d4f8d83e0479,87b45550-72ae-49ec-9cbe-4cb0eda577c0,kurta,26-07-2025,7060,1370,1210,TRUE,87,0.1714,2784,269,12,0.4498,ethnic,metallics,all_season,0.75,poor,0.32,facebook_marketplace
a21187c6-ea73-466f-92ae-78b048f1a403,3c81143a-a55a-4336-9c1f-b87ca9e7419f,formal_shirt,24-12-2025,5820,4040,,FALSE,,,207,38,1,0.0651,formal,prints,all_season,0.45,new_with_tags,0.92,facebook_marketplace
d4fc1d4d-a533-4b2c-8eb1-5a0e15bdc0f3,c5052c99-5156-47f6-927a-120ad9f02e42,saree,29-03-2026,14100,3520,,FALSE,,,357,45,0,0.075,ethnic,pastels,festive,0.8625,good,0.59,facebook_marketplace
df5fb543-703f-4a45-812d-b72a5b649ece,45d9c417-ae5d-462d-98dd-e3a1fee4e021,blazer,14-03-2026,5765,4580,,FALSE,,,164,20,0,0.0338,formal,brights,all_season,0.45,fair,0.38,facebook_marketplace
1c52978b-a509-430b-bc5f-fd3505fed9a5,,kurta,29-06-2025,10660,6390,,FALSE,,,34,23,2,0.0385,casual,metallics,festive,0.46,good,,facebook_marketplace
00b133db-e29b-4852-839f-143c09a2dd48,,lehenga,16-05-2026,80030,14600,13280,TRUE,94,0.1659,1327,248,9,0.4154,bridal,prints,festive,0.9775,poor,,facebook_marketplace
447b8583-351f-42a8-9f2d-244929ca7cb8,09ac068a-0c98-47e3-9f03-30e7762642d2,kurta,09-11-2025,10310,4630,,FALSE,,,254,0,2,0,casual,pastels,all_season,0.4,fair,0.36,facebook_marketplace
785a4e11-f4d5-4cc3-b9d3-4ceb9345b0cf,,saree,27-07-2025,14100,14100,,FALSE,,,494,12,0,0.02,bridal,darks,festive,0.9775,fair,,facebook_marketplace
1a88f0d5-87f1-4855-89b0-b0c6f0e9fe11,,sweater,02-03-2026,11165,2200,,FALSE,,,295,32,2,0.0536,casual,metallics,winter,0.42,like_new,,facebook_marketplace
65545332-b1fd-4eca-bcd4-6edacef00694,,jeans,12-12-2025,2480,520,,FALSE,,,6,19,1,0.0318,casual,darks,all_season,0.4,fair,,facebook_marketplace
9abf8702-786e-47cd-b0ee-f64dae6957cc,81a69a0d-f7b3-49a0-8bc4-f997597c2eb8,kurta,05-07-2025,3980,2020,1770,TRUE,76,0.4447,5094,163,6,0.2726,ethnic,brights,all_season,0.75,like_new,0.85,facebook_marketplace
f6c8892e-4f48-45c7-9f36-8c7a4bbf4de5,,tshirt,04-08-2025,2520,1650,,FALSE,,,81,25,1,0.0417,casual,prints,all_season,0.4,poor,,facebook_marketplace
6f213769-f431-44b8-9217-eb8de43f5c44,d325385e-a694-494e-8015-26f2839ec21b,activewear,23-01-2026,4900,2520,2180,TRUE,115,0.4449,3863,67,15,0.1124,athleisure,darks,all_season,0.7,poor,0.32,facebook_marketplace
a4dcd565-2467-44fc-b70d-56e9730378a1,f9402048-62d3-4ffb-b167-900e4dd1440d,sweater,22-08-2025,11165,2510,,FALSE,,,380,1,2,0.0017,casual,brights,winter,0.42,new_with_tags,0.99,facebook_marketplace
b3e80de5-4776-447e-adf1-61417d9fd169,,anarkali,24-10-2025,4350,1110,1070,TRUE,82,0.246,4035,121,11,0.2083,ethnic,pastels,festive,0.8625,poor,,facebook_marketplace
ffe6832f-8725-45f5-8a98-be792ade407d,,activewear,20-06-2025,4900,1010,1000,TRUE,114,0.2041,976,218,1,0.3658,athleisure,darks,all_season,0.7,like_new,,facebook_marketplace
9e837015-aabe-4f09-b35c-802b177e60f4,,activewear,28-08-2025,4900,2000,,FALSE,,,71,13,1,0.0218,casual,prints,all_season,0.4,poor,,facebook_marketplace
b93eb4c3-344e-4f9b-bf0e-9b608379ee66,,formal_shirt,28-08-2025,5820,5450,,FALSE,,,13,28,0,0.0479,formal,brights,all_season,0.45,good,,facebook_marketplace
c833bb1d-43d3-4adc-b903-2c5e662e6e2f,7ffd7fb5-d91d-49af-94df-18b8fb09a3d8,blouse,10-06-2025,7880,4510,,FALSE,,,73,38,0,0.0637,ethnic,prints,festive,0.8625,good,0.56,facebook_marketplace
e4a5cff7-3caf-4eb3-a53c-8e8f13633bf2,,other,01-09-2025,3160,1460,,FALSE,,,386,43,2,0.0718,casual,brights,all_season,0.4,like_new,,facebook_marketplace
87332f60-f903-4ba1-9c74-f84478afd1a4,e9ebbc2e-e4a6-4038-8330-5a83fb321ce1,anarkali,06-10-2025,5545,4430,,FALSE,,,75,23,3,0.0396,"ethnic,bridal",darks,festive,0.92,fair,0.49,facebook_marketplace
3151b7ce-f8bb-4136-adf6-14ce86a3f900,362e547d-274c-4d13-bcb0-fe29fcc52ea6,lehenga,24-03-2026,9470,5110,,FALSE,,,53,9,1,0.0151,ethnic,neutrals,festive,0.8625,good,0.69,facebook_marketplace
4aa9688a-7b32-42ab-a3cf-6ab677224f33,20e02db1-2403-4ccd-8f78-373cc03ba90c,shirt,18-12-2025,4990,1460,,FALSE,,,47,18,0,0.0303,minimal,metallics,all_season,0.55,poor,0.34,facebook_marketplace
f73f8df3-2bf8-4773-80dd-d57a804a8819,,activewear,29-08-2025,5680,3020,,FALSE,,,78,41,2,0.0688,casual,prints,all_season,0.4,good,,facebook_marketplace
b5c90cd0-f5a6-4a13-8abb-c467189b97b8,61a16cc9-531f-4985-9089-1ecce450eaa5,dress,27-08-2025,5980,1670,,FALSE,,,381,1,1,0.0018,officewear,neutrals,all_season,0.45,fair,0.48,facebook_marketplace
cce6872e-e7e9-4bd2-989a-6f850ebdda99,,other,09-04-2026,3160,360,,FALSE,,,89,41,2,0.0684,casual,brights,all_season,0.4,good,,facebook_marketplace
59a4b97c-c76d-46a8-8697-faed7143e9df,42e43da0-7a11-43b8-8e7c-0031ee6571b0,activewear,26-09-2025,4900,810,790,TRUE,46,0.1612,4273,293,9,0.4916,athleisure,metallics,all_season,0.7,like_new,0.83,facebook_marketplace
98d526e2-6df8-4e67-84da-44f5025504bb,,jeans,08-08-2025,2480,2170,2120,TRUE,108,0.8548,7097,26,3,0.0435,streetwear,darks,all_season,0.65,new_with_tags,,facebook_marketplace
d6a73760-d8af-4ce3-b7c7-bb073643a84d,,coat,20-08-2025,9620,4120,,FALSE,,,499,12,2,0.021,casual,prints,winter,0.42,poor,,facebook_marketplace
d698673f-c9c9-4124-bac0-8ff7a7f446d4,,sweater,14-01-2026,3380,2440,,FALSE,,,343,10,0,0.0168,casual,brights,winter,0.42,new_with_tags,,facebook_marketplace
90e7d335-e661-4900-ac27-730f41117226,,blazer,16-03-2026,3930,3230,3080,TRUE,100,0.7837,4558,69,7,0.1166,formal,brights,all_season,0.45,new_with_tags,,facebook_marketplace
a5d5e640-5fe6-4c55-b2a1-d471306ef8ae,ae72fda8-f459-4f5d-908a-2bcc0dc53211,jacket,24-11-2025,8050,1610,,FALSE,,,457,37,1,0.0617,casual,darks,winter,0.42,like_new,0.87,facebook_marketplace
27ba5cfe-d1e9-4004-a3eb-30a6cc5ee468,,kurta,02-01-2026,7060,6380,,FALSE,,,493,38,3,0.0635,casual,pastels,all_season,0.4,good,,facebook_marketplace
b3068322-d8d0-4f0e-9f67-4a1ada3e606a,626d9512-319e-4f15-a642-8d4c6b64311b,kurta,25-05-2026,7060,4110,,FALSE,,,84,4,3,0.0067,casual,brights,festive,0.46,good,0.65,facebook_marketplace
d4c792c3-b1fc-4712-8f7e-b751ad59b550,02323a62-d189-4995-80cb-0ef03138810b,sweater,11-06-2025,11165,6020,5810,TRUE,15,0.5204,2782,542,14,0.9079,casual,pastels,winter,0.42,poor,0.29,facebook_marketplace
31ff9f17-fdbd-46b0-a6c8-7b048c6315cd,0679f927-133c-4bbc-a257-aa8dd2facd3d,saree,26-11-2025,8510,5530,,FALSE,,,376,12,3,0.02,ethnic,metallics,festive,0.8625,like_new,0.85,facebook_marketplace
09f713f4-4504-459c-846e-e58c847c8840,ca6a7706-0b70-4585-8e6e-33f7a08d9a44,trousers,01-04-2026,5970,5170,,FALSE,,,377,41,1,0.0696,minimal,darks,all_season,0.55,new_with_tags,0.96,facebook_marketplace
de84990f-e33d-47f4-a3a7-6446d60dc984,,jacket,08-07-2025,8050,8050,,FALSE,,,205,6,2,0.01,athleisure,pastels,all_season,0.7,poor,,facebook_marketplace
d91c8f02-445b-4341-89db-da96c35863e3,5ce06a68-7864-4cce-b974-4aa56439a07d,activewear,27-01-2026,4900,2500,2290,TRUE,77,0.4673,1559,18,1,0.0302,athleisure,pastels,all_season,0.7,new_with_tags,0.91,facebook_marketplace
972c3893-b39d-40dc-aa40-8993c3decb40,,jacket,24-07-2025,8050,2020,,FALSE,,,76,12,3,0.02,casual,prints,winter,0.42,new_with_tags,,facebook_marketplace
41a2ad81-61c7-4c6d-81ee-4edf88f3d90c,,kurta,24-06-2025,7060,3520,3110,TRUE,44,0.4405,462,443,2,0.7408,fusion,neutrals,all_season,0.8,like_new,,facebook_marketplace
c0965b48-895b-408a-b9f0-5463d5d87e7d,,saree,23-12-2025,14100,5100,,FALSE,,,411,4,0,0.0067,ethnic,brights,festive,0.8625,new_with_tags,,facebook_marketplace
e4cbb39c-48b1-490e-9e06-8b4d4ffc9bdd,a2651e96-b3e5-4f13-a33f-ae4d1db9a56e,coat,23-11-2025,9620,6090,,FALSE,,,228,38,0,0.0665,casual,neutrals,winter,0.42,like_new,0.79,facebook_marketplace
434fe75f-ffe7-48b2-be9e-a0c2bfef93b5,5ba5de88-54fb-4240-a858-0bf384b7f87b,lehenga,16-12-2025,2840,2440,,FALSE,,,218,4,0,0.0067,ethnic,pastels,festive,0.8625,new_with_tags,0.92,facebook_marketplace
262f42d5-771e-4252-85d0-4431b2635937,6819476b-136a-416f-850b-0176e99a77eb,saree,16-09-2025,14100,5580,,FALSE,,,177,24,0,0.04,"ethnic,bridal",metallics,festive,0.92,new_with_tags,0.96,facebook_marketplace
da982db7-c893-43e8-bfb2-49fa3457b25a,e33efe90-e972-4e1f-a3f4-8537d0cd7019,dress,03-12-2025,5980,3290,2900,TRUE,85,0.4849,6651,490,3,0.8925,formal,metallics,all_season,0.45,poor,0.22,facebook_marketplace
3c61f3a6-8267-46de-9a26-cc4ed7652c28,,shirt,14-12-2025,2670,2460,,FALSE,,,233,8,2,0.0134,officewear,darks,all_season,0.45,fair,,facebook_marketplace
ec77b052-fbc3-4509-b0ae-fd18aadc56ee,b0dca731-6c54-4ce2-af68-ee4ee7fd1522,trousers,19-07-2025,5970,2790,,FALSE,,,384,5,1,0.0085,formal,brights,all_season,0.45,new_with_tags,0.98,facebook_marketplace
bec832a6-139c-427e-8a38-41749476c815,,lehenga,31-03-2026,9470,5570,,FALSE,,,341,41,2,0.0687,ethnic,prints,festive,0.8625,good,,facebook_marketplace
70061b3d-0ed2-4621-8ef3-a774205b2519,b7569e7a-54db-418c-9807-27275e925926,lehenga,18-06-2025,50620,34100,31570,TRUE,61,0.6237,7596,27,14,0.0452,bridal,brights,festive,0.9775,like_new,0.89,facebook_marketplace
a967d838-88a9-4e37-aeb9-3ff45c067544,,jeans,28-06-2025,2200,690,,FALSE,,,19,16,2,0.0268,minimal,prints,all_season,0.55,fair,,facebook_marketplace
01a52a80-f14c-4dd3-a619-fe3029c774c7,88f46ac7-6403-4dc9-a11f-b4c3e25e1da4,jacket,15-10-2025,8050,2760,,FALSE,,,246,9,1,0.015,casual,neutrals,winter,0.42,poor,0.33,facebook_marketplace
5b3a3b45-321f-4a4d-9243-d252c16fa0d9,,blouse,25-04-2026,7880,2830,2660,TRUE,54,0.3376,3668,507,7,0.8492,ethnic,brights,festive,0.8625,new_with_tags,,facebook_marketplace
f5859b56-42e0-4f71-a6fc-789a261d65f3,c878235e-252e-4ea9-bf83-e70e98b4b4af,blazer,26-02-2026,6640,4810,4400,TRUE,81,0.6627,7016,277,12,0.4679,formal,metallics,all_season,0.45,new_with_tags,0.95,facebook_marketplace
9957978a-14b0-4601-8deb-4d62d6180839,7c87a83d-7061-4ab4-beef-2a070e9c02e1,sweater,25-05-2026,11165,4480,,FALSE,,,322,45,0,0.0754,casual,neutrals,winter,0.42,new_with_tags,0.92,facebook_marketplace
3b8e9dbe-5a6a-4d69-b4e4-8a0490e156a2,d14e26cd-1da6-44c3-92aa-986a205839e2,other,08-03-2026,3160,1700,,FALSE,,,420,8,2,0.0134,casual,metallics,all_season,0.4,like_new,0.77,facebook_marketplace
c340dd1f-7e85-4fab-a7c3-33a9abf11801,780278ea-33cd-4d48-ac01-192fa30dfba4,saree,07-04-2026,14100,14100,,FALSE,,,239,9,0,0.015,ethnic,darks,festive,0.8625,like_new,0.81,facebook_marketplace
1d7d6db1-05a9-4135-ba84-27c370517245,d7a367d7-7c75-4cd3-9e23-5fb152de7e72,kurta,05-10-2025,3810,1940,,FALSE,,,337,42,2,0.0702,casual,brights,festive,0.46,good,0.72,facebook_marketplace
083c625d-c284-427f-9a43-d0eb5cd930b7,,lehenga,05-08-2025,117850,27000,,FALSE,,,471,10,2,0.0168,bridal,neutrals,festive,0.9775,poor,,facebook_marketplace
9caaa913-27c0-4b5d-aa72-010e6767414d,,shirt,29-11-2025,3000,1550,1480,TRUE,106,0.4933,5351,144,4,0.242,streetwear,brights,all_season,0.65,like_new,,facebook_marketplace
5992a360-eae9-43f1-b92d-32f6a90cd3bc,,trousers,28-04-2026,5970,3100,3050,TRUE,65,0.5109,4814,483,3,0.82,officewear,brights,all_season,0.45,like_new,,facebook_marketplace
65c096fd-6894-439e-94c1-cb2aadcd9d2e,,activewear,10-11-2025,7390,1930,1790,TRUE,28,0.2422,2932,428,4,0.7181,athleisure,pastels,all_season,0.7,poor,,facebook_marketplace
df311b42-a29e-4d2f-a88c-484b489725d8,,shorts,06-01-2026,2690,1040,910,TRUE,83,0.3383,3786,397,11,0.6617,"athleisure,casual",darks,summer,0.5225,poor,,facebook_marketplace
5682cb9b-b590-40f3-8993-ef7d20c99214,479957be-5008-402c-adc7-2cc7b0b0c9f6,shirt,09-09-2025,5110,2590,2480,TRUE,103,0.4853,2517,295,10,0.4958,casual,pastels,all_season,0.4,like_new,0.87,facebook_marketplace
04bded88-e48e-4bb9-a3fa-ac8e814c7bff,,jeans,03-02-2026,2270,1250,1200,TRUE,83,0.5286,5232,398,5,0.6656,"casual,streetwear",pastels,all_season,0.525,good,,facebook_marketplace
b9053fc0-854b-4b99-a114-6efd756f37ce,,dress,19-07-2025,5980,3370,2950,TRUE,28,0.4933,7896,391,13,0.7122,formal,darks,all_season,0.45,good,,facebook_marketplace
fa0d0c0b-33bb-47e0-b369-cc9d705abe2d,,trousers,07-12-2025,5970,4730,,FALSE,,,265,32,3,0.0543,formal,pastels,all_season,0.45,good,,facebook_marketplace
e4d143cb-9298-4ebf-aa73-dabdfb27df14,85cf3379-63ca-4fd7-91c6-21c4e997ef80,anarkali,30-11-2025,5545,4950,,FALSE,,,280,22,3,0.0379,ethnic,metallics,festive,0.8625,good,0.62,facebook_marketplace
dd1c4bcb-0667-4272-a622-d7f2b5693a67,e71efd85-bdd9-4d6d-838d-563929885f87,saree,10-08-2025,14100,5780,,FALSE,,,309,6,2,0.01,ethnic,brights,festive,0.8625,poor,0.17,facebook_marketplace
8a8eb8ed-b415-4de1-af52-7574edf42050,,activewear,23-06-2025,2170,940,,FALSE,,,284,39,0,0.0654,casual,metallics,all_season,0.4,good,,facebook_marketplace
9eb65ec5-9fe6-462b-9f4d-381b63b69e05,55e3d808-865d-4724-a8a3-7db218c517b7,jeans,28-06-2025,2480,1410,,FALSE,,,481,19,3,0.0318,casual,brights,all_season,0.4,fair,0.39,facebook_marketplace
215af2df-c3ce-4080-bd7d-184ce967a939,,dress,12-08-2025,5980,3560,,FALSE,,,306,13,3,0.0237,formal,prints,all_season,0.45,good,,facebook_marketplace
7083a6c5-79e6-4d54-9f0b-cd529dd61580,,shirt,29-12-2025,2670,1270,,FALSE,,,339,11,2,0.0185,casual,neutrals,all_season,0.4,good,,facebook_marketplace
8014d598-7c7d-4af4-b00d-5e3c244ca4f2,,trousers,08-03-2026,5970,5230,5050,TRUE,106,0.8459,3716,70,4,0.1188,casual,metallics,all_season,0.4,poor,,facebook_marketplace
a87b1e16-dfa0-4a54-b748-838d433d936f,,activewear,24-05-2026,4900,730,,FALSE,,,180,7,0,0.0117,casual,darks,all_season,0.4,good,,facebook_marketplace
317f8786-479e-4f73-9c60-1a6732f7ffa8,64f5ad84-4d82-4d8d-973d-b7bccf5c1919,formal_shirt,21-10-2025,5820,3410,,FALSE,,,370,4,2,0.0068,"officewear,formal",neutrals,all_season,0.45,good,0.74,facebook_marketplace
a689a411-29b4-4de5-a038-4811f95ec4ba,1cf6dacb-9fb9-43bd-a688-af148788f946,jacket,17-10-2025,8050,6910,,FALSE,,,130,34,3,0.0567,streetwear,metallics,all_season,0.65,like_new,0.89,facebook_marketplace
6a1e22ac-7d5a-41b9-92d2-0106bc469611,,shirt,23-09-2025,5120,1060,,FALSE,,,356,7,3,0.0118,officewear,darks,all_season,0.45,poor,,facebook_marketplace
ccf44ee7-8aa0-483a-a6f1-aeb133455284,,coat,13-05-2026,11370,6580,6200,TRUE,73,0.5453,4721,373,11,0.6532,casual,pastels,winter,0.42,good,,facebook_marketplace
5c45411d-12b6-4da6-a7cc-d724d0379c75,,tshirt,31-12-2025,2520,1600,,FALSE,,,410,39,0,0.0651,casual,metallics,all_season,0.4,new_with_tags,,facebook_marketplace
66a84d64-c054-4496-b4e0-55b4b3e8c49c,1e8f2348-4121-4b68-9f2f-f0d3f89e46ed,other,17-12-2025,3160,2570,,FALSE,,,481,19,2,0.0317,casual,pastels,all_season,0.4,like_new,0.88,facebook_marketplace
370ce93d-4d49-44b7-a36c-14e91cd9d3ea,956e0e3c-b0cc-492a-be6e-b6edee4ef1fd,lehenga,06-07-2025,9470,9470,8610,TRUE,64,0.9092,2614,112,12,0.1876,bridal,prints,festive,0.9775,like_new,0.8,facebook_marketplace
5f22a9b2-8f15-4e1f-a411-44e3ad38c27d,bf845f3a-e96f-4a6a-a3b8-34b8f348d2f2,formal_shirt,04-03-2026,5820,4450,,FALSE,,,185,43,1,0.0736,formal,metallics,all_season,0.45,new_with_tags,0.98,facebook_marketplace
519be01a-1cba-4c40-9fe2-5bdafc13a5b5,4ea7f621-7f73-4252-8c3e-dc86908bbe6f,other,07-06-2025,3160,410,,FALSE,,,78,9,2,0.015,casual,brights,all_season,0.4,like_new,0.76,facebook_marketplace
9cdc4ece-b704-4b31-aa13-44ab11279aaa,,blouse,20-03-2026,5920,5060,,FALSE,,,257,10,1,0.0168,"ethnic,bridal",darks,festive,0.92,new_with_tags,,facebook_marketplace
3763b395-5499-4e49-926b-93ad1d0cd034,,blazer,02-09-2025,5765,1800,,FALSE,,,106,10,1,0.0169,officewear,metallics,all_season,0.45,like_new,,facebook_marketplace
cc61a834-787c-4417-818c-8bde1b9271cd,,skirt,04-03-2026,2985,2240,,FALSE,,,169,24,3,0.04,boho,metallics,all_season,0.5,good,,facebook_marketplace
8e9adccf-933c-4b4e-97b6-2e2ecea9534b,1bdc27f7-cdd8-4e0e-aafb-8fbc82bd326c,blouse,04-08-2025,9780,5440,,FALSE,,,34,10,3,0.0168,ethnic,pastels,festive,0.8625,like_new,0.84,facebook_marketplace
686a96ac-fe15-4937-9b3c-b65260ce2819,,kurta,22-12-2025,7060,1690,,FALSE,,,326,2,2,0.0033,ethnic,brights,all_season,0.75,new_with_tags,,facebook_marketplace
53c6cc2c-4fab-4508-a3fe-f58502733aac,,other,03-09-2025,5100,1990,1760,TRUE,4,0.3451,3653,470,8,0.7846,casual,metallics,all_season,0.4,fair,,facebook_marketplace
241b9a7d-e13b-40b2-bfd9-1953af7c372f,4c1435c2-9695-48a7-8e28-df18802647ad,jeans,15-05-2026,2920,2340,,FALSE,,,279,9,3,0.0151,casual,brights,all_season,0.4,new_with_tags,0.97,facebook_marketplace
c08898b2-e0f5-4eab-8be3-7af80a62d743,181948b7-f8ff-41b8-a7df-537e0c833e75,other,14-06-2025,3160,2020,,FALSE,,,130,6,1,0.01,casual,pastels,all_season,0.4,fair,0.48,facebook_marketplace
a91c14a0-30c4-4f7a-a571-b690e4e96f8d,,kurta,30-01-2026,7060,2270,,FALSE,,,302,26,0,0.0435,casual,pastels,festive,0.46,new_with_tags,,facebook_marketplace
758221b7-6c01-494a-8c37-6435ba776791,28a22ca2-e7f3-41d0-9d45-e84526b3a755,saree,24-10-2025,14100,14100,,FALSE,,,396,11,2,0.0183,ethnic,pastels,festive,0.8625,good,0.7,facebook_marketplace
5355f084-f384-4cad-ad41-19f687662d8b,17145ad8-116d-42ee-849a-e7bb5db50fcb,jacket,08-06-2025,8050,8050,,FALSE,,,352,40,2,0.0667,casual,pastels,winter,0.42,good,0.72,facebook_marketplace
8748b3b4-36d5-4a84-988e-0ccac316c7df,,shorts,16-03-2026,2690,1400,1230,TRUE,43,0.4572,517,150,14,0.25,athleisure,prints,summer,0.665,like_new,,facebook_marketplace
f6328114-ebff-4dbf-83f7-89dcf27465ea,41ef0208-3e36-4eac-9e8f-d03f704a2459,trousers,06-09-2025,5970,3380,,FALSE,,,456,41,2,0.0696,officewear,prints,all_season,0.45,good,0.66,facebook_marketplace
4ba7bb3f-d6f2-4d42-942d-9f019a5f2f52,c79c5640-c3ff-4492-aa26-7990a7d79bcc,formal_shirt,04-08-2025,5190,2660,2500,TRUE,100,0.4817,4264,258,14,0.4418,formal,neutrals,all_season,0.45,like_new,0.8,facebook_marketplace
a6f70c99-948d-484a-9524-1048fc0921a2,67de3fa3-d593-49e9-b38c-92ec9a666605,trousers,16-05-2026,10220,4410,3880,TRUE,49,0.3796,5810,558,1,0.9474,officewear,metallics,all_season,0.45,good,0.67,facebook_marketplace
0e7bb4e7-910d-45c5-8b74-ac0d96be5de4,afa065e1-2911-4acf-b039-dc8e6b1e7106,kurta,11-08-2025,7060,2260,1960,TRUE,64,0.2776,2922,97,3,0.1622,fusion,darks,all_season,0.8,good,0.69,facebook_marketplace
c9487ed3-3648-4d48-86c2-8cc8d7ddf9ad,5060e557-cf05-4cb6-8652-91f4b30833ee,lehenga,21-12-2025,9470,9470,9100,TRUE,70,0.9609,2822,443,12,0.742,bridal,metallics,festive,0.9775,like_new,0.83,facebook_marketplace
4b35948a-c2b6-4d5c-b312-195303bb1b32,51ecfca9-27f7-4368-b0f5-d3283765dfb1,sweater,16-09-2025,11165,7740,,FALSE,,,153,44,1,0.0737,casual,prints,winter,0.42,good,0.59,facebook_marketplace
e5bef05c-166c-43b0-9ae6-a204c9d3241c,,dupatta,27-04-2026,6070,5680,,FALSE,,,154,39,1,0.0651,"ethnic,bridal",prints,festive,0.92,like_new,,facebook_marketplace
2bc6dc9b-647c-4134-9c4c-dd3af544e317,,lehenga,25-06-2025,9470,9470,8350,TRUE,95,0.8817,1965,31,5,0.0519,bridal,neutrals,festive,0.9775,like_new,,facebook_marketplace
70638249-fc56-4c82-8dd9-24a9e16f4f41,,lehenga,17-01-2026,9470,9470,,FALSE,,,79,26,2,0.0436,bridal,pastels,festive,0.9775,good,,facebook_marketplace
6848c794-9ba8-4a67-999d-7e54460c6891,,lehenga,07-03-2026,9470,9470,,FALSE,,,225,35,0,0.0586,bridal,prints,festive,0.9775,good,,facebook_marketplace
02c51f4e-7e53-4a50-b647-97db7d46ec7e,6699c3b8-481a-4702-be07-1dadae26c4da,saree,26-03-2026,3420,2560,,FALSE,,,452,6,0,0.01,ethnic,darks,festive,0.8625,like_new,0.81,facebook_marketplace
2b846bc2-1701-4fd7-bf45-2eedadf08a49,d6e74201-6b69-42fe-9edc-b989363d727c,shirt,11-03-2026,2670,2580,2200,TRUE,80,0.824,3343,593,10,0.9966,casual,brights,all_season,0.4,fair,0.43,facebook_marketplace
34e177d9-fed5-42ff-949e-1ac7afe2d084,5f39d18d-737b-4c64-87de-8ad751cf781e,kurta,03-02-2026,7060,4330,,FALSE,,,265,39,0,0.0652,fusion,prints,all_season,0.8,like_new,0.77,facebook_marketplace
38d7a0c5-82d4-4ad9-9681-913df4b9fe8b,a7ee0f82-bbde-4bf6-8393-c50a791789be,formal_shirt,27-01-2026,5820,5120,4690,TRUE,21,0.8058,4747,203,6,0.3476,formal,pastels,all_season,0.45,new_with_tags,0.98,facebook_marketplace
5c2886da-aed8-4b42-bec1-622ed3deb1aa,,jacket,13-11-2025,8050,6630,5820,TRUE,10,0.723,5174,538,8,0.8967,casual,metallics,winter,0.42,good,,facebook_marketplace
4ffcbeb8-e06d-4726-a7b0-da0a8108dfa6,dac3f7a9-7d65-4e78-982a-080c3defe694,saree,16-07-2025,10350,4200,3810,TRUE,94,0.3681,6405,511,10,0.8517,ethnic,neutrals,festive,0.8625,good,0.63,facebook_marketplace
550213d7-c71a-4993-a315-59805b54d06d,728567ce-d571-42f0-8e02-940f551a38d1,jeans,11-05-2026,2480,1340,,FALSE,,,495,13,2,0.0217,casual,darks,all_season,0.4,fair,0.52,facebook_marketplace
4daf3358-6270-4160-a372-fc5e23c32ea2,6201dca4-1642-4771-82bc-8ccd19d92a04,jacket,15-03-2026,8050,7300,,FALSE,,,203,37,1,0.0617,casual,metallics,winter,0.42,like_new,0.89,facebook_marketplace
1eb3d9be-d5e8-4fc8-8992-0f2f788b3504,,shorts,19-10-2025,2550,1820,,FALSE,,,366,15,0,0.025,casual,brights,summer,0.38,new_with_tags,,facebook_marketplace
aea3e922-ffeb-4587-b99e-a41162d4fbe4,,shirt,20-02-2026,2670,2160,,FALSE,,,387,18,3,0.0303,casual,brights,all_season,0.4,like_new,,facebook_marketplace
454175b3-e5b5-4105-ae24-9984dd36c6d6,,lehenga,18-07-2025,100380,26000,,FALSE,,,403,28,2,0.0469,"ethnic,bridal",prints,festive,0.92,poor,,facebook_marketplace
73459c33-53b0-4734-a9cc-8514322275a6,710a1439-3583-4a57-860c-32fbea92bd4f,lehenga,31-01-2026,9470,9470,,FALSE,,,242,3,1,0.005,bridal,pastels,festive,0.9775,good,0.71,facebook_marketplace
4a5b4d47-0849-4950-993f-98e494160b61,ab17cff6-22eb-47c6-af78-2b0e59d725e3,lehenga,23-02-2026,2540,1600,,FALSE,,,398,1,0,0.0017,"ethnic,bridal",pastels,festive,0.92,like_new,0.77,facebook_marketplace
13babdea-6b32-4c0f-b90f-a4c27fcda47a,,tshirt,21-01-2026,2520,1950,,FALSE,,,80,34,2,0.0568,casual,brights,all_season,0.4,new_with_tags,,facebook_marketplace
33f9b8dc-c848-4866-bf1d-cbd5e4c66deb,1def22c4-9aba-486b-854b-207895462733,kurta,29-12-2025,6430,2250,2070,TRUE,115,0.3219,2879,379,15,0.6338,fusion,metallics,festive,0.92,fair,0.35,facebook_marketplace
69227536-b53b-4ac8-bcf0-5218769c74cc,,jacket,08-05-2026,9060,5030,,FALSE,,,96,39,3,0.065,casual,prints,winter,0.42,good,,facebook_marketplace
6b35ae76-8293-4c3f-ad6e-65706be9d875,3ffa3da5-7f20-467a-addc-df42e9c4072a,blouse,31-10-2025,7880,3950,3470,TRUE,91,0.4404,5041,109,2,0.1826,"ethnic,bridal",prints,festive,0.92,poor,0.31,facebook_marketplace
bb995f53-44d6-4d92-8925-115a6edf5fa2,,lehenga,21-06-2025,9470,4910,,FALSE,,,36,16,1,0.0268,"ethnic,bridal",metallics,festive,0.92,like_new,,facebook_marketplace
b45280d3-8427-43f2-9539-9fcb7abe589d,,saree,24-11-2025,14100,3760,3680,TRUE,93,0.261,6595,515,13,0.8583,"ethnic,bridal",brights,festive,0.92,new_with_tags,,facebook_marketplace
c2ee7707-8251-49ad-8d81-533ce5d4a6e0,97f2b7a3-1e21-47aa-ae5f-3db85856a380,shirt,17-12-2025,2340,1170,1100,TRUE,108,0.4701,297,56,5,0.0941,officewear,darks,all_season,0.45,good,0.67,facebook_marketplace
1cb5e32d-f9f7-43b5-8e4d-723c60e14ae9,,kurta,07-11-2025,7060,3780,,FALSE,,,294,23,2,0.0385,fusion,neutrals,all_season,0.8,new_with_tags,,facebook_marketplace
50b2363e-8ba4-4ca0-9c2d-67822c7d84cf,,anarkali,14-06-2025,5545,5230,4690,TRUE,9,0.8458,640,576,11,0.9914,ethnic,prints,festive,0.8625,like_new,,facebook_marketplace
b9319679-f14c-4c3a-8956-e06b527897fa,,other,17-01-2026,3160,1410,,FALSE,,,276,31,2,0.0518,casual,neutrals,all_season,0.4,new_with_tags,,facebook_marketplace
93956ece-3d84-4060-b747-e6934406375e,bc893aa7-9aae-4123-ad84-8486470e4240,shorts,01-12-2025,2690,1990,,FALSE,,,208,7,2,0.0117,casual,darks,summer,0.38,good,0.6,facebook_marketplace
0cce98f7-c9d6-495d-9b9a-3ad0097fd289,f5690e70-e4c7-4d60-8d49-4b2062327627,saree,31-10-2025,14100,14100,,FALSE,,,357,6,3,0.01,ethnic,neutrals,festive,0.8625,like_new,0.79,facebook_marketplace
4f88138c-c726-45e6-8d23-d23eca0f0a54,,jacket,27-03-2026,8050,6790,,FALSE,,,238,28,0,0.0467,casual,metallics,winter,0.42,like_new,,facebook_marketplace
7e457d49-814c-4886-b047-7946d777f7f5,,jacket,28-12-2025,8050,4980,,FALSE,,,149,30,0,0.05,streetwear,neutrals,all_season,0.65,like_new,,facebook_marketplace
94644664-48be-4a3e-b84a-fbd679824268,,jeans,17-07-2025,2480,450,420,TRUE,36,0.1694,1833,197,6,0.3294,streetwear,pastels,all_season,0.65,poor,,facebook_marketplace
ee525cdd-ace9-4231-bb61-59a26312a5df,4e4af7b4-29aa-49a4-a9d0-95f5ae0f2fe2,jeans,04-05-2026,2410,1380,,FALSE,,,63,21,1,0.0351,minimal,pastels,all_season,0.55,like_new,0.84,facebook_marketplace
87c5e0dc-3751-4bbe-80a8-ef4177e12909,,formal_shirt,09-08-2025,1720,820,,FALSE,,,453,44,2,0.0753,"officewear,formal",brights,all_season,0.45,good,,facebook_marketplace
e107e9a0-68db-4604-b257-bdf7f510e99b,d48faca1-5d30-4fe1-8bd4-4391420360c8,lehenga,18-10-2025,9470,4700,4200,TRUE,94,0.4435,6425,168,10,0.2814,ethnic,metallics,festive,0.8625,new_with_tags,0.95,facebook_marketplace
8529491a-4f3e-4d6e-b2f0-eb0a952bbab0,d61e727f-e1e5-4e0c-9272-a9863a5c9658,sweater,13-12-2025,11165,3570,,FALSE,,,264,6,2,0.0101,casual,pastels,winter,0.42,good,0.74,facebook_marketplace
c9a2efdf-7953-4f06-8dc6-319fda6d01f7,3abb3c07-cf17-4983-a46e-43aac5424124,anarkali,03-12-2025,28210,5940,,FALSE,,,386,17,2,0.0293,"ethnic,bridal",prints,festive,0.92,poor,0.23,facebook_marketplace
9c785f30-aede-4df0-8dcb-114ab5081f62,,tshirt,04-01-2026,2520,2340,,FALSE,,,459,8,1,0.0134,casual,pastels,all_season,0.4,fair,,facebook_marketplace
81d59f07-391e-4183-b60b-aefe57278aec,,jacket,06-05-2026,7380,6430,,FALSE,,,247,9,2,0.015,casual,metallics,winter,0.42,new_with_tags,,facebook_marketplace
9f9d2eb6-f3c3-414b-9e9e-bc851c126a48,,saree,01-04-2026,14100,4240,4080,TRUE,76,0.2894,5000,376,3,0.6267,"ethnic,bridal",darks,festive,0.92,like_new,,facebook_marketplace
4fd8d45a-530d-4d7c-bba9-10a0001c18f5,17884b7b-bea4-4f52-9f66-d19de0c3a4f6,tshirt,21-08-2025,1690,1410,1280,TRUE,95,0.7574,6931,217,2,0.3623,"athleisure,casual",pastels,all_season,0.55,new_with_tags,0.92,facebook_marketplace
89cebb19-8297-4415-b13f-677353641a53,dc9428e4-538c-451a-b69a-303fb28eca32,other,20-08-2025,14350,2290,,FALSE,,,473,16,1,0.0267,casual,prints,all_season,0.4,poor,0.19,facebook_marketplace
0235ca85-da63-4dfc-9e14-3b1e36d669c4,56199a25-91e1-4875-a8bc-9936739ec5b2,formal_shirt,12-02-2026,5820,5090,,FALSE,,,469,39,2,0.0668,formal,brights,all_season,0.45,new_with_tags,0.95,facebook_marketplace
abce4971-b5bc-4837-88c5-3c5f2e0c8e47,29ed8fc3-37c8-4eb6-8cd6-a0addcb5151e,saree,28-12-2025,14100,14100,,FALSE,,,453,35,0,0.0583,bridal,neutrals,festive,0.9775,good,0.67,facebook_marketplace
4956bf70-2fee-4c8c-9efb-18c2ad592be7,,jacket,01-03-2026,8050,3190,,FALSE,,,119,18,3,0.03,casual,neutrals,winter,0.42,like_new,,facebook_marketplace
c93c9bf2-3470-443e-80e6-b0e196b35757,,kurta,25-02-2026,7060,5910,5470,TRUE,120,0.7748,2507,598,5,1,casual,metallics,all_season,0.4,new_with_tags,,facebook_marketplace
5040f89b-a1b3-443e-a9ff-d625ae1bdab9,67541310-0c6a-408f-a195-37e30034cfa7,kurta,07-11-2025,7060,2180,,FALSE,,,24,11,2,0.0184,"ethnic,bridal",brights,festive,0.92,new_with_tags,0.99,facebook_marketplace
6101ba55-c7e9-43b9-9165-f9ee04839527,5ac967a6-d4e6-44a6-9f95-ca2789eb073f,shirt,22-02-2026,5730,1460,1330,TRUE,32,0.2321,3349,514,6,0.8639,streetwear,prints,all_season,0.65,fair,0.42,facebook_marketplace
fe1734a2-90f0-429f-8580-4b01f34d764d,7406889d-79b6-4a96-9039-488c76b9d7f0,skirt,07-02-2026,3790,1660,1510,TRUE,3,0.3984,1358,462,12,0.77,boho,prints,all_season,0.5,fair,0.39,facebook_marketplace
f6f82cbf-dde6-4c9a-ba72-59d1d7a39ac1,e7ac77f7-b916-4c94-87bb-5ec964c56f4b,formal_shirt,22-08-2025,5820,4240,3980,TRUE,18,0.6838,6113,98,1,0.1678,formal,metallics,all_season,0.45,new_with_tags,0.95,facebook_marketplace
aa57e92e-626e-4e70-b6a6-72b62bc3fd13,,kurta,24-04-2026,7060,4300,,FALSE,,,303,26,0,0.0435,fusion,pastels,festive,0.92,good,,facebook_marketplace
0861ad63-b97c-4859-918e-18ebfb7f59e0,,other,25-05-2026,1270,940,,FALSE,,,81,44,1,0.0735,casual,prints,all_season,0.4,like_new,,facebook_marketplace
bc80c0f0-e522-4c36-bb60-744629375073,16422e89-a1cc-4073-bdb3-5301ebbed044,trousers,29-11-2025,5970,3120,2750,TRUE,77,0.4606,7164,586,5,0.9949,officewear,darks,all_season,0.45,new_with_tags,0.98,facebook_marketplace
e4999e8e-f6cb-4579-9896-379866fbb365,,dupatta,19-02-2026,4000,2180,1870,TRUE,104,0.4675,7501,356,10,0.5943,"ethnic,bridal",darks,festive,0.92,like_new,,facebook_marketplace
363dbb88-a8fd-44e6-9f95-01a512c78538,,activewear,26-05-2026,7740,1950,1840,TRUE,47,0.2377,2409,282,15,0.4732,athleisure,metallics,all_season,0.7,poor,,facebook_marketplace
ef5394af-63fd-4849-a195-46ad8a225cc6,1e54f0d0-488f-471c-8b4c-fea10ed2dd3b,formal_shirt,03-10-2025,5820,3630,,FALSE,,,115,44,1,0.0753,"officewear,formal",metallics,all_season,0.45,new_with_tags,0.99,facebook_marketplace
96c59570-2358-4c5c-b231-3cb8c4379de5,8797ac89-4e1b-4613-acd8-a42b1c2007ef,blazer,07-10-2025,5765,1460,,FALSE,,,197,13,3,0.022,officewear,metallics,all_season,0.45,fair,0.39,facebook_marketplace
4e1ed599-f77f-4c84-bd33-990eb3834d2b,9cfdc10a-6b90-4a87-a725-51637a9499a5,shorts,25-03-2026,2080,1590,1590,TRUE,55,0.7644,7304,598,11,0.9967,casual,metallics,summer,0.38,new_with_tags,0.95,facebook_marketplace
cb1daa6c-c496-43f7-9e21-017c458cc3bc,9c9566c1-7f75-4f8e-ab4e-5fc82372527c,saree,07-07-2025,14100,5800,,FALSE,,,178,26,1,0.0433,ethnic,pastels,festive,0.8625,new_with_tags,0.9,facebook_marketplace
2a84068c-537d-45c4-98a5-bd36ef444eb4,,blazer,26-07-2025,5765,860,850,TRUE,41,0.1474,6928,574,1,0.9696,officewear,brights,all_season,0.45,poor,,facebook_marketplace
e8c4a43b-27bc-4ef2-948d-12b5d4172307,,blazer,30-03-2026,2060,1120,960,TRUE,29,0.466,2029,103,14,0.174,officewear,pastels,all_season,0.45,like_new,,facebook_marketplace
9e890c72-098d-4d4c-b13e-c685a90ed782,,activewear,23-11-2025,4900,2640,,FALSE,,,345,13,3,0.0218,athleisure,brights,all_season,0.7,fair,,facebook_marketplace
1c0dcec4-ff74-4160-a669-dbb3619e7fb5,44434783-ff1b-419b-b513-423c6e52168a,activewear,07-07-2025,4900,1900,,FALSE,,,274,6,0,0.0101,casual,prints,all_season,0.4,new_with_tags,0.96,facebook_marketplace
cd83149f-aa2b-402f-be27-e2e1b856a9b3,24d9e1c5-c69a-412a-9327-e9a1ef7e2403,jeans,16-12-2025,2480,360,,FALSE,,,210,1,1,0.0017,minimal,pastels,all_season,0.55,poor,0.26,facebook_marketplace
3ec87e88-148b-4092-812d-6c2a84daa129,,trousers,23-12-2025,5910,4200,4000,TRUE,66,0.6768,7811,566,11,0.961,casual,prints,all_season,0.4,like_new,,facebook_marketplace
7ce109a7-34bf-4e6f-ac0e-c6ec9f9bc9ab,7d687963-a556-4274-8b74-be733043e293,skirt,12-05-2026,970,870,,FALSE,,,165,14,2,0.0233,casual,metallics,all_season,0.4,new_with_tags,0.97,facebook_marketplace
2d1d870b-af46-4fc2-a9f4-9e56dc1dec1f,,saree,02-04-2026,14100,14100,,FALSE,,,399,23,2,0.0383,bridal,pastels,festive,0.9775,new_with_tags,,facebook_marketplace
052375aa-9e40-4881-90ea-b92dfc68d264,,kurta,20-02-2026,13160,5640,4830,TRUE,2,0.367,5476,579,9,0.9682,ethnic,neutrals,all_season,0.75,fair,,facebook_marketplace
17d06e72-6472-4b39-bd8b-d320d15ceeb4,,shorts,14-05-2026,2690,2650,,FALSE,,,437,28,1,0.0467,casual,brights,summer,0.38,like_new,,facebook_marketplace
d7b5a1b2-a980-43ed-a00a-def267d3cb45,,blouse,29-12-2025,3090,2340,,FALSE,,,282,13,1,0.0218,"ethnic,bridal",metallics,festive,0.92,new_with_tags,,facebook_marketplace
3380fd66-cdb2-4c6e-8135-ba47d413303a,,activewear,15-06-2025,4900,640,620,TRUE,48,0.1265,1151,113,14,0.1896,athleisure,pastels,all_season,0.7,like_new,,facebook_marketplace
741b5495-a640-4e8a-8e31-fdef4fa9d8d9,9ff7af29-df76-4179-824e-fcb7b6f08b34,formal_shirt,05-08-2025,3290,1870,1730,TRUE,53,0.5258,7927,351,5,0.601,formal,darks,all_season,0.45,good,0.55,facebook_marketplace
d252e407-f449-47e7-b1f1-6266898e4035,,shirt,10-09-2025,2670,1820,1680,TRUE,66,0.6292,3217,18,12,0.0303,minimal,brights,all_season,0.55,like_new,,facebook_marketplace
bbca379a-cf3f-4966-bbdf-600de4d24886,,jacket,21-05-2026,8050,3300,,FALSE,,,400,43,2,0.0717,casual,neutrals,winter,0.42,new_with_tags,,facebook_marketplace
7d003c83-9f05-4267-8527-e8d8ca8d76b2,4e35c512-6d3c-4877-b190-d4ab8511b6d7,blazer,13-05-2026,5765,2030,1740,TRUE,43,0.3018,3017,113,13,0.1909,officewear,neutrals,all_season,0.45,new_with_tags,0.95,facebook_marketplace
b044c4e1-f28f-4534-89ba-4f6116f0e0a4,6a7e97a7-243d-431b-983f-3caa3c49d529,other,11-12-2025,1930,1200,,FALSE,,,340,2,3,0.0033,casual,brights,all_season,0.4,like_new,0.89,facebook_marketplace
9a11f5cf-e44a-419f-8e8d-2a92e1e4c4b7,5e6d8934-210d-4c53-9030-26dd54bf5f50,other,06-08-2025,3490,1050,950,TRUE,53,0.2722,7923,260,1,0.4341,casual,darks,all_season,0.4,fair,0.51,facebook_marketplace
6818c190-ade7-4538-90e8-caa05d38186b,,tshirt,20-06-2025,2520,360,310,TRUE,7,0.123,2991,535,3,0.8932,athleisure,pastels,all_season,0.7,good,,facebook_marketplace
ca6a4337-c005-40e7-8d0d-853ae84f35ab,90752f79-c867-4b49-915e-4d1e3fb3fdff,dupatta,20-08-2025,6070,3190,3070,TRUE,39,0.5058,2973,379,11,0.6327,ethnic,neutrals,festive,0.8625,good,0.73,facebook_marketplace
634c5796-1b87-482d-b8fd-85839c136d5b,96372f64-62c1-44a3-9689-5103bd8403cd,dress,10-10-2025,17060,5500,5020,TRUE,56,0.2943,3492,304,3,0.5537,casual,brights,all_season,0.4,fair,0.41,facebook_marketplace
8d4392ab-a265-45c0-b264-0bd6edde35af,,blouse,17-01-2026,7880,6450,5530,TRUE,3,0.7018,511,324,13,0.5427,ethnic,pastels,festive,0.8625,good,,facebook_marketplace
111368ea-edf7-4b19-a717-2a76216cd924,,saree,20-04-2026,14100,1090,,FALSE,,,296,0,0,0,"ethnic,bridal",metallics,festive,0.92,like_new,,facebook_marketplace
a88e1288-fd2e-4744-af27-ac85f3405fbf,,coat,05-12-2025,23490,5030,4500,TRUE,112,0.1916,313,101,7,0.1769,casual,darks,winter,0.42,poor,,facebook_marketplace
f6215c46-2a77-43a4-ad77-5eb914585c54,,anarkali,09-06-2025,5545,3430,,FALSE,,,477,20,2,0.0344,fusion,prints,festive,0.92,fair,,facebook_marketplace
d636e71d-7c82-4c6a-8041-7c450616c28d,,trousers,09-06-2025,5970,5140,,FALSE,,,470,42,3,0.0713,formal,pastels,all_season,0.45,like_new,,facebook_marketplace
3fa33651-f1c2-41e2-add5-99200d54d877,,shirt,06-03-2026,2670,2580,2330,TRUE,52,0.8727,6479,323,7,0.5429,officewear,brights,all_season,0.45,like_new,,facebook_marketplace
7a70965e-58f2-4219-b6cf-fab5600f8549,7fe158c0-cd62-4d92-9273-6a7a04f3fd6f,jacket,08-03-2026,8050,8050,,FALSE,,,497,3,3,0.005,casual,darks,winter,0.42,fair,0.52,facebook_marketplace
030fc83a-3bd1-46ee-915d-22689b5f5245,,kurta,27-10-2025,7060,3460,,FALSE,,,351,9,0,0.0151,fusion,neutrals,all_season,0.8,like_new,,facebook_marketplace
fa195b2b-3e27-46ba-b069-39eb0b75be8c,,saree,31-12-2025,44820,36500,,FALSE,,,362,30,3,0.05,bridal,pastels,festive,0.9775,new_with_tags,,facebook_marketplace
e6e0769b-65f2-4bf3-9fa5-15fd5a8fc857,e9f0f124-35ec-437b-b780-6844f0dadaf5,saree,22-10-2025,7970,4260,4100,TRUE,32,0.5144,5761,530,10,0.8833,"ethnic,bridal",darks,festive,0.92,good,0.65,facebook_marketplace
a03624aa-c22f-4236-974a-3ead400c9acb,,sweater,11-10-2025,11165,4180,,FALSE,,,386,12,1,0.0201,casual,neutrals,winter,0.42,like_new,,facebook_marketplace
486e65eb-ec50-49c3-aba1-9a565ab63f39,,tshirt,07-12-2025,2520,1910,1850,TRUE,51,0.7341,2589,109,13,0.182,minimal,darks,all_season,0.55,new_with_tags,,facebook_marketplace
b49a9b65-3bf8-4413-bd3e-16c8d2a2387f,814d4480-e38f-4df3-a586-609186d40f43,tshirt,07-10-2025,2520,1870,,FALSE,,,364,38,1,0.0634,casual,pastels,all_season,0.4,new_with_tags,0.96,facebook_marketplace
7c236dae-ee44-4c9b-8702-e0fe118f3bf2,,jacket,20-12-2025,8050,4720,,FALSE,,,101,32,2,0.0533,casual,prints,winter,0.42,like_new,,facebook_marketplace
6cd8d987-d271-4a5c-91a5-6a3b66f8bd1b,ec11de0c-c94a-4962-8997-3af63b908feb,lehenga,06-03-2026,9470,9470,8110,TRUE,77,0.8564,3112,118,14,0.1977,bridal,pastels,festive,0.9775,like_new,0.88,facebook_marketplace
bcbf2fe3-2417-4afa-bbb1-73d15e3f450f,cc223b8a-99fc-458a-987e-b4606a919310,kurta,19-01-2026,7060,3460,3440,TRUE,88,0.4873,5188,132,14,0.2207,fusion,prints,all_season,0.8,good,0.64,facebook_marketplace
c0876d78-abec-49a1-b160-53c043789caf,,sweater,05-04-2026,16270,8200,,FALSE,,,54,5,3,0.0084,casual,metallics,winter,0.42,like_new,,facebook_marketplace
4e767417-4763-497d-992d-370c6718803e,,jacket,01-08-2025,7880,3280,3180,TRUE,104,0.4036,3357,337,3,0.5617,casual,prints,winter,0.42,good,,facebook_marketplace
ab516467-1822-4bbe-8d6d-83bcd7db6ab4,,blazer,20-01-2026,5765,4700,,FALSE,,,224,21,0,0.0355,formal,prints,all_season,0.45,good,,facebook_marketplace
9c1ac72f-b30c-4eea-817c-e939e9a1a379,,tshirt,15-03-2026,2520,470,420,TRUE,14,0.1667,3192,599,2,1,casual,neutrals,all_season,0.4,poor,,facebook_marketplace
327790a9-7b7b-4b8a-949e-defe6b5decfd,95295b9b-acb1-4be2-a5f5-c097baa60b5e,trousers,06-07-2025,5970,2730,,FALSE,,,32,30,0,0.0509,officewear,pastels,all_season,0.45,good,0.64,facebook_marketplace
a949ba6a-4c28-440c-bac5-9ef6acaa595d,,lehenga,18-08-2025,9470,9470,9120,TRUE,108,0.963,5212,461,15,0.7722,bridal,pastels,festive,0.9775,fair,,facebook_marketplace
a53cd57b-e7f5-4624-9a20-363c796fa508,4dce8e91-9e7b-404f-acff-ff5ccc4968bc,tshirt,02-05-2026,2520,2520,,FALSE,,,19,18,3,0.0301,"athleisure,casual",darks,all_season,0.55,like_new,0.77,facebook_marketplace
71af13e9-e625-4014-9acb-e1b812a480ad,,jeans,15-07-2025,2480,1100,,FALSE,,,144,9,2,0.0151,"casual,streetwear",neutrals,all_season,0.525,like_new,,facebook_marketplace
ecdc3b3e-6beb-40c3-acd3-fb62b6a23601,37b7e5a3-c7bd-40c6-abd0-b256dd6fc816,tshirt,14-10-2025,2940,1960,,FALSE,,,296,31,1,0.0518,casual,darks,all_season,0.4,like_new,0.78,facebook_marketplace
a0364896-e23f-454a-86ff-51be58849241,,saree,27-09-2025,5050,3160,,FALSE,,,51,43,0,0.0717,ethnic,brights,festive,0.8625,like_new,,facebook_marketplace
acba62cf-92e5-4a7a-bf26-fee911cb34c2,c46f596e-2b42-4e6c-93db-8d7fae06e592,shorts,21-10-2025,2690,540,,FALSE,,,224,1,1,0.0017,athleisure,neutrals,summer,0.665,good,0.72,facebook_marketplace
9a5a561f-b91d-4a33-b1e0-ab773417e91f,8f9f2994-4b5e-42c2-9e44-1bce7cf5bcb1,skirt,13-06-2025,2985,710,,FALSE,,,241,7,0,0.0117,boho,pastels,all_season,0.5,new_with_tags,0.97,facebook_marketplace
2ac90433-efc0-4687-9514-ba299691488e,2c46c22a-d660-44a7-a880-82ba591eed46,dupatta,07-04-2026,6070,1320,1280,TRUE,112,0.2109,3453,114,12,0.1903,ethnic,brights,festive,0.8625,poor,0.24,facebook_marketplace
a4bc131e-5c92-4286-a4e4-8a0e29a2cba0,,tshirt,20-12-2025,2520,760,,FALSE,,,166,9,0,0.015,casual,pastels,all_season,0.4,like_new,,facebook_marketplace
d5866efa-b66f-4463-a501-60ff57c44b9f,,activewear,19-05-2026,11960,2560,,FALSE,,,180,8,3,0.0134,athleisure,metallics,all_season,0.7,poor,,facebook_marketplace
26c421f4-8798-41a8-aefe-32aa3ab2c14d,,saree,23-10-2025,14180,2650,2360,TRUE,26,0.1664,1046,551,13,0.9183,ethnic,darks,festive,0.8625,poor,,facebook_marketplace
c6f66646-768b-4620-b2d8-4b5928d0e631,,jeans,04-02-2026,2480,2480,,FALSE,,,263,42,0,0.0702,minimal,brights,all_season,0.55,good,,facebook_marketplace
d57fec6e-e4f6-4e7f-bc6f-5a8bddfe7cf0,,jeans,30-08-2025,2480,2390,2370,TRUE,83,0.9556,5336,155,9,0.2592,streetwear,brights,all_season,0.65,fair,,facebook_marketplace
13c23c58-01cc-47e2-8fc4-7fb9e302532a,,kurta,15-07-2025,4730,2130,,FALSE,,,442,12,0,0.0201,fusion,brights,all_season,0.8,good,,facebook_marketplace
f357f450-daa3-411b-94ed-96b23449abce,,blazer,27-10-2025,4380,2290,,FALSE,,,204,42,2,0.0709,officewear,metallics,all_season,0.45,good,,facebook_marketplace
537bab26-e784-4f72-9508-4880692c8977,ac5a65ac-e915-4fbd-be56-d4efcf0fab09,shirt,08-09-2025,2670,760,,FALSE,,,300,11,2,0.0185,"casual,minimal",prints,all_season,0.475,fair,0.54,facebook_marketplace
c4608408-e55f-4bcb-a2ac-153daac035cc,d55e7320-18f4-4ae2-92ea-cb05cabb6601,jacket,29-08-2025,7370,5340,,FALSE,,,376,14,2,0.0233,streetwear,neutrals,all_season,0.65,new_with_tags,0.95,facebook_marketplace
c8819dfc-99cc-41e5-be8f-d98372feba38,029f3185-91fc-4570-999c-411b72201c7f,other,03-02-2026,770,560,,FALSE,,,290,27,2,0.0451,casual,brights,all_season,0.4,like_new,0.8,facebook_marketplace
f5d08592-b991-4d46-bb7c-0ba774c2920c,,formal_shirt,09-11-2025,5820,3310,,FALSE,,,402,19,1,0.0325,formal,darks,all_season,0.45,fair,,facebook_marketplace
5aa6c6da-377b-4ccf-9270-b279ab0c0e6e,89b6983c-1781-4c7b-9d6b-5d953270230b,jacket,21-09-2025,8050,3450,3270,TRUE,33,0.4062,3244,320,14,0.5333,casual,darks,winter,0.42,like_new,0.77,facebook_marketplace
da2428c2-860b-42db-b88a-05bca204e11b,,blazer,23-10-2025,2730,2150,,FALSE,,,437,45,3,0.076,officewear,brights,all_season,0.45,new_with_tags,,facebook_marketplace
c10c90a0-0932-42db-a3b5-830c9bf57aa7,,kurta,19-11-2025,6090,4560,4230,TRUE,4,0.6946,397,66,12,0.1104,fusion,neutrals,all_season,0.8,like_new,,facebook_marketplace
bf8c2fd7-3dc8-4fe1-9ece-8b262edf423d,7e271682-4ce1-4cb5-a22f-5f3035bfd415,shirt,21-06-2025,2670,2470,2180,TRUE,71,0.8165,1961,338,15,0.5681,"casual,minimal",darks,all_season,0.475,good,0.61,facebook_marketplace
2841c134-9648-4327-ac62-b6160d54bf5b,,anarkali,18-05-2026,5545,4600,,FALSE,,,19,24,1,0.0413,bridal,neutrals,festive,0.9775,good,,facebook_marketplace
92b12e26-ac95-4245-b2a7-ad39054ddde4,b31167da-377f-46d4-bc94-1475e7f3afe1,jacket,21-12-2025,8050,4810,,FALSE,,,376,33,2,0.055,casual,prints,winter,0.42,like_new,0.79,facebook_marketplace
61c2ff0b-c5ce-4ab8-b0ad-0355ec5bc005,7d94ca1f-8994-4621-a913-f49fded45fda,jacket,25-09-2025,2040,1240,,FALSE,,,12,16,2,0.0267,casual,pastels,winter,0.42,like_new,0.79,facebook_marketplace
ba746481-dea7-4111-bbfb-b986851b7952,7a4ab4f6-ba04-4ab2-9494-e14ebbb579a5,trousers,15-06-2025,5970,5280,5170,TRUE,23,0.866,1722,234,6,0.3973,formal,brights,all_season,0.45,good,0.58,facebook_marketplace
d1cee22d-5cae-45fc-ab3b-e21ee0aaeaf7,,blouse,23-02-2026,7880,4170,,FALSE,,,328,24,0,0.0402,ethnic,pastels,festive,0.8625,new_with_tags,,facebook_marketplace
41ca681a-43b1-4615-a6d6-227b6125323f,4722ba22-5220-4265-bc53-5460b840b0e9,lehenga,17-02-2026,54480,30600,,FALSE,,,40,28,1,0.0469,bridal,neutrals,festive,0.9775,good,0.72,facebook_marketplace
f9316cf8-3f18-4729-9a95-1e654b153631,,shirt,12-06-2025,1110,630,,FALSE,,,377,15,2,0.0252,casual,darks,all_season,0.4,like_new,,facebook_marketplace
cfbe0ed8-9693-4d3d-b47a-f63b04d67c81,,kurta,30-10-2025,7060,6320,,FALSE,,,244,35,3,0.0585,casual,darks,all_season,0.4,fair,,facebook_marketplace
0aab6fe2-e219-400b-8d49-10787115d0f8,587ae4e7-cccf-4794-867d-b40d7929bace,blazer,13-09-2025,18380,1870,,FALSE,,,451,14,1,0.0236,casual,brights,all_season,0.4,poor,0.16,facebook_marketplace
7814b517-d757-4167-a1db-aae8b30d430e,,shorts,11-02-2026,2690,980,980,TRUE,12,0.3643,4220,441,1,0.735,casual,darks,summer,0.38,new_with_tags,,facebook_marketplace
a82cbda9-0a0d-4eb9-bfed-2f6b13d35b6a,,formal_shirt,21-03-2026,5820,5390,4590,TRUE,40,0.7887,1678,522,4,0.8938,formal,pastels,all_season,0.45,like_new,,facebook_marketplace
7b14c726-dc36-4101-bbdd-21dc1ef5c521,,trousers,02-07-2025,5970,1020,920,TRUE,58,0.1541,6054,329,12,0.5586,casual,prints,all_season,0.4,good,,facebook_marketplace
d69ea4e8-5090-41bc-848e-bc550279aec6,,saree,31-10-2025,14100,14100,12610,TRUE,43,0.8943,5527,481,3,0.8017,bridal,prints,festive,0.9775,like_new,,facebook_marketplace
bbb8684a-8054-47de-9fae-b0ed74486743,7146baad-92a3-4120-8c01-090e4823b2d1,tshirt,28-04-2026,2970,2120,1980,TRUE,8,0.6667,1818,483,6,0.8063,casual,pastels,all_season,0.4,like_new,0.82,facebook_marketplace
05a6e163-0d24-4a3e-9554-1a1b1e903310,,skirt,10-02-2026,2985,2640,,FALSE,,,328,10,2,0.0167,boho,brights,all_season,0.5,good,,facebook_marketplace
89b7f17f-2817-4598-8236-998d0cc60835,64db3041-d3a1-4ac4-9c41-d756f1e54045,dupatta,21-04-2026,6070,2640,,FALSE,,,331,19,3,0.0317,ethnic,darks,festive,0.8625,new_with_tags,0.93,facebook_marketplace
9a3ce60a-e078-41a6-bb95-85260950e786,4cb3a200-d784-4fac-8f60-03a69c31809f,trousers,06-07-2025,5970,2650,,FALSE,,,144,45,1,0.0764,officewear,pastels,all_season,0.45,like_new,0.82,facebook_marketplace
3b8b4980-ae35-4807-aee3-ec37c155b326,ef6f37a4-c0f7-4374-8e6b-6dc1c8f662fd,tshirt,16-04-2026,2520,1350,1180,TRUE,54,0.4683,3621,142,11,0.2371,casual,neutrals,all_season,0.4,like_new,0.79,facebook_marketplace
cd99d91e-f98d-48cd-9d8a-a7026473d217,99426194-9cbd-4170-8d6c-91854bf0384c,dupatta,01-07-2025,6070,3060,2640,TRUE,17,0.4349,1130,17,14,0.0284,"ethnic,bridal",metallics,festive,0.92,like_new,0.88,facebook_marketplace
fe552252-3075-42c8-8b1d-2904785bd545,,dress,15-09-2025,5980,2990,,FALSE,,,22,24,3,0.0437,casual,brights,all_season,0.4,good,,facebook_marketplace
c2a37499-3cb6-4c38-a04d-832992379e91,e6e51525-c910-4fc4-91f8-2bd80429f7c6,tshirt,26-11-2025,2520,2520,,FALSE,,,472,19,3,0.0317,athleisure,metallics,all_season,0.7,fair,0.49,facebook_marketplace
a5d2baae-c8f8-4f1d-82f9-65a49aeb80cd,6da22b7e-2463-440c-9627-5325ac169f81,tshirt,08-10-2025,4170,1450,,FALSE,,,139,7,2,0.0117,athleisure,pastels,all_season,0.7,fair,0.51,facebook_marketplace
055c4d2d-6be0-41c2-9bbb-afe23594a9dd,e1981273-7315-4701-a89b-8348a8c30e27,kurta,30-09-2025,7060,1800,,FALSE,,,334,35,2,0.0585,ethnic,metallics,festive,0.8625,fair,0.5,facebook_marketplace
199780eb-2b2a-4638-b8e6-f91730c83e33,12049a79-b785-49e0-9888-ffc8a5bc557e,saree,11-11-2025,14100,2240,,FALSE,,,450,36,0,0.06,ethnic,brights,festive,0.8625,poor,0.16,facebook_marketplace
55159690-06c7-4177-a8c0-7fd00b301214,,skirt,09-10-2025,2985,580,510,TRUE,62,0.1709,5368,343,6,0.5717,"casual,boho",pastels,all_season,0.45,fair,,facebook_marketplace
a86c7e86-a66b-44ca-9f22-a62022b4af62,,shirt,25-07-2025,2670,1470,1390,TRUE,62,0.5206,4278,422,3,0.7092,streetwear,prints,all_season,0.65,poor,,facebook_marketplace
721c1934-dad7-499f-b587-7d1f95985e73,,trousers,11-03-2026,5970,1950,,FALSE,,,362,15,3,0.0255,officewear,metallics,all_season,0.45,like_new,,facebook_marketplace
4c722d3e-d296-48ed-82b5-e8b87d8466ce,,formal_shirt,20-05-2026,5820,3450,3430,TRUE,93,0.5893,3960,374,2,0.6404,"officewear,formal",prints,all_season,0.45,like_new,,facebook_marketplace
40ad39c1-db7d-4e0b-bb6a-fd5275dd9b2d,1bf1ac5f-7587-4adf-b666-57037077a0a0,other,09-06-2025,3160,800,700,TRUE,36,0.2215,5605,412,7,0.6878,casual,neutrals,all_season,0.4,good,0.71,facebook_marketplace
581f045c-e436-4ef9-a208-3c42797ab39a,acd83632-f1b0-46ed-a2e5-5dc6b0d2390e,other,23-09-2025,3160,1120,1000,TRUE,73,0.3165,2230,354,10,0.591,casual,darks,all_season,0.4,new_with_tags,0.94,facebook_marketplace
f8b8ac5b-830c-4dda-acbb-859a58ab4f38,0d1f2bfa-e8c1-4919-a0fd-8321d7985465,formal_shirt,23-05-2026,5820,1300,,FALSE,,,143,22,2,0.0377,"officewear,formal",neutrals,all_season,0.45,good,0.61,facebook_marketplace
5191f5d6-be46-4cf7-bcf1-a45035191c82,,blouse,15-01-2026,2260,960,890,TRUE,5,0.3938,2758,322,9,0.5394,bridal,darks,festive,0.9775,fair,,facebook_marketplace
4bb95c9f-ad05-47eb-8527-2bee47498dc7,,skirt,26-03-2026,9300,2620,,FALSE,,,367,35,1,0.0583,casual,brights,all_season,0.4,poor,,facebook_marketplace
5a84ad4b-fbcc-4a76-ac0f-90d0df1af03c,cce2e9f5-2092-42fa-9761-6e686ceb2fce,kurta,09-05-2026,7370,2520,2260,TRUE,54,0.3066,5947,470,15,0.786,ethnic,metallics,festive,0.8625,fair,0.5,facebook_marketplace
c8924cdb-410f-48ad-98e9-7e98d277d77a,,lehenga,12-10-2025,43870,37700,37050,TRUE,66,0.8445,6798,230,11,0.3853,bridal,pastels,festive,0.9775,new_with_tags,,facebook_marketplace
5004e6c2-7268-47ef-9b8e-63e43d4c1243,,jeans,07-03-2026,2480,1470,,FALSE,,,316,10,2,0.0167,streetwear,pastels,all_season,0.65,fair,,facebook_marketplace
8c0f41f4-144f-49a1-8902-72bb8982e0d9,89d9f092-28b8-4fae-8b52-5b4cba567b38,jeans,08-10-2025,2480,1490,,FALSE,,,340,17,2,0.0284,casual,neutrals,all_season,0.4,good,0.63,facebook_marketplace
f0b9ecf8-260a-4e55-b0b5-eeb09859ed46,4ceeec09-f51f-429e-bd01-732247cc647c,saree,14-08-2025,12370,5120,,FALSE,,,167,2,0,0.0033,ethnic,neutrals,festive,0.8625,good,0.69,facebook_marketplace
72e4e24a-877a-4656-87fd-a11353af3976,,dupatta,02-07-2025,6070,2050,1910,TRUE,63,0.3147,3420,310,9,0.5175,ethnic,pastels,festive,0.8625,new_with_tags,,facebook_marketplace
4eda443d-87c4-45e2-8c16-dc4b06eb51e0,,kurta,06-06-2025,7060,5010,,FALSE,,,113,22,3,0.0368,"ethnic,bridal",darks,festive,0.92,poor,,facebook_marketplace
fd4c94d4-326d-4d7e-a3b7-9753d12de6fe,32e68cac-0395-4168-a269-ccaa6306d01c,anarkali,08-04-2026,5240,1530,,FALSE,,,111,9,1,0.0155,fusion,brights,festive,0.92,fair,0.54,facebook_marketplace
1bf9fbb4-3463-44f6-be9f-9395ca47120c,4098e683-c330-42e5-a44c-e7684e270916,blouse,17-10-2025,19370,5420,,FALSE,,,281,17,0,0.0285,bridal,darks,festive,0.9775,poor,0.32,facebook_marketplace
1394b22b-1357-4758-baf0-d452fe83d8fe,6fabdec8-6c5a-4840-abbc-8cfe1cdba280,saree,02-01-2026,14020,5860,5510,TRUE,49,0.393,6107,424,10,0.7067,ethnic,prints,festive,0.8625,good,0.74,facebook_marketplace
cbd2c41e-24b6-4e53-bab5-7706180f81f3,3370e3a5-61dc-4a06-8eda-c1fc363eaab9,skirt,05-05-2026,2985,2380,,FALSE,,,268,44,1,0.0733,fusion,brights,all_season,0.8,good,0.61,facebook_marketplace
c5b9ef7e-c382-46fe-a1e5-3fa89ea113cb,,trousers,29-11-2025,5670,2840,,FALSE,,,412,0,2,0,formal,darks,all_season,0.45,like_new,,facebook_marketplace
37b73d11-244c-4246-aa76-57c744ea63fa,bfc76b6e-5617-414c-bd01-6950eae74bab,trousers,10-06-2025,5970,4370,4180,TRUE,119,0.7002,184,584,12,0.9915,officewear,pastels,all_season,0.45,fair,0.4,facebook_marketplace
2b534b83-b814-4389-acfe-c6a1a14d46c8,4f60e20a-5e6d-437e-830b-2b09c1280727,saree,27-05-2026,14100,14100,,FALSE,,,235,3,0,0.005,bridal,metallics,festive,0.9775,like_new,0.89,facebook_marketplace
64dd8f77-434a-41d6-b2c7-eab0381e597a,,jacket,20-06-2025,33080,8360,,FALSE,,,351,9,1,0.015,casual,neutrals,winter,0.42,fair,,facebook_marketplace
dd168839-4658-43e9-94a6-5d871f9dfe62,c9fd011f-7488-42b8-a0e0-9290f8821cab,skirt,06-08-2025,2985,620,590,TRUE,43,0.1977,2712,231,9,0.385,casual,darks,all_season,0.4,fair,0.49,facebook_marketplace
bc73c444-2047-49c8-8108-c85fd9c78ec6,,kurta,11-09-2025,21810,5060,,FALSE,,,220,38,3,0.0635,ethnic,prints,all_season,0.75,poor,,facebook_marketplace
2465deef-bee6-4980-931e-41780d4a7502,,tshirt,12-04-2026,1330,1070,,FALSE,,,137,30,0,0.0501,casual,brights,all_season,0.4,new_with_tags,,facebook_marketplace
e12a8f20-c672-46c5-adc1-8c236b68c660,,anarkali,04-09-2025,4390,3930,,FALSE,,,112,42,1,0.0723,bridal,pastels,festive,0.9775,new_with_tags,,facebook_marketplace
cefdadd8-d402-46e9-a42c-81eeb65a4a8a,,shorts,28-04-2026,4460,1800,,FALSE,,,306,5,0,0.0083,"athleisure,casual",darks,summer,0.5225,good,,facebook_marketplace
4315d4b4-c3fe-4f77-ad68-0b34bd930d8b,,blazer,30-10-2025,5765,2090,,FALSE,,,422,41,1,0.0693,formal,neutrals,all_season,0.45,fair,,facebook_marketplace
73b12eab-afa0-4b2e-9946-338c49e20c5d,38fc2357-0045-4ce0-a085-b5cfd1367548,shorts,14-09-2025,2690,1420,1230,TRUE,60,0.4572,2285,106,2,0.1767,"athleisure,casual",pastels,summer,0.5225,like_new,0.84,facebook_marketplace
5ebc00dd-6e7c-4607-8f42-8a79da7ff11d,66843f31-0a9b-43ca-be3a-9c0c81a11409,shirt,13-11-2025,2670,2670,,FALSE,,,327,28,1,0.0471,"casual,minimal",pastels,all_season,0.475,poor,0.21,facebook_marketplace
6275fbb7-f600-4f00-9412-2d5be720b081,b2235685-5398-40f3-a05d-630585b3c633,tshirt,28-12-2025,500,370,,FALSE,,,181,2,2,0.0033,minimal,darks,all_season,0.55,new_with_tags,0.95,facebook_marketplace
c8ffbe54-2666-4240-b1e8-80d9a7db8e70,3f20a485-f70f-4aa8-b3e8-7db3a0516271,activewear,02-05-2026,4900,3550,,FALSE,,,93,19,2,0.0319,casual,pastels,all_season,0.4,good,0.68,facebook_marketplace
c696699c-f607-42cf-bfb6-e571a1d63866,062d2b2c-1f95-42c2-a6ca-17fb5bad28d9,kurta,26-04-2026,9610,5430,5050,TRUE,70,0.5255,3854,232,7,0.388,ethnic,prints,all_season,0.75,good,0.56,facebook_marketplace
8fa9f62b-e575-4f84-967a-a79744453543,0438ba53-4213-4e61-993f-34feaff86239,other,01-11-2025,3160,2050,,FALSE,,,240,40,0,0.0668,casual,pastels,all_season,0.4,new_with_tags,0.97,facebook_marketplace
445839e3-c1a4-493a-a0ac-c344cd784299,,shorts,16-06-2025,2530,1790,,FALSE,,,456,11,3,0.0183,casual,neutrals,summer,0.38,like_new,,facebook_marketplace
9a09878c-b98d-4281-bd20-dec53ad514c2,,trousers,05-09-2025,1060,840,,FALSE,,,423,29,2,0.0492,formal,metallics,all_season,0.45,new_with_tags,,facebook_marketplace
b4435316-b823-49d4-8f31-6c22efa94012,,other,01-04-2026,1840,1170,,FALSE,,,62,27,1,0.0451,casual,metallics,all_season,0.4,like_new,,facebook_marketplace
da20f5f9-4504-4ada-afc8-25b0dfabd81e,,dupatta,05-09-2025,2550,2230,,FALSE,,,338,9,3,0.015,ethnic,metallics,festive,0.8625,new_with_tags,,facebook_marketplace
84264ca4-4a1d-4042-b8f3-9f43bb437796,,dupatta,13-06-2025,6070,3980,3590,TRUE,8,0.5914,408,70,5,0.1169,ethnic,brights,festive,0.8625,like_new,,facebook_marketplace
0eac99be-3929-4e5a-86ea-6a2fed451d7d,6810f109-cb0c-4cf1-a1a5-e1ff970278d0,kurta,30-08-2025,4760,4190,4070,TRUE,89,0.855,4053,162,12,0.2709,fusion,neutrals,festive,0.92,new_with_tags,0.95,facebook_marketplace
3fd036e4-590c-484a-b265-2025e3389d14,3a7ecf18-107f-4c2c-a645-1d9fdce53c55,other,27-12-2025,1530,850,,FALSE,,,99,10,0,0.0167,casual,brights,all_season,0.4,like_new,0.88,facebook_marketplace
aa5d7775-e31f-480a-87c4-51deb0b5884c,a69f5264-dd9c-421d-9d57-29413e2b9f01,tshirt,05-08-2025,630,560,,FALSE,,,90,1,0,0.0017,streetwear,brights,all_season,0.65,new_with_tags,0.96,facebook_marketplace
18ff3ff2-d8d8-4bbf-a71e-cee33cc8fd7b,,tshirt,19-12-2025,2520,690,,FALSE,,,197,11,2,0.0184,streetwear,darks,all_season,0.65,fair,,facebook_marketplace
cef547e7-e6ad-4c4d-b491-03824ec4cd3a,bd9b2616-81a4-4e11-a953-e8805e1086ea,formal_shirt,24-03-2026,2920,1650,,FALSE,,,12,24,3,0.0411,formal,pastels,all_season,0.45,good,0.7,facebook_marketplace
1ffc299c-d184-4c6d-8b6c-83cb64ba692f,7157dd58-5b9c-4c88-b0bf-0066a8c756c7,dress,04-10-2025,5980,4830,,FALSE,,,58,34,2,0.0619,officewear,brights,all_season,0.45,good,0.74,facebook_marketplace
b7879c6f-4b54-4799-8d93-4939458c2f44,89f46b70-edd5-4f3a-938e-b2b3d437ab6f,lehenga,07-07-2025,9470,9470,,FALSE,,,258,8,2,0.0134,bridal,pastels,festive,0.9775,good,0.63,facebook_marketplace
76ff6569-a245-4ab3-90af-6d536b1fe0fc,af0a5d03-3c63-4e73-ba65-e6812ff134a4,formal_shirt,17-10-2025,3850,1910,1900,TRUE,113,0.4935,328,354,7,0.6062,"officewear,formal",metallics,all_season,0.45,good,0.6,facebook_marketplace
504264b7-5658-4861-9c8a-6cae063e379d,,trousers,04-01-2026,5970,5160,5110,TRUE,110,0.8559,1342,473,11,0.8031,casual,pastels,all_season,0.4,good,,facebook_marketplace
2838d4af-7f7c-431a-8b13-df58827baa28,0deb6a70-3b0e-4342-a370-6beae8a633c4,tshirt,13-07-2025,2300,1320,1300,TRUE,60,0.5652,1469,49,5,0.0818,casual,brights,all_season,0.4,like_new,0.88,facebook_marketplace
252761a7-1728-4fae-99ba-5c0b5032315a,b3de8439-e478-4a59-b672-43b052d3df3e,activewear,17-08-2025,14390,3550,3140,TRUE,60,0.2182,2961,337,12,0.5654,athleisure,prints,all_season,0.7,poor,0.19,facebook_marketplace
fd071827-a12d-4710-808e-f1d8fa6bbaf3,613419a3-f2ef-4fa2-ba80-31d163961b8d,jeans,02-05-2026,1590,800,,FALSE,,,57,17,1,0.0284,casual,metallics,all_season,0.4,good,0.56,facebook_marketplace
4bf6efbf-625e-4e92-9583-0a9d03a5a158,,saree,13-12-2025,14100,14100,,FALSE,,,436,36,2,0.06,ethnic,metallics,festive,0.8625,fair,,facebook_marketplace
1efff4e6-19be-41bf-9a1d-543b3803e460,,formal_shirt,16-06-2025,5820,2440,,FALSE,,,97,27,3,0.0462,formal,pastels,all_season,0.45,fair,,facebook_marketplace
1eb4c40d-6da2-409b-946f-71ff43ea6ed2,,blouse,18-09-2025,7880,4760,,FALSE,,,44,29,2,0.0486,bridal,neutrals,festive,0.9775,good,,facebook_marketplace
daf5db4f-92f9-428b-bab5-79285016573f,,kurta,15-02-2026,7060,4630,4040,TRUE,22,0.5722,7986,203,2,0.3395,ethnic,prints,all_season,0.75,fair,,facebook_marketplace
75f24d62-9a42-4d15-a78e-584ac7d06d58,b29b9cb3-a2e9-45a2-9475-02011fd7c8ef,sweater,24-05-2026,11165,5780,5690,TRUE,43,0.5096,4219,597,9,1,casual,darks,winter,0.42,fair,0.51,facebook_marketplace
b4cde127-b3ef-44b1-b875-8f398bb0b849,ae19cbbe-4967-44ce-bdcd-12f76dbb30ad,tshirt,16-06-2025,2520,1810,1740,TRUE,2,0.6905,6684,437,5,0.7295,streetwear,prints,all_season,0.65,new_with_tags,0.99,facebook_marketplace
9ba8bae9-c4b4-4e8d-b7ae-c459a6ae4af6,,tshirt,21-12-2025,2520,670,,FALSE,,,415,25,1,0.0417,streetwear,prints,all_season,0.65,good,,facebook_marketplace
4cb7c008-a8c0-4738-b678-59b9700e367b,11a56802-34fc-4e52-899d-7e3395f70ad0,tshirt,30-07-2025,2520,830,,FALSE,,,100,44,2,0.0735,casual,prints,all_season,0.4,good,0.58,facebook_marketplace
6b058922-b854-4268-9f07-6d81d2bb0de3,,other,24-06-2025,3160,430,,FALSE,,,470,6,0,0.01,casual,pastels,all_season,0.4,poor,,facebook_marketplace
10c54364-f19b-4211-a96d-3009dba4865e,878e805d-4899-435f-a39c-dfe0720c2c30,jeans,01-08-2025,2480,1990,,FALSE,,,500,21,0,0.0351,streetwear,darks,all_season,0.65,new_with_tags,0.95,facebook_marketplace
0857af85-5679-4fb5-9fb5-1c0f577e57e1,,kurta,25-07-2025,7060,2090,1940,TRUE,19,0.2748,5999,374,5,0.6254,"ethnic,bridal",pastels,festive,0.92,good,,facebook_marketplace
ecb14c7b-f357-4e21-9054-561c7e2230bc,,activewear,20-04-2026,1130,850,,FALSE,,,486,14,0,0.0235,casual,metallics,all_season,0.4,new_with_tags,,facebook_marketplace
5f78e3e9-5895-48ce-b19c-9b594bdb2dec,,tshirt,04-02-2026,2520,870,,FALSE,,,269,22,3,0.0367,casual,darks,all_season,0.4,fair,,facebook_marketplace
e6dd061b-5cb6-4af7-a5bf-05bfa159543f,,trousers,26-09-2025,8870,4400,3840,TRUE,102,0.4329,6447,427,13,0.725,casual,darks,all_season,0.4,good,,facebook_marketplace
ee57d7fe-d3dc-4f07-964d-7bb86ca9bcc2,d1d8ec75-1321-4880-8f06-bf17d753da4d,other,29-07-2025,3160,840,,FALSE,,,495,16,3,0.0267,casual,darks,all_season,0.4,like_new,0.79,facebook_marketplace
756791c9-65d2-4316-bf08-d530e84e84fd,,kurta,04-11-2025,7060,2860,2860,TRUE,69,0.4051,846,201,13,0.3361,ethnic,metallics,all_season,0.75,new_with_tags,,facebook_marketplace
71657e88-ff00-4a6c-8344-b5ac7235edc0,1855d782-e0dd-4308-8770-5c607c8d451b,trousers,27-05-2026,5970,5210,4750,TRUE,87,0.7956,6720,389,13,0.6604,officewear,metallics,all_season,0.45,new_with_tags,1,facebook_marketplace
85abb1d5-814f-4a0a-9d4a-c9cd361d9a11,08b7416c-cbbe-46bd-a595-541eaf138d5a,other,13-06-2025,3160,1750,,FALSE,,,438,32,2,0.0534,casual,pastels,all_season,0.4,new_with_tags,0.91,facebook_marketplace
f5529f0f-d619-4f11-bb53-816a30dd92ee,,tshirt,20-02-2026,2520,1240,,FALSE,,,228,11,2,0.0184,casual,metallics,all_season,0.4,fair,,facebook_marketplace
0a26c8fe-3790-4ddf-9892-2650ecf20b8f,ee133c1b-1a8d-42eb-918b-033292096a1a,kurta,15-06-2025,7060,5230,,FALSE,,,130,43,3,0.0719,ethnic,prints,all_season,0.75,new_with_tags,0.95,facebook_marketplace
40d5ef90-3bf1-4a2a-b312-43cb3e9eeee1,6a218a57-a75b-42fe-9db4-7c3ebc8caddb,dupatta,13-08-2025,6070,3580,,FALSE,,,422,26,2,0.0434,ethnic,darks,festive,0.8625,like_new,0.84,facebook_marketplace
1a47b524-1906-420d-8f4a-ac28ac9eb4dc,895d2c2a-3594-4836-a22c-ed6c36ff25df,jeans,17-07-2025,2480,2480,,FALSE,,,433,4,1,0.0067,"casual,minimal",darks,all_season,0.475,like_new,0.8,facebook_marketplace
88817386-de80-4571-b4a0-dbdd9f1f0414,,saree,11-03-2026,43900,19600,,FALSE,,,49,17,1,0.0283,bridal,pastels,festive,0.9775,good,,facebook_marketplace
d5ebf75a-982d-40f5-9ef1-d6bb2898089d,8534b7b4-fa39-4a32-ae43-cf2226fbe6e4,shorts,01-10-2025,2690,2460,2100,TRUE,76,0.7807,5727,291,6,0.485,casual,neutrals,summer,0.38,like_new,0.8,facebook_marketplace
0594f09b-1035-4efa-b150-29ce41515fe3,,lehenga,05-03-2026,9470,9470,8100,TRUE,83,0.8553,7086,201,13,0.3367,bridal,prints,festive,0.9775,new_with_tags,,facebook_marketplace
ad9c05d6-4726-4305-b73a-ee2c4a111334,fdc8d6c6-35e2-4f17-a5a7-c2b23c949f72,kurta,17-06-2025,2610,1410,,FALSE,,,272,22,2,0.0368,fusion,metallics,all_season,0.8,like_new,0.87,facebook_marketplace
31dd335c-ce1c-4744-8155-613df4dc487c,77c9625c-3a43-45a6-ba59-ff608d1fd6e6,dress,13-06-2025,5980,1980,,FALSE,,,115,14,1,0.0255,casual,pastels,all_season,0.4,new_with_tags,0.96,facebook_marketplace
ce405ae5-5a83-49db-963b-688e4c646ac9,,shorts,18-08-2025,2870,800,,FALSE,,,133,21,0,0.035,casual,neutrals,summer,0.38,fair,,facebook_marketplace
